original_id,new_name,words_used,status,txt_path,img_path
0bdf8da3d089_1100,dev ral,2,renamed,/home/kamleshpatil/Desktop/Notes - PR and ontata/notes_app/output/Batch - 3 - Final - Contact notes/0bdf8da3d089/notes/1100_en_US_notes_contacts___PART032_1.txt,/home/kamleshpatil/Desktop/Notes - PR and ontata/notes_app/output/Batch - 3 - Final - Contact notes/0bdf8da3d089/screenshots/1100 dev Ral Estate Agent 646 713 4516.jpg
0bdf8da3d089_1101,esteban ortega,2,renamed,/home/kamleshpatil/Desktop/Notes - PR and ontata/notes_app/output/Batch - 3 - Final - Contact notes/0bdf8da3d089/notes/1101_en_US_notes_contacts___PART032_2.txt,/home/kamleshpatil/Desktop/Notes - PR and ontata/notes_app/output/Batch - 3 - Final - Contact notes/0bdf8da3d089/screenshots/1101 esteban Ortega.jpg
0bdf8da3d089_1102,finn ross,2,renamed,/home/kamleshpatil/Desktop/Notes - PR and ontata/notes_app/output/Batch - 3 - Final - Contact notes/0bdf8da3d089/notes/1102_en_US_notes_contacts___PART032_3.txt,/home/kamleshpatil/Desktop/Notes - PR and ontata/notes_app/output/Batch - 3 - Final - Contact notes/0bdf8da3d089/screenshots/1102 finn Ross.jpg
0bdf8da3d089_1103,zhuri white,2,renamed,/home/kamleshpatil/Desktop/Notes - PR and ontata/notes_app/output/Batch - 3 - Final - Contact notes/0bdf8da3d089/notes/1103_en_US_notes_contacts___PART032_4.txt,/home/kamleshpatil/Desktop/Notes - PR and ontata/notes_app/output/Batch - 3 - Final - Contact notes/0bdf8da3d089/screenshots/1103 zhuri White Hairdresser 6027417267.jpg
0bdf8da3d089_1104,jonah reyes,2,renamed,/home/kamleshpatil/Desktop/Notes - PR and ontata/notes_app/output/Batch - 3 - Final - Contact notes/0bdf8da3d089/notes/1104_en_US_notes_contacts___PART032_5.txt,/home/kamleshpatil/Desktop/Notes - PR and ontata/notes_app/output/Batch - 3 - Final - Contact notes/0bdf8da3d089/screenshots/1104 jonah Reyes - ask about parent-teacher c.jpg
0bdf8da3d089_1105,kathleen daton,2,renamed,/home/kamleshpatil/Desktop/Notes - PR and ontata/notes_app/output/Batch - 3 - Final - Contact notes/0bdf8da3d089/notes/1105_en_US_notes_contacts___PART032_6.txt,/home/kamleshpatil/Desktop/Notes - PR and ontata/notes_app/output/Batch - 3 - Final - Contact notes/0bdf8da3d089/screenshots/1105 kathleen Daton.jpg
0bdf8da3d089_1106,deshawn office,2,renamed,/home/kamleshpatil/Desktop/Notes - PR and ontata/notes_app/output/Batch - 3 - Final - Contact notes/0bdf8da3d089/notes/1106_en_US_notes_contacts___PART032_7.txt,/home/kamleshpatil/Desktop/Notes - PR and ontata/notes_app/output/Batch - 3 - Final - Contact notes/0bdf8da3d089/screenshots/1106 deShawn - office supply order.jpg
0bdf8da3d089_1107,gareth marshall,2,renamed,/home/kamleshpatil/Desktop/Notes - PR and ontata/notes_app/output/Batch - 3 - Final - Contact notes/0bdf8da3d089/notes/1107_en_US_notes_contacts___PART032_8.txt,/home/kamleshpatil/Desktop/Notes - PR and ontata/notes_app/output/Batch - 3 - Final - Contact notes/0bdf8da3d089/screenshots/1107 Gareth Marshall Web Developer 801-273-72.jpg
0bdf8da3d089_1108,lex price,2,renamed,/home/kamleshpatil/Desktop/Notes - PR and ontata/notes_app/output/Batch - 3 - Final - Contact notes/0bdf8da3d089/notes/1108_en_US_notes_contacts___PART032_9.txt,/home/kamleshpatil/Desktop/Notes - PR and ontata/notes_app/output/Batch - 3 - Final - Contact notes/0bdf8da3d089/screenshots/1108 lex Price.jpg
0bdf8da3d089_1109,paid manuel,2,renamed,/home/kamleshpatil/Desktop/Notes - PR and ontata/notes_app/output/Batch - 3 - Final - Contact notes/0bdf8da3d089/notes/1109_en_US_notes_contacts___PART032_10.txt,/home/kamleshpatil/Desktop/Notes - PR and ontata/notes_app/output/Batch - 3 - Final - Contact notes/0bdf8da3d089/screenshots/1109 paid Manuel Library Contact from Lakewoo.jpg
0bdf8da3d089_1110,lysander rmirez,2,renamed,/home/kamleshpatil/Desktop/Notes - PR and ontata/notes_app/output/Batch - 3 - Final - Contact notes/0bdf8da3d089/notes/1110_en_US_notes_contacts___PART032_11.txt,/home/kamleshpatil/Desktop/Notes - PR and ontata/notes_app/output/Batch - 3 - Final - Contact notes/0bdf8da3d089/screenshots/1110 lysander Rmirez.jpg
0bdf8da3d089_1111,armani harris,2,renamed,/home/kamleshpatil/Desktop/Notes - PR and ontata/notes_app/output/Batch - 3 - Final - Contact notes/0bdf8da3d089/notes/1111_en_US_notes_contacts___PART032_12.txt,/home/kamleshpatil/Desktop/Notes - PR and ontata/notes_app/output/Batch - 3 - Final - Contact notes/0bdf8da3d089/screenshots/1111 armani Harris.jpg
0bdf8da3d089_1112,carlos jones,2,renamed,/home/kamleshpatil/Desktop/Notes - PR and ontata/notes_app/output/Batch - 3 - Final - Contact notes/0bdf8da3d089/notes/1112_en_US_notes_contacts___PART032_13.txt,/home/kamleshpatil/Desktop/Notes - PR and ontata/notes_app/output/Batch - 3 - Final - Contact notes/0bdf8da3d089/screenshots/1112 carlos Jones Mechanic Tucson 704 7816883.jpg
0bdf8da3d089_1113,kyle whitfield,2,renamed,/home/kamleshpatil/Desktop/Notes - PR and ontata/notes_app/output/Batch - 3 - Final - Contact notes/0bdf8da3d089/notes/1113_en_US_notes_contacts___PART032_14.txt,/home/kamleshpatil/Desktop/Notes - PR and ontata/notes_app/output/Batch - 3 - Final - Contact notes/0bdf8da3d089/screenshots/1113 kyle Whitfield Dog Wakker 303 669 1283.jpg
0bdf8da3d089_1114,asher bailey,2,renamed,/home/kamleshpatil/Desktop/Notes - PR and ontata/notes_app/output/Batch - 3 - Final - Contact notes/0bdf8da3d089/notes/1114_en_US_notes_contacts___PART032_15.txt,/home/kamleshpatil/Desktop/Notes - PR and ontata/notes_app/output/Batch - 3 - Final - Contact notes/0bdf8da3d089/screenshots/1114 asher Bailey - ask about puuppy training.jpg
0bdf8da3d089_1115,grayson hvac,2,renamed,/home/kamleshpatil/Desktop/Notes - PR and ontata/notes_app/output/Batch - 3 - Final - Contact notes/0bdf8da3d089/notes/1115_en_US_notes_contacts___PART032_16.txt,/home/kamleshpatil/Desktop/Notes - PR and ontata/notes_app/output/Batch - 3 - Final - Contact notes/0bdf8da3d089/screenshots/1115 grayson HVAC Repair 2674303440.jpg
0bdf8da3d089_1116,kenji fisher,2,renamed,/home/kamleshpatil/Desktop/Notes - PR and ontata/notes_app/output/Batch - 3 - Final - Contact notes/0bdf8da3d089/notes/1116_en_US_notes_contacts___PART032_17.txt,/home/kamleshpatil/Desktop/Notes - PR and ontata/notes_app/output/Batch - 3 - Final - Contact notes/0bdf8da3d089/screenshots/1116 Kenji Fisher.jpg
0bdf8da3d089_1117,evan aguilar,2,renamed,/home/kamleshpatil/Desktop/Notes - PR and ontata/notes_app/output/Batch - 3 - Final - Contact notes/0bdf8da3d089/notes/1117_en_US_notes_contacts___PART032_18.txt,/home/kamleshpatil/Desktop/Notes - PR and ontata/notes_app/output/Batch - 3 - Final - Contact notes/0bdf8da3d089/screenshots/1117 evan Aguilar Appliance Repair 9295517763.jpg
0bdf8da3d089_1118,connect with simoen,3,renamed,/home/kamleshpatil/Desktop/Notes - PR and ontata/notes_app/output/Batch - 3 - Final - Contact notes/0bdf8da3d089/notes/1118_en_US_notes_contacts___PART032_19.txt,/home/kamleshpatil/Desktop/Notes - PR and ontata/notes_app/output/Batch - 3 - Final - Contact notes/0bdf8da3d089/screenshots/1118 connect with Simoen Classmate from Puebl.jpg
0bdf8da3d089_1119,reminder terrence,2,renamed,/home/kamleshpatil/Desktop/Notes - PR and ontata/notes_app/output/Batch - 3 - Final - Contact notes/0bdf8da3d089/notes/1119_en_US_notes_contacts___PART032_20.txt,/home/kamleshpatil/Desktop/Notes - PR and ontata/notes_app/output/Batch - 3 - Final - Contact notes/0bdf8da3d089/screenshots/1119 reminder Terrence Phone Rpair about lbra.jpg
0bdf8da3d089_1120,william medina,2,renamed,/home/kamleshpatil/Desktop/Notes - PR and ontata/notes_app/output/Batch - 3 - Final - Contact notes/0bdf8da3d089/notes/1120_en_US_notes_contacts___PART033_21.txt,/home/kamleshpatil/Desktop/Notes - PR and ontata/notes_app/output/Batch - 3 - Final - Contact notes/0bdf8da3d089/screenshots/1120 william Medina Swim Instructtor 92926136.jpg
0bdf8da3d089_1121,ask hao,2,renamed,/home/kamleshpatil/Desktop/Notes - PR and ontata/notes_app/output/Batch - 3 - Final - Contact notes/0bdf8da3d089/notes/1121_en_US_notes_contacts___PART033_22.txt,/home/kamleshpatil/Desktop/Notes - PR and ontata/notes_app/output/Batch - 3 - Final - Contact notes/0bdf8da3d089/screenshots/1121 ask Hao Morgan Claims Adjuster feom Hono.jpg
0bdf8da3d089_1122,kathleen reybodls,2,renamed,/home/kamleshpatil/Desktop/Notes - PR and ontata/notes_app/output/Batch - 3 - Final - Contact notes/0bdf8da3d089/notes/1122_en_US_notes_contacts___PART033_23.txt,/home/kamleshpatil/Desktop/Notes - PR and ontata/notes_app/output/Batch - 3 - Final - Contact notes/0bdf8da3d089/screenshots/1122 kathleen Reybodls.jpg
0bdf8da3d089_1123,wei byrd,2,renamed,/home/kamleshpatil/Desktop/Notes - PR and ontata/notes_app/output/Batch - 3 - Final - Contact notes/0bdf8da3d089/notes/1123_en_US_notes_contacts___PART033_24.txt,/home/kamleshpatil/Desktop/Notes - PR and ontata/notes_app/output/Batch - 3 - Final - Contact notes/0bdf8da3d089/screenshots/1123 wei Byrd - send notes from meeting in Fa.jpg
0bdf8da3d089_1124,liliana dalton,2,renamed,/home/kamleshpatil/Desktop/Notes - PR and ontata/notes_app/output/Batch - 3 - Final - Contact notes/0bdf8da3d089/notes/1124_en_US_notes_contacts___PART033_25.txt,/home/kamleshpatil/Desktop/Notes - PR and ontata/notes_app/output/Batch - 3 - Final - Contact notes/0bdf8da3d089/screenshots/1124 liliana Dalton.jpg
0bdf8da3d089_1125,bryson byd,2,renamed,/home/kamleshpatil/Desktop/Notes - PR and ontata/notes_app/output/Batch - 3 - Final - Contact notes/0bdf8da3d089/notes/1125_en_US_notes_contacts___PART033_26.txt,/home/kamleshpatil/Desktop/Notes - PR and ontata/notes_app/output/Batch - 3 - Final - Contact notes/0bdf8da3d089/screenshots/1125 bryson Byd.jpg
0bdf8da3d089_1126,jack mcdonald,2,renamed,/home/kamleshpatil/Desktop/Notes - PR and ontata/notes_app/output/Batch - 3 - Final - Contact notes/0bdf8da3d089/notes/1126_en_US_notes_contacts___PART033_27.txt,/home/kamleshpatil/Desktop/Notes - PR and ontata/notes_app/output/Batch - 3 - Final - Contact notes/0bdf8da3d089/screenshots/1126 Jack McDonald.jpg
0bdf8da3d089_1127,talked to maren,3,renamed,/home/kamleshpatil/Desktop/Notes - PR and ontata/notes_app/output/Batch - 3 - Final - Contact notes/0bdf8da3d089/notes/1127_en_US_notes_contacts___PART033_28.txt,/home/kamleshpatil/Desktop/Notes - PR and ontata/notes_app/output/Batch - 3 - Final - Contact notes/0bdf8da3d089/screenshots/1127 talked to Maren Bike Shop.jpg
0bdf8da3d089_1128,need to talk to sergio,5,renamed,/home/kamleshpatil/Desktop/Notes - PR and ontata/notes_app/output/Batch - 3 - Final - Contact notes/0bdf8da3d089/notes/1128_en_US_notes_contacts___PART033_29.txt,/home/kamleshpatil/Desktop/Notes - PR and ontata/notes_app/output/Batch - 3 - Final - Contact notes/0bdf8da3d089/screenshots/1128 need to talk to Sergio Hairdresser from .jpg
0bdf8da3d089_1129,called rory,2,renamed,/home/kamleshpatil/Desktop/Notes - PR and ontata/notes_app/output/Batch - 3 - Final - Contact notes/0bdf8da3d089/notes/1129_en_US_notes_contacts___PART033_30.txt,/home/kamleshpatil/Desktop/Notes - PR and ontata/notes_app/output/Batch - 3 - Final - Contact notes/0bdf8da3d089/screenshots/1129 called Rory Leis Swing Dance Clsss 323 6.jpg
0bdf8da3d089_1130,reached out to fernanda,4,renamed,/home/kamleshpatil/Desktop/Notes - PR and ontata/notes_app/output/Batch - 3 - Final - Contact notes/0bdf8da3d089/notes/1130_en_US_notes_contacts___PART033_31.txt,/home/kamleshpatil/Desktop/Notes - PR and ontata/notes_app/output/Batch - 3 - Final - Contact notes/0bdf8da3d089/screenshots/1130 Reached out to Fernanda Dry Cleaner 4043.jpg
0bdf8da3d089_1131,lane nguyen,2,renamed,/home/kamleshpatil/Desktop/Notes - PR and ontata/notes_app/output/Batch - 3 - Final - Contact notes/0bdf8da3d089/notes/1131_en_US_notes_contacts___PART033_32.txt,/home/kamleshpatil/Desktop/Notes - PR and ontata/notes_app/output/Batch - 3 - Final - Contact notes/0bdf8da3d089/screenshots/1131 lane Nguyen Auuto Shop 4158427463.jpg
0bdf8da3d089_1132,sent info to julian,4,renamed,/home/kamleshpatil/Desktop/Notes - PR and ontata/notes_app/output/Batch - 3 - Final - Contact notes/0bdf8da3d089/notes/1132_en_US_notes_contacts___PART033_33.txt,/home/kamleshpatil/Desktop/Notes - PR and ontata/notes_app/output/Batch - 3 - Final - Contact notes/0bdf8da3d089/screenshots/1132 sent info to Julian Lewis Pest Control f.jpg
0bdf8da3d089_1133,schedule w marcus,3,renamed,/home/kamleshpatil/Desktop/Notes - PR and ontata/notes_app/output/Batch - 3 - Final - Contact notes/0bdf8da3d089/notes/1133_en_US_notes_contacts___PART033_34.txt,/home/kamleshpatil/Desktop/Notes - PR and ontata/notes_app/output/Batch - 3 - Final - Contact notes/0bdf8da3d089/screenshots/1133 schedule w Marcus Tennis Instructor frro.jpg
0bdf8da3d089_1134,knox salazar,2,renamed,/home/kamleshpatil/Desktop/Notes - PR and ontata/notes_app/output/Batch - 3 - Final - Contact notes/0bdf8da3d089/notes/1134_en_US_notes_contacts___PART033_35.txt,/home/kamleshpatil/Desktop/Notes - PR and ontata/notes_app/output/Batch - 3 - Final - Contact notes/0bdf8da3d089/screenshots/1134 Knox Salazar Ttor 5167886998.jpg
0bdf8da3d089_1135,joaquin nguten,2,renamed,/home/kamleshpatil/Desktop/Notes - PR and ontata/notes_app/output/Batch - 3 - Final - Contact notes/0bdf8da3d089/notes/1135_en_US_notes_contacts___PART033_36.txt,/home/kamleshpatil/Desktop/Notes - PR and ontata/notes_app/output/Batch - 3 - Final - Contact notes/0bdf8da3d089/screenshots/1135 joaquin Nguten - send notes from meetong.jpg
0bdf8da3d089_1136,mei tax,2,renamed,/home/kamleshpatil/Desktop/Notes - PR and ontata/notes_app/output/Batch - 3 - Final - Contact notes/0bdf8da3d089/notes/1136_en_US_notes_contacts___PART033_37.txt,/home/kamleshpatil/Desktop/Notes - PR and ontata/notes_app/output/Batch - 3 - Final - Contact notes/0bdf8da3d089/screenshots/1136 mei - tax filing exyension requested.jpg
0bdf8da3d089_1137,milan sanchez,2,renamed,/home/kamleshpatil/Desktop/Notes - PR and ontata/notes_app/output/Batch - 3 - Final - Contact notes/0bdf8da3d089/notes/1137_en_US_notes_contacts___PART033_38.txt,/home/kamleshpatil/Desktop/Notes - PR and ontata/notes_app/output/Batch - 3 - Final - Contact notes/0bdf8da3d089/screenshots/1137 milan Sanchez - send playlist for party .jpg
0bdf8da3d089_1138,pilar confirm,2,renamed,/home/kamleshpatil/Desktop/Notes - PR and ontata/notes_app/output/Batch - 3 - Final - Contact notes/0bdf8da3d089/notes/1138_en_US_notes_contacts___PART033_39.txt,/home/kamleshpatil/Desktop/Notes - PR and ontata/notes_app/output/Batch - 3 - Final - Contact notes/0bdf8da3d089/screenshots/1138 pilar - confirm escrow details.jpg
0bdf8da3d089_1139,hit up nathan,3,renamed,/home/kamleshpatil/Desktop/Notes - PR and ontata/notes_app/output/Batch - 3 - Final - Contact notes/0bdf8da3d089/notes/1139_en_US_notes_contacts___PART033_40.txt,/home/kamleshpatil/Desktop/Notes - PR and ontata/notes_app/output/Batch - 3 - Final - Contact notes/0bdf8da3d089/screenshots/1139 hit up Nathan Weston Msic Instructor 212.jpg
0bdf8da3d089_1140,alejandra send,2,renamed,/home/kamleshpatil/Desktop/Notes - PR and ontata/notes_app/output/Batch - 3 - Final - Contact notes/0bdf8da3d089/notes/1140_en_US_notes_contacts___PART034_41.txt,/home/kamleshpatil/Desktop/Notes - PR and ontata/notes_app/output/Batch - 3 - Final - Contact notes/0bdf8da3d089/screenshots/1140 alejandra - send playlist for party.jpg
0bdf8da3d089_1141,axel diaz,2,renamed,/home/kamleshpatil/Desktop/Notes - PR and ontata/notes_app/output/Batch - 3 - Final - Contact notes/0bdf8da3d089/notes/1141_en_US_notes_contacts___PART034_42.txt,/home/kamleshpatil/Desktop/Notes - PR and ontata/notes_app/output/Batch - 3 - Final - Contact notes/0bdf8da3d089/screenshots/1141 axel Diaz.jpg
0bdf8da3d089_1142,crew king,2,renamed,/home/kamleshpatil/Desktop/Notes - PR and ontata/notes_app/output/Batch - 3 - Final - Contact notes/0bdf8da3d089/notes/1142_en_US_notes_contacts___PART034_43.txt,/home/kamleshpatil/Desktop/Notes - PR and ontata/notes_app/output/Batch - 3 - Final - Contact notes/0bdf8da3d089/screenshots/1142 Crew King - sennd workout plsn by wed in.jpg
0bdf8da3d089_1143,saniyah guerrerq,2,renamed,/home/kamleshpatil/Desktop/Notes - PR and ontata/notes_app/output/Batch - 3 - Final - Contact notes/0bdf8da3d089/notes/1143_en_US_notes_contacts___PART034_44.txt,/home/kamleshpatil/Desktop/Notes - PR and ontata/notes_app/output/Batch - 3 - Final - Contact notes/0bdf8da3d089/screenshots/1143 saniyah Guerrerq - ask abput chair renta.jpg
0bdf8da3d089_1144,chase follow,2,renamed,/home/kamleshpatil/Desktop/Notes - PR and ontata/notes_app/output/Batch - 3 - Final - Contact notes/0bdf8da3d089/notes/1144_en_US_notes_contacts___PART034_45.txt,/home/kamleshpatil/Desktop/Notes - PR and ontata/notes_app/output/Batch - 3 - Final - Contact notes/0bdf8da3d089/screenshots/1144 Chase - follow up on adoption applicatio.jpg
0bdf8da3d089_1145,anh wallcae,2,renamed,/home/kamleshpatil/Desktop/Notes - PR and ontata/notes_app/output/Batch - 3 - Final - Contact notes/0bdf8da3d089/notes/1145_en_US_notes_contacts___PART034_46.txt,/home/kamleshpatil/Desktop/Notes - PR and ontata/notes_app/output/Batch - 3 - Final - Contact notes/0bdf8da3d089/screenshots/1145 anh Wallcae - website launch checklist i.jpg
0bdf8da3d089_1146,marquis 3052131688,2,renamed,/home/kamleshpatil/Desktop/Notes - PR and ontata/notes_app/output/Batch - 3 - Final - Contact notes/0bdf8da3d089/notes/1146_en_US_notes_contacts___PART034_47.txt,/home/kamleshpatil/Desktop/Notes - PR and ontata/notes_app/output/Batch - 3 - Final - Contact notes/0bdf8da3d089/screenshots/1146 Marquis.jpg
0bdf8da3d089_1147,reached out to peddro,4,renamed,/home/kamleshpatil/Desktop/Notes - PR and ontata/notes_app/output/Batch - 3 - Final - Contact notes/0bdf8da3d089/notes/1147_en_US_notes_contacts___PART034_48.txt,/home/kamleshpatil/Desktop/Notes - PR and ontata/notes_app/output/Batch - 3 - Final - Contact notes/0bdf8da3d089/screenshots/1147 reached out to Peddro Teacher from Colum.jpg
0bdf8da3d089_1148,ravi mitchell,2,renamed,/home/kamleshpatil/Desktop/Notes - PR and ontata/notes_app/output/Batch - 3 - Final - Contact notes/0bdf8da3d089/notes/1148_en_US_notes_contacts___PART034_49.txt,/home/kamleshpatil/Desktop/Notes - PR and ontata/notes_app/output/Batch - 3 - Final - Contact notes/0bdf8da3d089/screenshots/1148 ravi Mitchell.jpg
0bdf8da3d089_1149,paid sebastian,2,renamed,/home/kamleshpatil/Desktop/Notes - PR and ontata/notes_app/output/Batch - 3 - Final - Contact notes/0bdf8da3d089/notes/1149_en_US_notes_contacts___PART034_50.txt,/home/kamleshpatil/Desktop/Notes - PR and ontata/notes_app/output/Batch - 3 - Final - Contact notes/0bdf8da3d089/screenshots/1149 paid Sebastian Library Contact from Durh.jpg
0bdf8da3d089_1150,jameson singh,2,renamed,/home/kamleshpatil/Desktop/Notes - PR and ontata/notes_app/output/Batch - 3 - Final - Contact notes/0bdf8da3d089/notes/1150_en_US_notes_contacts___PART034_51.txt,/home/kamleshpatil/Desktop/Notes - PR and ontata/notes_app/output/Batch - 3 - Final - Contact notes/0bdf8da3d089/screenshots/1150 jameson Singh.jpg
0bdf8da3d089_1151,marisol gutierrez,2,renamed,/home/kamleshpatil/Desktop/Notes - PR and ontata/notes_app/output/Batch - 3 - Final - Contact notes/0bdf8da3d089/notes/1151_en_US_notes_contacts___PART034_52.txt,/home/kamleshpatil/Desktop/Notes - PR and ontata/notes_app/output/Batch - 3 - Final - Contact notes/0bdf8da3d089/screenshots/1151 marisol Gutierrez Classmate 267 7097013.jpg
0bdf8da3d089_1152,derek gomez,2,renamed,/home/kamleshpatil/Desktop/Notes - PR and ontata/notes_app/output/Batch - 3 - Final - Contact notes/0bdf8da3d089/notes/1152_en_US_notes_contacts___PART034_53.txt,/home/kamleshpatil/Desktop/Notes - PR and ontata/notes_app/output/Batch - 3 - Final - Contact notes/0bdf8da3d089/screenshots/1152 derek Gomez.jpg
0bdf8da3d089_1153,luca chavez,2,renamed,/home/kamleshpatil/Desktop/Notes - PR and ontata/notes_app/output/Batch - 3 - Final - Contact notes/0bdf8da3d089/notes/1153_en_US_notes_contacts___PART034_54.txt,/home/kamleshpatil/Desktop/Notes - PR and ontata/notes_app/output/Batch - 3 - Final - Contact notes/0bdf8da3d089/screenshots/1153 luca Chavez Dog Groomer Salt Lake City 7.jpg
0bdf8da3d089_1154,hit up rafferty,3,renamed,/home/kamleshpatil/Desktop/Notes - PR and ontata/notes_app/output/Batch - 3 - Final - Contact notes/0bdf8da3d089/notes/1154_en_US_notes_contacts___PART034_55.txt,/home/kamleshpatil/Desktop/Notes - PR and ontata/notes_app/output/Batch - 3 - Final - Contact notes/0bdf8da3d089/screenshots/1154 hit up Rafferty Graphic Designer from Fr.jpg
0bdf8da3d089_1155,avery morgan,2,renamed,/home/kamleshpatil/Desktop/Notes - PR and ontata/notes_app/output/Batch - 3 - Final - Contact notes/0bdf8da3d089/notes/1155_en_US_notes_contacts___PART034_56.txt,/home/kamleshpatil/Desktop/Notes - PR and ontata/notes_app/output/Batch - 3 - Final - Contact notes/0bdf8da3d089/screenshots/1155 Avery Morgan Orthodonttist 305-290-6037.jpg
0bdf8da3d089_1156,phoenix malone,2,renamed,/home/kamleshpatil/Desktop/Notes - PR and ontata/notes_app/output/Batch - 3 - Final - Contact notes/0bdf8da3d089/notes/1156_en_US_notes_contacts___PART034_57.txt,/home/kamleshpatil/Desktop/Notes - PR and ontata/notes_app/output/Batch - 3 - Final - Contact notes/0bdf8da3d089/screenshots/1156 Phoenix Malone.jpg
0bdf8da3d089_1157,logan mcdonald,2,renamed,/home/kamleshpatil/Desktop/Notes - PR and ontata/notes_app/output/Batch - 3 - Final - Contact notes/0bdf8da3d089/notes/1157_en_US_notes_contacts___PART034_58.txt,/home/kamleshpatil/Desktop/Notes - PR and ontata/notes_app/output/Batch - 3 - Final - Contact notes/0bdf8da3d089/screenshots/1157 Logan McDonald - eye exm appt next tuesd.jpg
0bdf8da3d089_1158,ask jouknee,2,renamed,/home/kamleshpatil/Desktop/Notes - PR and ontata/notes_app/output/Batch - 3 - Final - Contact notes/0bdf8da3d089/notes/1158_en_US_notes_contacts___PART034_59.txt,/home/kamleshpatil/Desktop/Notes - PR and ontata/notes_app/output/Batch - 3 - Final - Contact notes/0bdf8da3d089/screenshots/1158 ask Jouknee Claims Adjuster.jpg
0bdf8da3d089_1159,nalani coordinate,2,renamed,/home/kamleshpatil/Desktop/Notes - PR and ontata/notes_app/output/Batch - 3 - Final - Contact notes/0bdf8da3d089/notes/1159_en_US_notes_contacts___PART034_60.txt,/home/kamleshpatil/Desktop/Notes - PR and ontata/notes_app/output/Batch - 3 - Final - Contact notes/0bdf8da3d089/screenshots/1159 nalani - coordinate carpool.jpg
0bdf8da3d089_1160,daichi randall,2,renamed,/home/kamleshpatil/Desktop/Notes - PR and ontata/notes_app/output/Batch - 3 - Final - Contact notes/0bdf8da3d089/notes/1160_en_US_notes_contacts___PART035_61.txt,/home/kamleshpatil/Desktop/Notes - PR and ontata/notes_app/output/Batch - 3 - Final - Contact notes/0bdf8da3d089/screenshots/1160 daichi Randall - can help with spare key.jpg
0bdf8da3d089_1161,connect with tariq,3,renamed,/home/kamleshpatil/Desktop/Notes - PR and ontata/notes_app/output/Batch - 3 - Final - Contact notes/0bdf8da3d089/notes/1161_en_US_notes_contacts___PART035_62.txt,/home/kamleshpatil/Desktop/Notes - PR and ontata/notes_app/output/Batch - 3 - Final - Contact notes/0bdf8da3d089/screenshots/1161 connect with Tariq Ortuz Golf Cooach abo.jpg
0bdf8da3d089_1162,esmeralda sharma,2,renamed,/home/kamleshpatil/Desktop/Notes - PR and ontata/notes_app/output/Batch - 3 - Final - Contact notes/0bdf8da3d089/notes/1162_en_US_notes_contacts___PART035_63.txt,/home/kamleshpatil/Desktop/Notes - PR and ontata/notes_app/output/Batch - 3 - Final - Contact notes/0bdf8da3d089/screenshots/1162 esmeralda Sharma - check leak under kitc.jpg
0bdf8da3d089_1163,amari schpol,2,renamed,/home/kamleshpatil/Desktop/Notes - PR and ontata/notes_app/output/Batch - 3 - Final - Contact notes/0bdf8da3d089/notes/1163_en_US_notes_contacts___PART035_64.txt,/home/kamleshpatil/Desktop/Notes - PR and ontata/notes_app/output/Batch - 3 - Final - Contact notes/0bdf8da3d089/screenshots/1163 Amari Schpol Nurse 323 9979533.jpg
0bdf8da3d089_1164,marco pham,2,renamed,/home/kamleshpatil/Desktop/Notes - PR and ontata/notes_app/output/Batch - 3 - Final - Contact notes/0bdf8da3d089/notes/1164_en_US_notes_contacts___PART035_65.txt,/home/kamleshpatil/Desktop/Notes - PR and ontata/notes_app/output/Batch - 3 - Final - Contact notes/0bdf8da3d089/screenshots/1164 Marco Pham - regarding minor kitchen fir.jpg
0bdf8da3d089_1165,follow up w brooks,4,renamed,/home/kamleshpatil/Desktop/Notes - PR and ontata/notes_app/output/Batch - 3 - Final - Contact notes/0bdf8da3d089/notes/1165_en_US_notes_contacts___PART035_66.txt,/home/kamleshpatil/Desktop/Notes - PR and ontata/notes_app/output/Batch - 3 - Final - Contact notes/0bdf8da3d089/screenshots/1165 follow up w Brooks Vargas Cat Sittting 8.jpg
0bdf8da3d089_1166,checked with john,3,renamed,/home/kamleshpatil/Desktop/Notes - PR and ontata/notes_app/output/Batch - 3 - Final - Contact notes/0bdf8da3d089/notes/1166_en_US_notes_contacts___PART035_67.txt,/home/kamleshpatil/Desktop/Notes - PR and ontata/notes_app/output/Batch - 3 - Final - Contact notes/0bdf8da3d089/screenshots/1166 Checked with John Anderson Barber about .jpg
0bdf8da3d089_1167,reached out to becca,4,renamed,/home/kamleshpatil/Desktop/Notes - PR and ontata/notes_app/output/Batch - 3 - Final - Contact notes/0bdf8da3d089/notes/1167_en_US_notes_contacts___PART035_68.txt,/home/kamleshpatil/Desktop/Notes - PR and ontata/notes_app/output/Batch - 3 - Final - Contact notes/0bdf8da3d089/screenshots/1167 reached out to Becca Bowking League Cont.jpg
0bdf8da3d089_1168,griffin anderson,2,renamed,/home/kamleshpatil/Desktop/Notes - PR and ontata/notes_app/output/Batch - 3 - Final - Contact notes/0bdf8da3d089/notes/1168_en_US_notes_contacts___PART035_69.txt,/home/kamleshpatil/Desktop/Notes - PR and ontata/notes_app/output/Batch - 3 - Final - Contact notes/0bdf8da3d089/screenshots/1168 griffin Anderson Financial Aid Contact 7.jpg
0bdf8da3d089_1169,call kailani,2,renamed,/home/kamleshpatil/Desktop/Notes - PR and ontata/notes_app/output/Batch - 3 - Final - Contact notes/0bdf8da3d089/notes/1169_en_US_notes_contacts___PART035_70.txt,/home/kamleshpatil/Desktop/Notes - PR and ontata/notes_app/output/Batch - 3 - Final - Contact notes/0bdf8da3d089/screenshots/1169 call Kailani Financil Aid Contact 973689.jpg
0bdf8da3d089_1170,veda white,2,renamed,/home/kamleshpatil/Desktop/Notes - PR and ontata/notes_app/output/Batch - 3 - Final - Contact notes/0bdf8da3d089/notes/1170_en_US_notes_contacts___PART035_71.txt,/home/kamleshpatil/Desktop/Notes - PR and ontata/notes_app/output/Batch - 3 - Final - Contact notes/0bdf8da3d089/screenshots/1170 veda White - beginner tennis lesson in S.jpg
0bdf8da3d089_1171,lupita walker,2,renamed,/home/kamleshpatil/Desktop/Notes - PR and ontata/notes_app/output/Batch - 3 - Final - Contact notes/0bdf8da3d089/notes/1171_en_US_notes_contacts___PART035_72.txt,/home/kamleshpatil/Desktop/Notes - PR and ontata/notes_app/output/Batch - 3 - Final - Contact notes/0bdf8da3d089/screenshots/1171 lupita Walker Payroll Contact 6022563979.jpg
0bdf8da3d089_1172,kai appliance,2,renamed,/home/kamleshpatil/Desktop/Notes - PR and ontata/notes_app/output/Batch - 3 - Final - Contact notes/0bdf8da3d089/notes/1172_en_US_notes_contacts___PART035_73.txt,/home/kamleshpatil/Desktop/Notes - PR and ontata/notes_app/output/Batch - 3 - Final - Contact notes/0bdf8da3d089/screenshots/1172 kai Appliance Repair 470 612 1632.jpg
0bdf8da3d089_1173,aria phillips,2,renamed,/home/kamleshpatil/Desktop/Notes - PR and ontata/notes_app/output/Batch - 3 - Final - Contact notes/0bdf8da3d089/notes/1173_en_US_notes_contacts___PART035_74.txt,/home/kamleshpatil/Desktop/Notes - PR and ontata/notes_app/output/Batch - 3 - Final - Contact notes/0bdf8da3d089/screenshots/1173 Aria Phillips - installation for smmart .jpg
0bdf8da3d089_1174,noah elis,2,renamed,/home/kamleshpatil/Desktop/Notes - PR and ontata/notes_app/output/Batch - 3 - Final - Contact notes/0bdf8da3d089/notes/1174_en_US_notes_contacts___PART035_75.txt,/home/kamleshpatil/Desktop/Notes - PR and ontata/notes_app/output/Batch - 3 - Final - Contact notes/0bdf8da3d089/screenshots/1174 noah Elis - library books due question.jpg
0bdf8da3d089_1175,tyler bring,2,renamed,/home/kamleshpatil/Desktop/Notes - PR and ontata/notes_app/output/Batch - 3 - Final - Contact notes/0bdf8da3d089/notes/1175_en_US_notes_contacts___PART035_76.txt,/home/kamleshpatil/Desktop/Notes - PR and ontata/notes_app/output/Batch - 3 - Final - Contact notes/0bdf8da3d089/screenshots/1175 tyler - bring old prescription glasses i.jpg
0bdf8da3d089_1176,vance cruz,2,renamed,/home/kamleshpatil/Desktop/Notes - PR and ontata/notes_app/output/Batch - 3 - Final - Contact notes/0bdf8da3d089/notes/1176_en_US_notes_contacts___PART035_77.txt,/home/kamleshpatil/Desktop/Notes - PR and ontata/notes_app/output/Batch - 3 - Final - Contact notes/0bdf8da3d089/screenshots/1176 Vance Cruz.jpg
0bdf8da3d089_1177,nina fisher,2,renamed,/home/kamleshpatil/Desktop/Notes - PR and ontata/notes_app/output/Batch - 3 - Final - Contact notes/0bdf8da3d089/notes/1177_en_US_notes_contacts___PART035_78.txt,/home/kamleshpatil/Desktop/Notes - PR and ontata/notes_app/output/Batch - 3 - Final - Contact notes/0bdf8da3d089/screenshots/1177 nina Fisher.jpg
0bdf8da3d089_1178,hit up deirdre,3,renamed,/home/kamleshpatil/Desktop/Notes - PR and ontata/notes_app/output/Batch - 3 - Final - Contact notes/0bdf8da3d089/notes/1178_en_US_notes_contacts___PART035_79.txt,/home/kamleshpatil/Desktop/Notes - PR and ontata/notes_app/output/Batch - 3 - Final - Contact notes/0bdf8da3d089/screenshots/1178 hit up Deirdre Music Instructor from Bos.jpg
0bdf8da3d089_1179,kailani salazar,2,renamed,/home/kamleshpatil/Desktop/Notes - PR and ontata/notes_app/output/Batch - 3 - Final - Contact notes/0bdf8da3d089/notes/1179_en_US_notes_contacts___PART035_80.txt,/home/kamleshpatil/Desktop/Notes - PR and ontata/notes_app/output/Batch - 3 - Final - Contact notes/0bdf8da3d089/screenshots/1179 kailani Salazar.jpg
0bdf8da3d089_1180,reached out to tariq,4,renamed,/home/kamleshpatil/Desktop/Notes - PR and ontata/notes_app/output/Batch - 3 - Final - Contact notes/0bdf8da3d089/notes/1180_en_US_notes_contacts___PART036_81.txt,/home/kamleshpatil/Desktop/Notes - PR and ontata/notes_app/output/Batch - 3 - Final - Contact notes/0bdf8da3d089/screenshots/1180 reached out to Tariq Martinez Gutter Cle.jpg
0bdf8da3d089_1181,wayon nelson,2,renamed,/home/kamleshpatil/Desktop/Notes - PR and ontata/notes_app/output/Batch - 3 - Final - Contact notes/0bdf8da3d089/notes/1181_en_US_notes_contacts___PART036_82.txt,/home/kamleshpatil/Desktop/Notes - PR and ontata/notes_app/output/Batch - 3 - Final - Contact notes/0bdf8da3d089/screenshots/1181 wayon Nelson - regarding minr kitchen fi.jpg
0bdf8da3d089_1182,hit up nolan,3,renamed,/home/kamleshpatil/Desktop/Notes - PR and ontata/notes_app/output/Batch - 3 - Final - Contact notes/0bdf8da3d089/notes/1182_en_US_notes_contacts___PART036_83.txt,/home/kamleshpatil/Desktop/Notes - PR and ontata/notes_app/output/Batch - 3 - Final - Contact notes/0bdf8da3d089/screenshots/1182 hit up Nolan Gupta Phone Repair from Mur.jpg
0bdf8da3d089_1183,eduardo real,2,renamed,/home/kamleshpatil/Desktop/Notes - PR and ontata/notes_app/output/Batch - 3 - Final - Contact notes/0bdf8da3d089/notes/1183_en_US_notes_contacts___PART036_84.txt,/home/kamleshpatil/Desktop/Notes - PR and ontata/notes_app/output/Batch - 3 - Final - Contact notes/0bdf8da3d089/screenshots/1183 eduardo Real Estqte Agent 602-503-7814.jpg
0bdf8da3d089_1184,checked with andre gonzalez,4,renamed,/home/kamleshpatil/Desktop/Notes - PR and ontata/notes_app/output/Batch - 3 - Final - Contact notes/0bdf8da3d089/notes/1184_en_US_notes_contacts___PART036_85.txt,/home/kamleshpatil/Desktop/Notes - PR and ontata/notes_app/output/Batch - 3 - Final - Contact notes/0bdf8da3d089/screenshots/1184 Checked with Andre Gonzalez Procurement .jpg
0bdf8da3d089_1185,callista broooks,2,renamed,/home/kamleshpatil/Desktop/Notes - PR and ontata/notes_app/output/Batch - 3 - Final - Contact notes/0bdf8da3d089/notes/1185_en_US_notes_contacts___PART036_86.txt,/home/kamleshpatil/Desktop/Notes - PR and ontata/notes_app/output/Batch - 3 - Final - Contact notes/0bdf8da3d089/screenshots/1185 callista Broooks - facilities request fo.jpg
0bdf8da3d089_1186,raj 516,2,renamed,/home/kamleshpatil/Desktop/Notes - PR and ontata/notes_app/output/Batch - 3 - Final - Contact notes/0bdf8da3d089/notes/1186_en_US_notes_contacts___PART036_87.txt,/home/kamleshpatil/Desktop/Notes - PR and ontata/notes_app/output/Batch - 3 - Final - Contact notes/0bdf8da3d089/screenshots/1186 raj.jpg
0bdf8da3d089_1187,check with talon,3,renamed,/home/kamleshpatil/Desktop/Notes - PR and ontata/notes_app/output/Batch - 3 - Final - Contact notes/0bdf8da3d089/notes/1187_en_US_notes_contacts___PART036_88.txt,/home/kamleshpatil/Desktop/Notes - PR and ontata/notes_app/output/Batch - 3 - Final - Contact notes/0bdf8da3d089/screenshots/1187 check with Talon Martbn Pino Teacher fro.jpg
0bdf8da3d089_1188,blythe fisher,2,renamed,/home/kamleshpatil/Desktop/Notes - PR and ontata/notes_app/output/Batch - 3 - Final - Contact notes/0bdf8da3d089/notes/1188_en_US_notes_contacts___PART036_89.txt,/home/kamleshpatil/Desktop/Notes - PR and ontata/notes_app/output/Batch - 3 - Final - Contact notes/0bdf8da3d089/screenshots/1188 blythe Fisher.jpg
0bdf8da3d089_1189,nikhil mentr,2,renamed,/home/kamleshpatil/Desktop/Notes - PR and ontata/notes_app/output/Batch - 3 - Final - Contact notes/0bdf8da3d089/notes/1189_en_US_notes_contacts___PART036_90.txt,/home/kamleshpatil/Desktop/Notes - PR and ontata/notes_app/output/Batch - 3 - Final - Contact notes/0bdf8da3d089/screenshots/1189 nikhil.jpg
0bdf8da3d089_1190,amira gonzalez,2,renamed,/home/kamleshpatil/Desktop/Notes - PR and ontata/notes_app/output/Batch - 3 - Final - Contact notes/0bdf8da3d089/notes/1190_en_US_notes_contacts___PART036_91.txt,/home/kamleshpatil/Desktop/Notes - PR and ontata/notes_app/output/Batch - 3 - Final - Contact notes/0bdf8da3d089/screenshots/1190 amira Gonzalez.jpg
0bdf8da3d089_1191,txtd thomas,2,renamed,/home/kamleshpatil/Desktop/Notes - PR and ontata/notes_app/output/Batch - 3 - Final - Contact notes/0bdf8da3d089/notes/1191_en_US_notes_contacts___PART036_92.txt,/home/kamleshpatil/Desktop/Notes - PR and ontata/notes_app/output/Batch - 3 - Final - Contact notes/0bdf8da3d089/screenshots/1191 txtd Thomas Reyse Guitar Tutor abbout se.jpg
0bdf8da3d089_1192,cyrus barker,2,renamed,/home/kamleshpatil/Desktop/Notes - PR and ontata/notes_app/output/Batch - 3 - Final - Contact notes/0bdf8da3d089/notes/1192_en_US_notes_contacts___PART036_93.txt,/home/kamleshpatil/Desktop/Notes - PR and ontata/notes_app/output/Batch - 3 - Final - Contact notes/0bdf8da3d089/screenshots/1192 Cyrus Barker - free assessment session.jpg
0bdf8da3d089_1193,finn hamilton,2,renamed,/home/kamleshpatil/Desktop/Notes - PR and ontata/notes_app/output/Batch - 3 - Final - Contact notes/0bdf8da3d089/notes/1193_en_US_notes_contacts___PART036_94.txt,/home/kamleshpatil/Desktop/Notes - PR and ontata/notes_app/output/Batch - 3 - Final - Contact notes/0bdf8da3d089/screenshots/1193 Finn Hamilton.jpg
0bdf8da3d089_1194,jonah terling,2,renamed,/home/kamleshpatil/Desktop/Notes - PR and ontata/notes_app/output/Batch - 3 - Final - Contact notes/0bdf8da3d089/notes/1194_en_US_notes_contacts___PART036_95.txt,/home/kamleshpatil/Desktop/Notes - PR and ontata/notes_app/output/Batch - 3 - Final - Contact notes/0bdf8da3d089/screenshots/1194 jonah terling.jpg
0bdf8da3d089_1195,emery office,2,renamed,/home/kamleshpatil/Desktop/Notes - PR and ontata/notes_app/output/Batch - 3 - Final - Contact notes/0bdf8da3d089/notes/1195_en_US_notes_contacts___PART036_96.txt,/home/kamleshpatil/Desktop/Notes - PR and ontata/notes_app/output/Batch - 3 - Final - Contact notes/0bdf8da3d089/screenshots/1195 emery Office Manager 801 634 7275.jpg
0bdf8da3d089_1196,beckett turner,2,renamed,/home/kamleshpatil/Desktop/Notes - PR and ontata/notes_app/output/Batch - 3 - Final - Contact notes/0bdf8da3d089/notes/1196_en_US_notes_contacts___PART036_97.txt,/home/kamleshpatil/Desktop/Notes - PR and ontata/notes_app/output/Batch - 3 - Final - Contact notes/0bdf8da3d089/screenshots/1196 beckett Turner - ac repar call for upsta.jpg
0bdf8da3d089_1197,pick up from archer,4,renamed,/home/kamleshpatil/Desktop/Notes - PR and ontata/notes_app/output/Batch - 3 - Final - Contact notes/0bdf8da3d089/notes/1197_en_US_notes_contacts___PART036_98.txt,/home/kamleshpatil/Desktop/Notes - PR and ontata/notes_app/output/Batch - 3 - Final - Contact notes/0bdf8da3d089/screenshots/1197 pick up from Archer Eyebrow Threading fr.jpg
0bdf8da3d089_1198,esperanz alewis,2,renamed,/home/kamleshpatil/Desktop/Notes - PR and ontata/notes_app/output/Batch - 3 - Final - Contact notes/0bdf8da3d089/notes/1198_en_US_notes_contacts___PART036_99.txt,/home/kamleshpatil/Desktop/Notes - PR and ontata/notes_app/output/Batch - 3 - Final - Contact notes/0bdf8da3d089/screenshots/1198 Esperanz aLewis Home Secuurity 202-924-9.jpg
0bdf8da3d089_1199,,0,skipped_missing_pair,/home/kamleshpatil/Desktop/Notes - PR and ontata/notes_app/output/Batch - 3 - Final - Contact notes/0bdf8da3d089/notes/1199_en_US_notes_contacts___PART036_100.txt,None
0bdf8da3d089_1200,haley sanchez,2,renamed,/home/kamleshpatil/Desktop/Notes - PR and ontata/notes_app/output/Batch - 3 - Final - Contact notes/0bdf8da3d089/notes/1200_en_US_notes_contacts___PART037_101.txt,/home/kamleshpatil/Desktop/Notes - PR and ontata/notes_app/output/Batch - 3 - Final - Contact notes/0bdf8da3d089/screenshots/1200 haley Sanchez.jpg
0bdf8da3d089_1201,ace needs,2,renamed,/home/kamleshpatil/Desktop/Notes - PR and ontata/notes_app/output/Batch - 3 - Final - Contact notes/0bdf8da3d089/notes/1201_en_US_notes_contacts___PART037_102.txt,/home/kamleshpatil/Desktop/Notes - PR and ontata/notes_app/output/Batch - 3 - Final - Contact notes/0bdf8da3d089/screenshots/1201 ace - needs front tire estimate.jpg
0bdf8da3d089_1202,marco chavez,2,renamed,/home/kamleshpatil/Desktop/Notes - PR and ontata/notes_app/output/Batch - 3 - Final - Contact notes/0bdf8da3d089/notes/1202_en_US_notes_contacts___PART037_103.txt,/home/kamleshpatil/Desktop/Notes - PR and ontata/notes_app/output/Batch - 3 - Final - Contact notes/0bdf8da3d089/screenshots/1202 Marco Chavez Pest Control 3057554895.jpg
0bdf8da3d089_1203,,0,skipped_missing_pair,/home/kamleshpatil/Desktop/Notes - PR and ontata/notes_app/output/Batch - 3 - Final - Contact notes/0bdf8da3d089/notes/1203_en_US_notes_contacts___PART037_104.txt,None
0bdf8da3d089_1204,,0,skipped_missing_pair,/home/kamleshpatil/Desktop/Notes - PR and ontata/notes_app/output/Batch - 3 - Final - Contact notes/0bdf8da3d089/notes/1204_en_US_notes_contacts___PART037_105.txt,None
0bdf8da3d089_1205,soren ortega,2,renamed,/home/kamleshpatil/Desktop/Notes - PR and ontata/notes_app/output/Batch - 3 - Final - Contact notes/0bdf8da3d089/notes/1205_en_US_notes_contacts___PART037_106.txt,/home/kamleshpatil/Desktop/Notes - PR and ontata/notes_app/output/Batch - 3 - Final - Contact notes/0bdf8da3d089/screenshots/1205 Soren Ortega - ask about puppy training .jpg
0bdf8da3d089_1206,hit up carolina,3,renamed,/home/kamleshpatil/Desktop/Notes - PR and ontata/notes_app/output/Batch - 3 - Final - Contact notes/0bdf8da3d089/notes/1206_en_US_notes_contacts___PART037_107.txt,/home/kamleshpatil/Desktop/Notes - PR and ontata/notes_app/output/Batch - 3 - Final - Contact notes/0bdf8da3d089/screenshots/1206 hit up Carolina Keller Title Company fro.jpg
0bdf8da3d089_1207,,0,skipped_missing_pair,/home/kamleshpatil/Desktop/Notes - PR and ontata/notes_app/output/Batch - 3 - Final - Contact notes/0bdf8da3d089/notes/1207_en_US_notes_contacts___PART037_108.txt,None
0bdf8da3d089_1208,drop off at fiona,4,renamed,/home/kamleshpatil/Desktop/Notes - PR and ontata/notes_app/output/Batch - 3 - Final - Contact notes/0bdf8da3d089/notes/1208_en_US_notes_contacts___PART037_109.txt,/home/kamleshpatil/Desktop/Notes - PR and ontata/notes_app/output/Batch - 3 - Final - Contact notes/0bdf8da3d089/screenshots/1208 drop off at Fiona Carter Acountant from .jpg
0bdf8da3d089_1209,weldon brynt,2,renamed,/home/kamleshpatil/Desktop/Notes - PR and ontata/notes_app/output/Batch - 3 - Final - Contact notes/0bdf8da3d089/notes/1209_en_US_notes_contacts___PART037_110.txt,/home/kamleshpatil/Desktop/Notes - PR and ontata/notes_app/output/Batch - 3 - Final - Contact notes/0bdf8da3d089/screenshots/1209 weldon Brynt - doem maintenance follow-u.jpg
0bdf8da3d089_1210,fernando ortiz,2,renamed,/home/kamleshpatil/Desktop/Notes - PR and ontata/notes_app/output/Batch - 3 - Final - Contact notes/0bdf8da3d089/notes/1210_en_US_notes_contacts___PART037_111.txt,/home/kamleshpatil/Desktop/Notes - PR and ontata/notes_app/output/Batch - 3 - Final - Contact notes/0bdf8da3d089/screenshots/1210 fernando Ortiz - installation for smqrt .jpg
0bdf8da3d089_1211,aliyah gomz,2,renamed,/home/kamleshpatil/Desktop/Notes - PR and ontata/notes_app/output/Batch - 3 - Final - Contact notes/0bdf8da3d089/notes/1211_en_US_notes_contacts___PART037_112.txt,/home/kamleshpatil/Desktop/Notes - PR and ontata/notes_app/output/Batch - 3 - Final - Contact notes/0bdf8da3d089/screenshots/1211 aliyah Gomz - send playlist for party in.jpg
0bdf8da3d089_1212,discussed jayden,2,renamed,/home/kamleshpatil/Desktop/Notes - PR and ontata/notes_app/output/Batch - 3 - Final - Contact notes/0bdf8da3d089/notes/1212_en_US_notes_contacts___PART037_113.txt,/home/kamleshpatil/Desktop/Notes - PR and ontata/notes_app/output/Batch - 3 - Final - Contact notes/0bdf8da3d089/screenshots/1212 Discussed Jayden Reynolds Pest Control f.jpg
0bdf8da3d089_1213,omari edwards,2,renamed,/home/kamleshpatil/Desktop/Notes - PR and ontata/notes_app/output/Batch - 3 - Final - Contact notes/0bdf8da3d089/notes/1213_en_US_notes_contacts___PART037_114.txt,/home/kamleshpatil/Desktop/Notes - PR and ontata/notes_app/output/Batch - 3 - Final - Contact notes/0bdf8da3d089/screenshots/1213 omari Edwards Swinng Dance Clads 818-228.jpg
0bdf8da3d089_1214,min dj,2,renamed,/home/kamleshpatil/Desktop/Notes - PR and ontata/notes_app/output/Batch - 3 - Final - Contact notes/0bdf8da3d089/notes/1214_en_US_notes_contacts___PART037_115.txt,/home/kamleshpatil/Desktop/Notes - PR and ontata/notes_app/output/Batch - 3 - Final - Contact notes/0bdf8da3d089/screenshots/1214 min DJ 4706278185.jpg
0bdf8da3d089_1215,priya sullivan,2,renamed,/home/kamleshpatil/Desktop/Notes - PR and ontata/notes_app/output/Batch - 3 - Final - Contact notes/0bdf8da3d089/notes/1215_en_US_notes_contacts___PART037_116.txt,/home/kamleshpatil/Desktop/Notes - PR and ontata/notes_app/output/Batch - 3 - Final - Contact notes/0bdf8da3d089/screenshots/1215 priya Sullivan Financial Aid Contact San.jpg
0bdf8da3d089_1216,itzel gonzalez,2,renamed,/home/kamleshpatil/Desktop/Notes - PR and ontata/notes_app/output/Batch - 3 - Final - Contact notes/0bdf8da3d089/notes/1216_en_US_notes_contacts___PART037_117.txt,/home/kamleshpatil/Desktop/Notes - PR and ontata/notes_app/output/Batch - 3 - Final - Contact notes/0bdf8da3d089/screenshots/1216 itzel Gonzalez Boxing Coach 901 303 5704.jpg
0bdf8da3d089_1217,got a quote from leonardo,5,renamed,/home/kamleshpatil/Desktop/Notes - PR and ontata/notes_app/output/Batch - 3 - Final - Contact notes/0bdf8da3d089/notes/1217_en_US_notes_contacts___PART037_118.txt,/home/kamleshpatil/Desktop/Notes - PR and ontata/notes_app/output/Batch - 3 - Final - Contact notes/0bdf8da3d089/screenshots/1217 Got a quote from Leonardo Gupta IT Suppo.jpg
0bdf8da3d089_1218,selena 9293777918,2,renamed,/home/kamleshpatil/Desktop/Notes - PR and ontata/notes_app/output/Batch - 3 - Final - Contact notes/0bdf8da3d089/notes/1218_en_US_notes_contacts___PART037_119.txt,/home/kamleshpatil/Desktop/Notes - PR and ontata/notes_app/output/Batch - 3 - Final - Contact notes/0bdf8da3d089/screenshots/1218 selena.jpg
0bdf8da3d089_1219,hudson williams,2,renamed,/home/kamleshpatil/Desktop/Notes - PR and ontata/notes_app/output/Batch - 3 - Final - Contact notes/0bdf8da3d089/notes/1219_en_US_notes_contacts___PART037_120.txt,/home/kamleshpatil/Desktop/Notes - PR and ontata/notes_app/output/Batch - 3 - Final - Contact notes/0bdf8da3d089/screenshots/1219 hudson Williams - clean gutters  downspo.jpg
0bdf8da3d089_1220,curz edwards,2,renamed,/home/kamleshpatil/Desktop/Notes - PR and ontata/notes_app/output/Batch - 3 - Final - Contact notes/0bdf8da3d089/notes/1220_en_US_notes_contacts___PART038_121.txt,/home/kamleshpatil/Desktop/Notes - PR and ontata/notes_app/output/Batch - 3 - Final - Contact notes/0bdf8da3d089/screenshots/1220 curz Edwards - cake order for birthday.jpg
0bdf8da3d089_1221,easton hughes,2,renamed,/home/kamleshpatil/Desktop/Notes - PR and ontata/notes_app/output/Batch - 3 - Final - Contact notes/0bdf8da3d089/notes/1221_en_US_notes_contacts___PART038_122.txt,/home/kamleshpatil/Desktop/Notes - PR and ontata/notes_app/output/Batch - 3 - Final - Contact notes/0bdf8da3d089/screenshots/1221 easton Hughes - beginner tennis lesson i.jpg
0bdf8da3d089_1222,contact joseph,2,renamed,/home/kamleshpatil/Desktop/Notes - PR and ontata/notes_app/output/Batch - 3 - Final - Contact notes/0bdf8da3d089/notes/1222_en_US_notes_contacts___PART038_123.txt,/home/kamleshpatil/Desktop/Notes - PR and ontata/notes_app/output/Batch - 3 - Final - Contact notes/0bdf8da3d089/screenshots/1222 contact Joseph Pilates Instructor from S.jpg
0bdf8da3d089_1223,invoiced akirra,2,renamed,/home/kamleshpatil/Desktop/Notes - PR and ontata/notes_app/output/Batch - 3 - Final - Contact notes/0bdf8da3d089/notes/1223_en_US_notes_contacts___PART038_124.txt,/home/kamleshpatil/Desktop/Notes - PR and ontata/notes_app/output/Batch - 3 - Final - Contact notes/0bdf8da3d089/screenshots/1223 invoiced Akirra Clark Plumber from Mobil.jpg
0bdf8da3d089_1224,ceesar adams,2,renamed,/home/kamleshpatil/Desktop/Notes - PR and ontata/notes_app/output/Batch - 3 - Final - Contact notes/0bdf8da3d089/notes/1224_en_US_notes_contacts___PART038_125.txt,/home/kamleshpatil/Desktop/Notes - PR and ontata/notes_app/output/Batch - 3 - Final - Contact notes/0bdf8da3d089/screenshots/1224 Ceesar Adams - dog meds refill.jpg
0bdf8da3d089_1225,kennedi dorm,2,renamed,/home/kamleshpatil/Desktop/Notes - PR and ontata/notes_app/output/Batch - 3 - Final - Contact notes/0bdf8da3d089/notes/1225_en_US_notes_contacts___PART038_126.txt,/home/kamleshpatil/Desktop/Notes - PR and ontata/notes_app/output/Batch - 3 - Final - Contact notes/0bdf8da3d089/screenshots/1225 Kennedi.jpg
0bdf8da3d089_1226,vance park,2,renamed,/home/kamleshpatil/Desktop/Notes - PR and ontata/notes_app/output/Batch - 3 - Final - Contact notes/0bdf8da3d089/notes/1226_en_US_notes_contacts___PART038_127.txt,/home/kamleshpatil/Desktop/Notes - PR and ontata/notes_app/output/Batch - 3 - Final - Contact notes/0bdf8da3d089/screenshots/1226 vance Park.jpg
0bdf8da3d089_1227,margot turner,2,renamed,/home/kamleshpatil/Desktop/Notes - PR and ontata/notes_app/output/Batch - 3 - Final - Contact notes/0bdf8da3d089/notes/1227_en_US_notes_contacts___PART038_128.txt,/home/kamleshpatil/Desktop/Notes - PR and ontata/notes_app/output/Batch - 3 - Final - Contact notes/0bdf8da3d089/screenshots/1227 margot Turner Pilaes Instructor 70233576.jpg
0bdf8da3d089_1228,emrys aguilar,2,renamed,/home/kamleshpatil/Desktop/Notes - PR and ontata/notes_app/output/Batch - 3 - Final - Contact notes/0bdf8da3d089/notes/1228_en_US_notes_contacts___PART038_129.txt,/home/kamleshpatil/Desktop/Notes - PR and ontata/notes_app/output/Batch - 3 - Final - Contact notes/0bdf8da3d089/screenshots/1228 emrys Aguilar Tax Preparer 516-444-2452.jpg
0bdf8da3d089_1229,delia hays,2,renamed,/home/kamleshpatil/Desktop/Notes - PR and ontata/notes_app/output/Batch - 3 - Final - Contact notes/0bdf8da3d089/notes/1229_en_US_notes_contacts___PART038_130.txt,/home/kamleshpatil/Desktop/Notes - PR and ontata/notes_app/output/Batch - 3 - Final - Contact notes/0bdf8da3d089/screenshots/1229 Delia Hays Pharmacy Tech 929 707 1850.jpg
0bdf8da3d089_1230,mjaor 202,2,renamed,/home/kamleshpatil/Desktop/Notes - PR and ontata/notes_app/output/Batch - 3 - Final - Contact notes/0bdf8da3d089/notes/1230_en_US_notes_contacts___PART038_131.txt,/home/kamleshpatil/Desktop/Notes - PR and ontata/notes_app/output/Batch - 3 - Final - Contact notes/0bdf8da3d089/screenshots/1230 mjaor.jpg
0bdf8da3d089_1231,shira allen,2,renamed,/home/kamleshpatil/Desktop/Notes - PR and ontata/notes_app/output/Batch - 3 - Final - Contact notes/0bdf8da3d089/notes/1231_en_US_notes_contacts___PART038_132.txt,/home/kamleshpatil/Desktop/Notes - PR and ontata/notes_app/output/Batch - 3 - Final - Contact notes/0bdf8da3d089/screenshots/1231 Shira Allen.jpg
0bdf8da3d089_1232,walker byrd,2,renamed,/home/kamleshpatil/Desktop/Notes - PR and ontata/notes_app/output/Batch - 3 - Final - Contact notes/0bdf8da3d089/notes/1232_en_US_notes_contacts___PART038_133.txt,/home/kamleshpatil/Desktop/Notes - PR and ontata/notes_app/output/Batch - 3 - Final - Contact notes/0bdf8da3d089/screenshots/1232 walker Byrd Mentor 8188644386.jpg
0bdf8da3d089_1233,pierce chanler,2,renamed,/home/kamleshpatil/Desktop/Notes - PR and ontata/notes_app/output/Batch - 3 - Final - Contact notes/0bdf8da3d089/notes/1233_en_US_notes_contacts___PART038_134.txt,/home/kamleshpatil/Desktop/Notes - PR and ontata/notes_app/output/Batch - 3 - Final - Contact notes/0bdf8da3d089/screenshots/1233 pierce Chanler - library bpoks due quest.jpg
0bdf8da3d089_1234,sent info to raj,4,renamed,/home/kamleshpatil/Desktop/Notes - PR and ontata/notes_app/output/Batch - 3 - Final - Contact notes/0bdf8da3d089/notes/1234_en_US_notes_contacts___PART038_135.txt,/home/kamleshpatil/Desktop/Notes - PR and ontata/notes_app/output/Batch - 3 - Final - Contact notes/0bdf8da3d089/screenshots/1234 sent info to Raj Perez Orthodontist abou.jpg
0bdf8da3d089_1235,quinn it,2,renamed,/home/kamleshpatil/Desktop/Notes - PR and ontata/notes_app/output/Batch - 3 - Final - Contact notes/0bdf8da3d089/notes/1235_en_US_notes_contacts___PART038_136.txt,/home/kamleshpatil/Desktop/Notes - PR and ontata/notes_app/output/Batch - 3 - Final - Contact notes/0bdf8da3d089/screenshots/1235 Quinn IT Support 919 4059057.jpg
0bdf8da3d089_1236,sarah vodeographer,2,renamed,/home/kamleshpatil/Desktop/Notes - PR and ontata/notes_app/output/Batch - 3 - Final - Contact notes/0bdf8da3d089/notes/1236_en_US_notes_contacts___PART038_137.txt,/home/kamleshpatil/Desktop/Notes - PR and ontata/notes_app/output/Batch - 3 - Final - Contact notes/0bdf8da3d089/screenshots/1236 sarah Vodeographer 720 551 3627.jpg
0bdf8da3d089_1237,natalia pool,2,renamed,/home/kamleshpatil/Desktop/Notes - PR and ontata/notes_app/output/Batch - 3 - Final - Contact notes/0bdf8da3d089/notes/1237_en_US_notes_contacts___PART038_138.txt,/home/kamleshpatil/Desktop/Notes - PR and ontata/notes_app/output/Batch - 3 - Final - Contact notes/0bdf8da3d089/screenshots/1237 natalia Pool Maintenance 754 681 8920.jpg
0bdf8da3d089_1238,carolina williams,2,renamed,/home/kamleshpatil/Desktop/Notes - PR and ontata/notes_app/output/Batch - 3 - Final - Contact notes/0bdf8da3d089/notes/1238_en_US_notes_contacts___PART038_139.txt,/home/kamleshpatil/Desktop/Notes - PR and ontata/notes_app/output/Batch - 3 - Final - Contact notes/0bdf8da3d089/screenshots/1238 carolina Williams Tutor 8015567162.jpg
0bdf8da3d089_1239,peenlope nguyen,2,renamed,/home/kamleshpatil/Desktop/Notes - PR and ontata/notes_app/output/Batch - 3 - Final - Contact notes/0bdf8da3d089/notes/1239_en_US_notes_contacts___PART038_140.txt,/home/kamleshpatil/Desktop/Notes - PR and ontata/notes_app/output/Batch - 3 - Final - Contact notes/0bdf8da3d089/screenshots/1239 peenlope Nguyen - fish tank cleaning thi.jpg
0bdf8da3d089_1240,bentley fish,2,renamed,/home/kamleshpatil/Desktop/Notes - PR and ontata/notes_app/output/Batch - 3 - Final - Contact notes/0bdf8da3d089/notes/1240_en_US_notes_contacts___PART039_141.txt,/home/kamleshpatil/Desktop/Notes - PR and ontata/notes_app/output/Batch - 3 - Final - Contact notes/0bdf8da3d089/screenshots/1240 bentley - fish tank cleaning this weeken.jpg
0bdf8da3d089_1241,josiha harris,2,renamed,/home/kamleshpatil/Desktop/Notes - PR and ontata/notes_app/output/Batch - 3 - Final - Contact notes/0bdf8da3d089/notes/1241_en_US_notes_contacts___PART039_142.txt,/home/kamleshpatil/Desktop/Notes - PR and ontata/notes_app/output/Batch - 3 - Final - Contact notes/0bdf8da3d089/screenshots/1241 Josiha Harris Party Rental 929 253 4999.jpg
0bdf8da3d089_1242,harper sarma,2,renamed,/home/kamleshpatil/Desktop/Notes - PR and ontata/notes_app/output/Batch - 3 - Final - Contact notes/0bdf8da3d089/notes/1242_en_US_notes_contacts___PART039_143.txt,/home/kamleshpatil/Desktop/Notes - PR and ontata/notes_app/output/Batch - 3 - Final - Contact notes/0bdf8da3d089/screenshots/1242 harper Sarma Mortgage Broker 516 405 278.jpg
0bdf8da3d089_1243,esmeralda cooperr,2,renamed,/home/kamleshpatil/Desktop/Notes - PR and ontata/notes_app/output/Batch - 3 - Final - Contact notes/0bdf8da3d089/notes/1243_en_US_notes_contacts___PART039_144.txt,/home/kamleshpatil/Desktop/Notes - PR and ontata/notes_app/output/Batch - 3 - Final - Contact notes/0bdf8da3d089/screenshots/1243 Esmeralda Cooperr Pet Sitter Augusta 754.jpg
0bdf8da3d089_1244,trevon huag,2,renamed,/home/kamleshpatil/Desktop/Notes - PR and ontata/notes_app/output/Batch - 3 - Final - Contact notes/0bdf8da3d089/notes/1244_en_US_notes_contacts___PART039_145.txt,/home/kamleshpatil/Desktop/Notes - PR and ontata/notes_app/output/Batch - 3 - Final - Contact notes/0bdf8da3d089/screenshots/1244 trevon Huag.jpg
0bdf8da3d089_1245,daniela installqtion,2,renamed,/home/kamleshpatil/Desktop/Notes - PR and ontata/notes_app/output/Batch - 3 - Final - Contact notes/0bdf8da3d089/notes/1245_en_US_notes_contacts___PART039_146.txt,/home/kamleshpatil/Desktop/Notes - PR and ontata/notes_app/output/Batch - 3 - Final - Contact notes/0bdf8da3d089/screenshots/1245 daniela - installqtion for smart sesors.jpg
0bdf8da3d089_1246,theoo ceramuc,2,renamed,/home/kamleshpatil/Desktop/Notes - PR and ontata/notes_app/output/Batch - 3 - Final - Contact notes/0bdf8da3d089/notes/1246_en_US_notes_contacts___PART039_147.txt,/home/kamleshpatil/Desktop/Notes - PR and ontata/notes_app/output/Batch - 3 - Final - Contact notes/0bdf8da3d089/screenshots/1246 theoo - ceramuc coating next month.jpg
0bdf8da3d089_1247,drew roegrrs,2,renamed,/home/kamleshpatil/Desktop/Notes - PR and ontata/notes_app/output/Batch - 3 - Final - Contact notes/0bdf8da3d089/notes/1247_en_US_notes_contacts___PART039_148.txt,/home/kamleshpatil/Desktop/Notes - PR and ontata/notes_app/output/Batch - 3 - Final - Contact notes/0bdf8da3d089/screenshots/1247 Drew Roegrrs - teachs acooustic and elec.jpg
0bdf8da3d089_1248,bella title,2,renamed,/home/kamleshpatil/Desktop/Notes - PR and ontata/notes_app/output/Batch - 3 - Final - Contact notes/0bdf8da3d089/notes/1248_en_US_notes_contacts___PART039_149.txt,/home/kamleshpatil/Desktop/Notes - PR and ontata/notes_app/output/Batch - 3 - Final - Contact notes/0bdf8da3d089/screenshots/1248 bella Title Company 415-919-3395.jpg
0bdf8da3d089_1249,haden bdge,2,renamed,/home/kamleshpatil/Desktop/Notes - PR and ontata/notes_app/output/Batch - 3 - Final - Contact notes/0bdf8da3d089/notes/1249_en_US_notes_contacts___PART039_150.txt,/home/kamleshpatil/Desktop/Notes - PR and ontata/notes_app/output/Batch - 3 - Final - Contact notes/0bdf8da3d089/screenshots/1249 haden - bdge access request in Memphis.jpg
0bdf8da3d089_1250,follow up w rmey,4,renamed,/home/kamleshpatil/Desktop/Notes - PR and ontata/notes_app/output/Batch - 3 - Final - Contact notes/0bdf8da3d089/notes/1250_en_US_notes_contacts___PART039_151.txt,/home/kamleshpatil/Desktop/Notes - PR and ontata/notes_app/output/Batch - 3 - Final - Contact notes/0bdf8da3d089/screenshots/1250 follow up w Rmey Guitar Tutor about send.jpg
0bdf8da3d089_1251,owen landsaping,2,renamed,/home/kamleshpatil/Desktop/Notes - PR and ontata/notes_app/output/Batch - 3 - Final - Contact notes/0bdf8da3d089/notes/1251_en_US_notes_contacts___PART039_152.txt,/home/kamleshpatil/Desktop/Notes - PR and ontata/notes_app/output/Batch - 3 - Final - Contact notes/0bdf8da3d089/screenshots/1251 Owen Landsaping 267 947 5223.jpg
0bdf8da3d089_1252,jason accountant,2,renamed,/home/kamleshpatil/Desktop/Notes - PR and ontata/notes_app/output/Batch - 3 - Final - Contact notes/0bdf8da3d089/notes/1252_en_US_notes_contacts___PART039_153.txt,/home/kamleshpatil/Desktop/Notes - PR and ontata/notes_app/output/Batch - 3 - Final - Contact notes/0bdf8da3d089/screenshots/1252 Jason Accountant 303 563 4859.jpg
0bdf8da3d089_1253,luna dermatologist,2,renamed,/home/kamleshpatil/Desktop/Notes - PR and ontata/notes_app/output/Batch - 3 - Final - Contact notes/0bdf8da3d089/notes/1253_en_US_notes_contacts___PART039_154.txt,/home/kamleshpatil/Desktop/Notes - PR and ontata/notes_app/output/Batch - 3 - Final - Contact notes/0bdf8da3d089/screenshots/1253 luna Dermatologist 8012412308.jpg
0bdf8da3d089_1254,drew griffin,2,renamed,/home/kamleshpatil/Desktop/Notes - PR and ontata/notes_app/output/Batch - 3 - Final - Contact notes/0bdf8da3d089/notes/1254_en_US_notes_contacts___PART039_155.txt,/home/kamleshpatil/Desktop/Notes - PR and ontata/notes_app/output/Batch - 3 - Final - Contact notes/0bdf8da3d089/screenshots/1254 drew Griffin.jpg
0bdf8da3d089_1255,sullivan baker,2,renamed,/home/kamleshpatil/Desktop/Notes - PR and ontata/notes_app/output/Batch - 3 - Final - Contact notes/0bdf8da3d089/notes/1255_en_US_notes_contacts___PART039_156.txt,/home/kamleshpatil/Desktop/Notes - PR and ontata/notes_app/output/Batch - 3 - Final - Contact notes/0bdf8da3d089/screenshots/1255 sullivan Baker.jpg
0bdf8da3d089_1256,aiko clean,2,renamed,/home/kamleshpatil/Desktop/Notes - PR and ontata/notes_app/output/Batch - 3 - Final - Contact notes/0bdf8da3d089/notes/1256_en_US_notes_contacts___PART039_157.txt,/home/kamleshpatil/Desktop/Notes - PR and ontata/notes_app/output/Batch - 3 - Final - Contact notes/0bdf8da3d089/screenshots/1256 aiko.jpg
0bdf8da3d089_1257,checked witth,2,renamed,/home/kamleshpatil/Desktop/Notes - PR and ontata/notes_app/output/Batch - 3 - Final - Contact notes/0bdf8da3d089/notes/1257_en_US_notes_contacts___PART039_158.txt,/home/kamleshpatil/Desktop/Notes - PR and ontata/notes_app/output/Batch - 3 - Final - Contact notes/0bdf8da3d089/screenshots/1257 checked witth Betsy Pet Sitter from Wins.jpg
0bdf8da3d089_1258,reminder casey,2,renamed,/home/kamleshpatil/Desktop/Notes - PR and ontata/notes_app/output/Batch - 3 - Final - Contact notes/0bdf8da3d089/notes/1258_en_US_notes_contacts___PART039_159.txt,/home/kamleshpatil/Desktop/Notes - PR and ontata/notes_app/output/Batch - 3 - Final - Contact notes/0bdf8da3d089/screenshots/1258 reminder Casey Handyman about ac repair .jpg
0bdf8da3d089_1259,jaco bellis,2,renamed,/home/kamleshpatil/Desktop/Notes - PR and ontata/notes_app/output/Batch - 3 - Final - Contact notes/0bdf8da3d089/notes/1259_en_US_notes_contacts___PART039_160.txt,/home/kamleshpatil/Desktop/Notes - PR and ontata/notes_app/output/Batch - 3 - Final - Contact notes/0bdf8da3d089/screenshots/1259 jaco bEllis.jpg
0bdf8da3d089_1260,met carter,2,renamed,/home/kamleshpatil/Desktop/Notes - PR and ontata/notes_app/output/Batch - 3 - Final - Contact notes/0bdf8da3d089/notes/1260_en_US_notes_contacts___PART040_161.txt,/home/kamleshpatil/Desktop/Notes - PR and ontata/notes_app/output/Batch - 3 - Final - Contact notes/0bdf8da3d089/screenshots/1260 Met Carter Collins College Advisor about.jpg
0bdf8da3d089_1261,walker jackson,2,renamed,/home/kamleshpatil/Desktop/Notes - PR and ontata/notes_app/output/Batch - 3 - Final - Contact notes/0bdf8da3d089/notes/1261_en_US_notes_contacts___PART040_162.txt,/home/kamleshpatil/Desktop/Notes - PR and ontata/notes_app/output/Batch - 3 - Final - Contact notes/0bdf8da3d089/screenshots/1261 walker Jackson.jpg
0bdf8da3d089_1262,ask thea,2,renamed,/home/kamleshpatil/Desktop/Notes - PR and ontata/notes_app/output/Batch - 3 - Final - Contact notes/0bdf8da3d089/notes/1262_en_US_notes_contacts___PART040_163.txt,/home/kamleshpatil/Desktop/Notes - PR and ontata/notes_app/output/Batch - 3 - Final - Contact notes/0bdf8da3d089/screenshots/1262 ask Thea Coleman Soccer Coach from Hunts.jpg
0bdf8da3d089_1263,kai jordan,2,renamed,/home/kamleshpatil/Desktop/Notes - PR and ontata/notes_app/output/Batch - 3 - Final - Contact notes/0bdf8da3d089/notes/1263_en_US_notes_contacts___PART040_164.txt,/home/kamleshpatil/Desktop/Notes - PR and ontata/notes_app/output/Batch - 3 - Final - Contact notes/0bdf8da3d089/screenshots/1263 Kai Jordan Yoga Coch 7027738630.jpg
0bdf8da3d089_1264,messaged emilio,2,renamed,/home/kamleshpatil/Desktop/Notes - PR and ontata/notes_app/output/Batch - 3 - Final - Contact notes/0bdf8da3d089/notes/1264_en_US_notes_contacts___PART040_165.txt,/home/kamleshpatil/Desktop/Notes - PR and ontata/notes_app/output/Batch - 3 - Final - Contact notes/0bdf8da3d089/screenshots/1264 messaged Emilio Mortgahe Broker.jpg
0bdf8da3d089_1265,eduardo chavez,2,renamed,/home/kamleshpatil/Desktop/Notes - PR and ontata/notes_app/output/Batch - 3 - Final - Contact notes/0bdf8da3d089/notes/1265_en_US_notes_contacts___PART040_166.txt,/home/kamleshpatil/Desktop/Notes - PR and ontata/notes_app/output/Batch - 3 - Final - Contact notes/0bdf8da3d089/screenshots/1265 eduardo Chavez - ira contributipn questi.jpg
0bdf8da3d089_1266,laila mehta,2,renamed,/home/kamleshpatil/Desktop/Notes - PR and ontata/notes_app/output/Batch - 3 - Final - Contact notes/0bdf8da3d089/notes/1266_en_US_notes_contacts___PART040_167.txt,/home/kamleshpatil/Desktop/Notes - PR and ontata/notes_app/output/Batch - 3 - Final - Contact notes/0bdf8da3d089/screenshots/1266 laila Mehta.jpg
0bdf8da3d089_1267,called kevin,2,renamed,/home/kamleshpatil/Desktop/Notes - PR and ontata/notes_app/output/Batch - 3 - Final - Contact notes/0bdf8da3d089/notes/1267_en_US_notes_contacts___PART040_168.txt,/home/kamleshpatil/Desktop/Notes - PR and ontata/notes_app/output/Batch - 3 - Final - Contact notes/0bdf8da3d089/screenshots/1267 called Kevin Rogers Party Rental from Om.jpg
0bdf8da3d089_1268,damian gupta,2,renamed,/home/kamleshpatil/Desktop/Notes - PR and ontata/notes_app/output/Batch - 3 - Final - Contact notes/0bdf8da3d089/notes/1268_en_US_notes_contacts___PART040_169.txt,/home/kamleshpatil/Desktop/Notes - PR and ontata/notes_app/output/Batch - 3 - Final - Contact notes/0bdf8da3d089/screenshots/1268 Damian Gupta Classmate 267-503-4945.jpg
0bdf8da3d089_1269,gage dentist,2,renamed,/home/kamleshpatil/Desktop/Notes - PR and ontata/notes_app/output/Batch - 3 - Final - Contact notes/0bdf8da3d089/notes/1269_en_US_notes_contacts___PART040_170.txt,/home/kamleshpatil/Desktop/Notes - PR and ontata/notes_app/output/Batch - 3 - Final - Contact notes/0bdf8da3d089/screenshots/1269 gage Dentist 929 9558825.jpg
0bdf8da3d089_1270,pick up from imani,4,renamed,/home/kamleshpatil/Desktop/Notes - PR and ontata/notes_app/output/Batch - 3 - Final - Contact notes/0bdf8da3d089/notes/1270_en_US_notes_contacts___PART040_171.txt,/home/kamleshpatil/Desktop/Notes - PR and ontata/notes_app/output/Batch - 3 - Final - Contact notes/0bdf8da3d089/screenshots/1270 Pick up from Imani Gonzalez Vocal Cooach.jpg
0bdf8da3d089_1271,contact isaac,2,renamed,/home/kamleshpatil/Desktop/Notes - PR and ontata/notes_app/output/Batch - 3 - Final - Contact notes/0bdf8da3d089/notes/1271_en_US_notes_contacts___PART040_172.txt,/home/kamleshpatil/Desktop/Notes - PR and ontata/notes_app/output/Batch - 3 - Final - Contact notes/0bdf8da3d089/screenshots/1271 contact Isaac Chavez Mobile Detailing ab.jpg
0bdf8da3d089_1272,rna russell,2,renamed,/home/kamleshpatil/Desktop/Notes - PR and ontata/notes_app/output/Batch - 3 - Final - Contact notes/0bdf8da3d089/notes/1272_en_US_notes_contacts___PART040_173.txt,/home/kamleshpatil/Desktop/Notes - PR and ontata/notes_app/output/Batch - 3 - Final - Contact notes/0bdf8da3d089/screenshots/1272 rna Russell College Advisor 754 628 4072.jpg
0bdf8da3d089_1273,aaron orthodontist,2,renamed,/home/kamleshpatil/Desktop/Notes - PR and ontata/notes_app/output/Batch - 3 - Final - Contact notes/0bdf8da3d089/notes/1273_en_US_notes_contacts___PART040_174.txt,/home/kamleshpatil/Desktop/Notes - PR and ontata/notes_app/output/Batch - 3 - Final - Contact notes/0bdf8da3d089/screenshots/1273 aaron Orthodontist 801 4678424.jpg
0bdf8da3d089_1274,jin frost,2,renamed,/home/kamleshpatil/Desktop/Notes - PR and ontata/notes_app/output/Batch - 3 - Final - Contact notes/0bdf8da3d089/notes/1274_en_US_notes_contacts___PART040_175.txt,/home/kamleshpatil/Desktop/Notes - PR and ontata/notes_app/output/Batch - 3 - Final - Contact notes/0bdf8da3d089/screenshots/1274 jin Frost HR Rep 3237412861.jpg
0bdf8da3d089_1275,messaged cole,2,renamed,/home/kamleshpatil/Desktop/Notes - PR and ontata/notes_app/output/Batch - 3 - Final - Contact notes/0bdf8da3d089/notes/1275_en_US_notes_contacts___PART040_176.txt,/home/kamleshpatil/Desktop/Notes - PR and ontata/notes_app/output/Batch - 3 - Final - Contact notes/0bdf8da3d089/screenshots/1275 messaged Cole Hall Gym Trainer 919 918 1.jpg
0bdf8da3d089_1276,connect with hana,3,renamed,/home/kamleshpatil/Desktop/Notes - PR and ontata/notes_app/output/Batch - 3 - Final - Contact notes/0bdf8da3d089/notes/1276_en_US_notes_contacts___PART040_177.txt,/home/kamleshpatil/Desktop/Notes - PR and ontata/notes_app/output/Batch - 3 - Final - Contact notes/0bdf8da3d089/screenshots/1276 Connect with Hana Owns Orthodontist.jpg
0bdf8da3d089_1277,rodrigo sullivan,2,renamed,/home/kamleshpatil/Desktop/Notes - PR and ontata/notes_app/output/Batch - 3 - Final - Contact notes/0bdf8da3d089/notes/1277_en_US_notes_contacts___PART040_178.txt,/home/kamleshpatil/Desktop/Notes - PR and ontata/notes_app/output/Batch - 3 - Final - Contact notes/0bdf8da3d089/screenshots/1277 rodrigo Sullivan.jpg
0bdf8da3d089_1278,simone hokt,2,renamed,/home/kamleshpatil/Desktop/Notes - PR and ontata/notes_app/output/Batch - 3 - Final - Contact notes/0bdf8da3d089/notes/1278_en_US_notes_contacts___PART040_179.txt,/home/kamleshpatil/Desktop/Notes - PR and ontata/notes_app/output/Batch - 3 - Final - Contact notes/0bdf8da3d089/screenshots/1278 Simone Hokt.jpg
0bdf8da3d089_1279,meera scott,2,renamed,/home/kamleshpatil/Desktop/Notes - PR and ontata/notes_app/output/Batch - 3 - Final - Contact notes/0bdf8da3d089/notes/1279_en_US_notes_contacts___PART040_180.txt,/home/kamleshpatil/Desktop/Notes - PR and ontata/notes_app/output/Batch - 3 - Final - Contact notes/0bdf8da3d089/screenshots/1279 Meera Scott.jpg
0bdf8da3d089_1280,aaron cruz,2,renamed,/home/kamleshpatil/Desktop/Notes - PR and ontata/notes_app/output/Batch - 3 - Final - Contact notes/0bdf8da3d089/notes/1280_en_US_notes_contacts___PART041_181.txt,/home/kamleshpatil/Desktop/Notes - PR and ontata/notes_app/output/Batch - 3 - Final - Contact notes/0bdf8da3d089/screenshots/1280 aaron Cruz Shelter Contact Fayetteville .jpg
0bdf8da3d089_1281,schedule w bentley,3,renamed,/home/kamleshpatil/Desktop/Notes - PR and ontata/notes_app/output/Batch - 3 - Final - Contact notes/0bdf8da3d089/notes/1281_en_US_notes_contacts___PART041_182.txt,/home/kamleshpatil/Desktop/Notes - PR and ontata/notes_app/output/Batch - 3 - Final - Contact notes/0bdf8da3d089/screenshots/1281 Schedule w Bentley Castillo Reservations.jpg
0bdf8da3d089_1282,sylvie eaton,2,renamed,/home/kamleshpatil/Desktop/Notes - PR and ontata/notes_app/output/Batch - 3 - Final - Contact notes/0bdf8da3d089/notes/1282_en_US_notes_contacts___PART041_183.txt,/home/kamleshpatil/Desktop/Notes - PR and ontata/notes_app/output/Batch - 3 - Final - Contact notes/0bdf8da3d089/screenshots/1282 Sylvie Eaton Appliance Repair 201-487-59.jpg
0bdf8da3d089_1283,invoiced sarah,2,renamed,/home/kamleshpatil/Desktop/Notes - PR and ontata/notes_app/output/Batch - 3 - Final - Contact notes/0bdf8da3d089/notes/1283_en_US_notes_contacts___PART041_184.txt,/home/kamleshpatil/Desktop/Notes - PR and ontata/notes_app/output/Batch - 3 - Final - Contact notes/0bdf8da3d089/screenshots/1283 Invoiced Sarah Rodriguez Bike Shop 61769.jpg
0bdf8da3d089_1284,santiago thornton,2,renamed,/home/kamleshpatil/Desktop/Notes - PR and ontata/notes_app/output/Batch - 3 - Final - Contact notes/0bdf8da3d089/notes/1284_en_US_notes_contacts___PART041_185.txt,/home/kamleshpatil/Desktop/Notes - PR and ontata/notes_app/output/Batch - 3 - Final - Contact notes/0bdf8da3d089/screenshots/1284 santiago Thornton Gym Trainer 9017032214.jpg
0bdf8da3d089_1285,soren barker,2,renamed,/home/kamleshpatil/Desktop/Notes - PR and ontata/notes_app/output/Batch - 3 - Final - Contact notes/0bdf8da3d089/notes/1285_en_US_notes_contacts___PART041_186.txt,/home/kamleshpatil/Desktop/Notes - PR and ontata/notes_app/output/Batch - 3 - Final - Contact notes/0bdf8da3d089/screenshots/1285 Soren Barker - dorm maintenance follow-u.jpg
0bdf8da3d089_1286,joshua bose,2,renamed,/home/kamleshpatil/Desktop/Notes - PR and ontata/notes_app/output/Batch - 3 - Final - Contact notes/0bdf8da3d089/notes/1286_en_US_notes_contacts___PART041_187.txt,/home/kamleshpatil/Desktop/Notes - PR and ontata/notes_app/output/Batch - 3 - Final - Contact notes/0bdf8da3d089/screenshots/1286 joshua Bose - math tutoring for finals.jpg
0bdf8da3d089_1287,need to taalk,3,renamed,/home/kamleshpatil/Desktop/Notes - PR and ontata/notes_app/output/Batch - 3 - Final - Contact notes/0bdf8da3d089/notes/1287_en_US_notes_contacts___PART041_188.txt,/home/kamleshpatil/Desktop/Notes - PR and ontata/notes_app/output/Batch - 3 - Final - Contact notes/0bdf8da3d089/screenshots/1287 Need to taalk to Celeste Barber about na.jpg
0bdf8da3d089_1288,got a quote from joshua,5,renamed,/home/kamleshpatil/Desktop/Notes - PR and ontata/notes_app/output/Batch - 3 - Final - Contact notes/0bdf8da3d089/notes/1288_en_US_notes_contacts___PART041_189.txt,/home/kamleshpatil/Desktop/Notes - PR and ontata/notes_app/output/Batch - 3 - Final - Contact notes/0bdf8da3d089/screenshots/1288 Got a quote from Joshua Weston Eletion V.jpg
0bdf8da3d089_1289,call jermaine,2,renamed,/home/kamleshpatil/Desktop/Notes - PR and ontata/notes_app/output/Batch - 3 - Final - Contact notes/0bdf8da3d089/notes/1289_en_US_notes_contacts___PART041_190.txt,/home/kamleshpatil/Desktop/Notes - PR and ontata/notes_app/output/Batch - 3 - Final - Contact notes/0bdf8da3d089/screenshots/1289 call Jermaine Reyes Mentor 901 7589906.jpg
0bdf8da3d089_1290,need to tak,3,renamed,/home/kamleshpatil/Desktop/Notes - PR and ontata/notes_app/output/Batch - 3 - Final - Contact notes/0bdf8da3d089/notes/1290_en_US_notes_contacts___PART041_191.txt,/home/kamleshpatil/Desktop/Notes - PR and ontata/notes_app/output/Batch - 3 - Final - Contact notes/0bdf8da3d089/screenshots/1290 need to tak to Dev Haynes Fissh Tank Cle.jpg
0bdf8da3d089_1291,zhuri kumar,2,renamed,/home/kamleshpatil/Desktop/Notes - PR and ontata/notes_app/output/Batch - 3 - Final - Contact notes/0bdf8da3d089/notes/1291_en_US_notes_contacts___PART041_192.txt,/home/kamleshpatil/Desktop/Notes - PR and ontata/notes_app/output/Batch - 3 - Final - Contact notes/0bdf8da3d089/screenshots/1291 zhuri Kumar - follow up on adoption appl.jpg
0bdf8da3d089_1292,reminder javier,2,renamed,/home/kamleshpatil/Desktop/Notes - PR and ontata/notes_app/output/Batch - 3 - Final - Contact notes/0bdf8da3d089/notes/1292_en_US_notes_contacts___PART041_193.txt,/home/kamleshpatil/Desktop/Notes - PR and ontata/notes_app/output/Batch - 3 - Final - Contact notes/0bdf8da3d089/screenshots/1292 reminder Javier Chavez Social Media Manq.jpg
0bdf8da3d089_1293,crew castilllo,2,renamed,/home/kamleshpatil/Desktop/Notes - PR and ontata/notes_app/output/Batch - 3 - Final - Contact notes/0bdf8da3d089/notes/1293_en_US_notes_contacts___PART041_194.txt,/home/kamleshpatil/Desktop/Notes - PR and ontata/notes_app/output/Batch - 3 - Final - Contact notes/0bdf8da3d089/screenshots/1293 crew Castilllo.jpg
0bdf8da3d089_1294,yara garrett,2,renamed,/home/kamleshpatil/Desktop/Notes - PR and ontata/notes_app/output/Batch - 3 - Final - Contact notes/0bdf8da3d089/notes/1294_en_US_notes_contacts___PART041_195.txt,/home/kamleshpatil/Desktop/Notes - PR and ontata/notes_app/output/Batch - 3 - Final - Contact notes/0bdf8da3d089/screenshots/1294 Yara Garrett - logo revision round 2.jpg
0bdf8da3d089_1295,talon lopez,2,renamed,/home/kamleshpatil/Desktop/Notes - PR and ontata/notes_app/output/Batch - 3 - Final - Contact notes/0bdf8da3d089/notes/1295_en_US_notes_contacts___PART041_196.txt,/home/kamleshpatil/Desktop/Notes - PR and ontata/notes_app/output/Batch - 3 - Final - Contact notes/0bdf8da3d089/screenshots/1295 talon Lopez.jpg
0bdf8da3d089_1296,ctalina aguilar,2,renamed,/home/kamleshpatil/Desktop/Notes - PR and ontata/notes_app/output/Batch - 3 - Final - Contact notes/0bdf8da3d089/notes/1296_en_US_notes_contacts___PART041_197.txt,/home/kamleshpatil/Desktop/Notes - PR and ontata/notes_app/output/Batch - 3 - Final - Contact notes/0bdf8da3d089/screenshots/1296 ctalina Aguilar.jpg
0bdf8da3d089_1297,reid hayes,2,renamed,/home/kamleshpatil/Desktop/Notes - PR and ontata/notes_app/output/Batch - 3 - Final - Contact notes/0bdf8da3d089/notes/1297_en_US_notes_contacts___PART041_198.txt,/home/kamleshpatil/Desktop/Notes - PR and ontata/notes_app/output/Batch - 3 - Final - Contact notes/0bdf8da3d089/screenshots/1297 reid Hayes Chiropractor San Joose 310433.jpg
0bdf8da3d089_1298,holden tran,2,renamed,/home/kamleshpatil/Desktop/Notes - PR and ontata/notes_app/output/Batch - 3 - Final - Contact notes/0bdf8da3d089/notes/1298_en_US_notes_contacts___PART041_199.txt,/home/kamleshpatil/Desktop/Notes - PR and ontata/notes_app/output/Batch - 3 - Final - Contact notes/0bdf8da3d089/screenshots/1298 Holden Tran Music Instructor 3236316899.jpg
0bdf8da3d089_1299,pick up from elizabteh,4,renamed,/home/kamleshpatil/Desktop/Notes - PR and ontata/notes_app/output/Batch - 3 - Final - Contact notes/0bdf8da3d089/notes/1299_en_US_notes_contacts___PART041_200.txt,/home/kamleshpatil/Desktop/Notes - PR and ontata/notes_app/output/Batch - 3 - Final - Contact notes/0bdf8da3d089/screenshots/1299 Pick up from Elizabteh Medina Nail Tech .jpg
0bdf8da3d089_1300,lyric volunteeer,2,renamed,/home/kamleshpatil/Desktop/Notes - PR and ontata/notes_app/output/Batch - 3 - Final - Contact notes/0bdf8da3d089/notes/1300_en_US_notes_contacts___PART042_201.txt,/home/kamleshpatil/Desktop/Notes - PR and ontata/notes_app/output/Batch - 3 - Final - Contact notes/0bdf8da3d089/screenshots/1300 lyric Volunteeer Coordinator Sacramento .jpg
0bdf8da3d089_1301,selena west,2,renamed,/home/kamleshpatil/Desktop/Notes - PR and ontata/notes_app/output/Batch - 3 - Final - Contact notes/0bdf8da3d089/notes/1301_en_US_notes_contacts___PART042_202.txt,/home/kamleshpatil/Desktop/Notes - PR and ontata/notes_app/output/Batch - 3 - Final - Contact notes/0bdf8da3d089/screenshots/1301 Selena West Baker 9738501247.jpg
0bdf8da3d089_1302,aaliyah patel,2,renamed,/home/kamleshpatil/Desktop/Notes - PR and ontata/notes_app/output/Batch - 3 - Final - Contact notes/0bdf8da3d089/notes/1302_en_US_notes_contacts___PART042_203.txt,/home/kamleshpatil/Desktop/Notes - PR and ontata/notes_app/output/Batch - 3 - Final - Contact notes/0bdf8da3d089/screenshots/1302 aaliyah Patel - swing beginner class on .jpg
0bdf8da3d089_1303,follow up w grant,4,renamed,/home/kamleshpatil/Desktop/Notes - PR and ontata/notes_app/output/Batch - 3 - Final - Contact notes/0bdf8da3d089/notes/1303_en_US_notes_contacts___PART042_204.txt,/home/kamleshpatil/Desktop/Notes - PR and ontata/notes_app/output/Batch - 3 - Final - Contact notes/0bdf8da3d089/screenshots/1303 follow up w Grant Dorrm Office from Pueb.jpg
0bdf8da3d089_1304,audrey 704,2,renamed,/home/kamleshpatil/Desktop/Notes - PR and ontata/notes_app/output/Batch - 3 - Final - Contact notes/0bdf8da3d089/notes/1304_en_US_notes_contacts___PART042_205.txt,/home/kamleshpatil/Desktop/Notes - PR and ontata/notes_app/output/Batch - 3 - Final - Contact notes/0bdf8da3d089/screenshots/1304 audrey.jpg
0bdf8da3d089_1305,checked with tomaas,3,renamed,/home/kamleshpatil/Desktop/Notes - PR and ontata/notes_app/output/Batch - 3 - Final - Contact notes/0bdf8da3d089/notes/1305_en_US_notes_contacts___PART042_206.txt,/home/kamleshpatil/Desktop/Notes - PR and ontata/notes_app/output/Batch - 3 - Final - Contact notes/0bdf8da3d089/screenshots/1305 checked with Tomaas Pilates Instructor.jpg
0bdf8da3d089_1306,devonte garcia,2,renamed,/home/kamleshpatil/Desktop/Notes - PR and ontata/notes_app/output/Batch - 3 - Final - Contact notes/0bdf8da3d089/notes/1306_en_US_notes_contacts___PART042_207.txt,/home/kamleshpatil/Desktop/Notes - PR and ontata/notes_app/output/Batch - 3 - Final - Contact notes/0bdf8da3d089/screenshots/1306 devonte Garcia - ask about puppy trainin.jpg
0bdf8da3d089_1307,briar pharmacy,2,renamed,/home/kamleshpatil/Desktop/Notes - PR and ontata/notes_app/output/Batch - 3 - Final - Contact notes/0bdf8da3d089/notes/1307_en_US_notes_contacts___PART042_208.txt,/home/kamleshpatil/Desktop/Notes - PR and ontata/notes_app/output/Batch - 3 - Final - Contact notes/0bdf8da3d089/screenshots/1307 briar Pharmacy Tech Tuson 415 640 5190.jpg
0bdf8da3d089_1308,check with yesenia,3,renamed,/home/kamleshpatil/Desktop/Notes - PR and ontata/notes_app/output/Batch - 3 - Final - Contact notes/0bdf8da3d089/notes/1308_en_US_notes_contacts___PART042_209.txt,/home/kamleshpatil/Desktop/Notes - PR and ontata/notes_app/output/Batch - 3 - Final - Contact notes/0bdf8da3d089/screenshots/1308 check with Yesenia Gomez College Advisor.jpg
0bdf8da3d089_1309,trinity medina,2,renamed,/home/kamleshpatil/Desktop/Notes - PR and ontata/notes_app/output/Batch - 3 - Final - Contact notes/0bdf8da3d089/notes/1309_en_US_notes_contacts___PART042_210.txt,/home/kamleshpatil/Desktop/Notes - PR and ontata/notes_app/output/Batch - 3 - Final - Contact notes/0bdf8da3d089/screenshots/1309 Trinity Medina Estate Planner 3107449949.jpg
0bdf8da3d089_1310,reese nail,2,renamed,/home/kamleshpatil/Desktop/Notes - PR and ontata/notes_app/output/Batch - 3 - Final - Contact notes/0bdf8da3d089/notes/1310_en_US_notes_contacts___PART042_211.txt,/home/kamleshpatil/Desktop/Notes - PR and ontata/notes_app/output/Batch - 3 - Final - Contact notes/0bdf8da3d089/screenshots/1310 Reese.jpg
0bdf8da3d089_1311,damian haall,2,renamed,/home/kamleshpatil/Desktop/Notes - PR and ontata/notes_app/output/Batch - 3 - Final - Contact notes/0bdf8da3d089/notes/1311_en_US_notes_contacts___PART042_212.txt,/home/kamleshpatil/Desktop/Notes - PR and ontata/notes_app/output/Batch - 3 - Final - Contact notes/0bdf8da3d089/screenshots/1311 Damian Haall Auto Shop 2012888184.jpg
0bdf8da3d089_1312,ask deja,2,renamed,/home/kamleshpatil/Desktop/Notes - PR and ontata/notes_app/output/Batch - 3 - Final - Contact notes/0bdf8da3d089/notes/1312_en_US_notes_contacts___PART042_213.txt,/home/kamleshpatil/Desktop/Notes - PR and ontata/notes_app/output/Batch - 3 - Final - Contact notes/0bdf8da3d089/screenshots/1312 Ask Deja Sharma Shelter Contact 213 6208.jpg
0bdf8da3d089_1313,sofia practice,2,renamed,/home/kamleshpatil/Desktop/Notes - PR and ontata/notes_app/output/Batch - 3 - Final - Contact notes/0bdf8da3d089/notes/1313_en_US_notes_contacts___PART042_214.txt,/home/kamleshpatil/Desktop/Notes - PR and ontata/notes_app/output/Batch - 3 - Final - Contact notes/0bdf8da3d089/screenshots/1313 sofia.jpg
0bdf8da3d089_1314,discussed quinlan,2,renamed,/home/kamleshpatil/Desktop/Notes - PR and ontata/notes_app/output/Batch - 3 - Final - Contact notes/0bdf8da3d089/notes/1314_en_US_notes_contacts___PART042_215.txt,/home/kamleshpatil/Desktop/Notes - PR and ontata/notes_app/output/Batch - 3 - Final - Contact notes/0bdf8da3d089/screenshots/1314 Discussed Quinlan Dog Walker from Omaha .jpg
0bdf8da3d089_1315,jasper thomas,2,renamed,/home/kamleshpatil/Desktop/Notes - PR and ontata/notes_app/output/Batch - 3 - Final - Contact notes/0bdf8da3d089/notes/1315_en_US_notes_contacts___PART042_216.txt,/home/kamleshpatil/Desktop/Notes - PR and ontata/notes_app/output/Batch - 3 - Final - Contact notes/0bdf8da3d089/screenshots/1315 jasper Thomas Vocal Coach Baton Rouge 47.jpg
0bdf8da3d089_1316,wesley sterlig,2,renamed,/home/kamleshpatil/Desktop/Notes - PR and ontata/notes_app/output/Batch - 3 - Final - Contact notes/0bdf8da3d089/notes/1316_en_US_notes_contacts___PART042_217.txt,/home/kamleshpatil/Desktop/Notes - PR and ontata/notes_app/output/Batch - 3 - Final - Contact notes/0bdf8da3d089/screenshots/1316 Wesley Sterlig.jpg
0bdf8da3d089_1317,coral slaza,2,renamed,/home/kamleshpatil/Desktop/Notes - PR and ontata/notes_app/output/Batch - 3 - Final - Contact notes/0bdf8da3d089/notes/1317_en_US_notes_contacts___PART042_218.txt,/home/kamleshpatil/Desktop/Notes - PR and ontata/notes_app/output/Batch - 3 - Final - Contact notes/0bdf8da3d089/screenshots/1317 coral Slaza.jpg
0bdf8da3d089_1318,hana fodr,2,renamed,/home/kamleshpatil/Desktop/Notes - PR and ontata/notes_app/output/Batch - 3 - Final - Contact notes/0bdf8da3d089/notes/1318_en_US_notes_contacts___PART042_219.txt,/home/kamleshpatil/Desktop/Notes - PR and ontata/notes_app/output/Batch - 3 - Final - Contact notes/0bdf8da3d089/screenshots/1318 Hana Fodr - needs front tire estimate in.jpg
0bdf8da3d089_1319,reminder alexander,2,renamed,/home/kamleshpatil/Desktop/Notes - PR and ontata/notes_app/output/Batch - 3 - Final - Contact notes/0bdf8da3d089/notes/1319_en_US_notes_contacts___PART042_220.txt,/home/kamleshpatil/Desktop/Notes - PR and ontata/notes_app/output/Batch - 3 - Final - Contact notes/0bdf8da3d089/screenshots/1319 reminder Alexander Dog Walker from Knoxv.jpg
0bdf8da3d089_1320,kenji morales,2,renamed,/home/kamleshpatil/Desktop/Notes - PR and ontata/notes_app/output/Batch - 3 - Final - Contact notes/0bdf8da3d089/notes/1320_en_US_notes_contacts___PART043_221.txt,/home/kamleshpatil/Desktop/Notes - PR and ontata/notes_app/output/Batch - 3 - Final - Contact notes/0bdf8da3d089/screenshots/1320 kenji Morales.jpg
0bdf8da3d089_1321,terrence gutierrez,2,renamed,/home/kamleshpatil/Desktop/Notes - PR and ontata/notes_app/output/Batch - 3 - Final - Contact notes/0bdf8da3d089/notes/1321_en_US_notes_contacts___PART043_222.txt,/home/kamleshpatil/Desktop/Notes - PR and ontata/notes_app/output/Batch - 3 - Final - Contact notes/0bdf8da3d089/screenshots/1321 terrence Gutierrez Coworker 6173698111.jpg
0bdf8da3d089_1322,,0,skipped_missing_pair,/home/kamleshpatil/Desktop/Notes - PR and ontata/notes_app/output/Batch - 3 - Final - Contact notes/0bdf8da3d089/notes/1322_en_US_notes_contacts___PART043_223.txt,None
0bdf8da3d089_1323,reminder jordan,2,renamed,/home/kamleshpatil/Desktop/Notes - PR and ontata/notes_app/output/Batch - 3 - Final - Contact notes/0bdf8da3d089/notes/1323_en_US_notes_contacts___PART043_224.txt,/home/kamleshpatil/Desktop/Notes - PR and ontata/notes_app/output/Batch - 3 - Final - Contact notes/0bdf8da3d089/screenshots/1323 reminder Jordan Anderson Social Media Ma.jpg
0bdf8da3d089_1324,braxton martinez,2,renamed,/home/kamleshpatil/Desktop/Notes - PR and ontata/notes_app/output/Batch - 3 - Final - Contact notes/0bdf8da3d089/notes/1324_en_US_notes_contacts___PART043_225.txt,/home/kamleshpatil/Desktop/Notes - PR and ontata/notes_app/output/Batch - 3 - Final - Contact notes/0bdf8da3d089/screenshots/1324 braxton Martinez Admin Assistant 310 512.jpg
0bdf8da3d089_1325,contact lex,2,renamed,/home/kamleshpatil/Desktop/Notes - PR and ontata/notes_app/output/Batch - 3 - Final - Contact notes/0bdf8da3d089/notes/1325_en_US_notes_contacts___PART043_226.txt,/home/kamleshpatil/Desktop/Notes - PR and ontata/notes_app/output/Batch - 3 - Final - Contact notes/0bdf8da3d089/screenshots/1325 contact Lex Grrett Fidh Tank Cleaning.jpg
0bdf8da3d089_1326,josiah tan,2,renamed,/home/kamleshpatil/Desktop/Notes - PR and ontata/notes_app/output/Batch - 3 - Final - Contact notes/0bdf8da3d089/notes/1326_en_US_notes_contacts___PART043_227.txt,/home/kamleshpatil/Desktop/Notes - PR and ontata/notes_app/output/Batch - 3 - Final - Contact notes/0bdf8da3d089/screenshots/1326 josiah Tan Boxing Coach 305 3921415.jpg
0bdf8da3d089_1327,,0,skipped_missing_pair,/home/kamleshpatil/Desktop/Notes - PR and ontata/notes_app/output/Batch - 3 - Final - Contact notes/0bdf8da3d089/notes/1327_en_US_notes_contacts___PART043_228.txt,None
0bdf8da3d089_1328,met tatum,2,renamed,/home/kamleshpatil/Desktop/Notes - PR and ontata/notes_app/output/Batch - 3 - Final - Contact notes/0bdf8da3d089/notes/1328_en_US_notes_contacts___PART043_229.txt,/home/kamleshpatil/Desktop/Notes - PR and ontata/notes_app/output/Batch - 3 - Final - Contact notes/0bdf8da3d089/screenshots/1328 Met Tatum School Nurse from Athens.jpg
0bdf8da3d089_1329,devnote knox,2,renamed,/home/kamleshpatil/Desktop/Notes - PR and ontata/notes_app/output/Batch - 3 - Final - Contact notes/0bdf8da3d089/notes/1329_en_US_notes_contacts___PART043_230.txt,/home/kamleshpatil/Desktop/Notes - PR and ontata/notes_app/output/Batch - 3 - Final - Contact notes/0bdf8da3d089/screenshots/1329 Devnote Knox - facilities request for ac.jpg
0bdf8da3d089_1330,tristan choi,2,renamed,/home/kamleshpatil/Desktop/Notes - PR and ontata/notes_app/output/Batch - 3 - Final - Contact notes/0bdf8da3d089/notes/1330_en_US_notes_contacts___PART043_231.txt,/home/kamleshpatil/Desktop/Notes - PR and ontata/notes_app/output/Batch - 3 - Final - Contact notes/0bdf8da3d089/screenshots/1330 Tristan Choi - confirm escrow details in.jpg
0bdf8da3d089_1331,emmett mendez,2,renamed,/home/kamleshpatil/Desktop/Notes - PR and ontata/notes_app/output/Batch - 3 - Final - Contact notes/0bdf8da3d089/notes/1331_en_US_notes_contacts___PART043_232.txt,/home/kamleshpatil/Desktop/Notes - PR and ontata/notes_app/output/Batch - 3 - Final - Contact notes/0bdf8da3d089/screenshots/1331 emmett Mendez - ac repair call for upsta.jpg
0bdf8da3d089_1332,paid rowan,2,renamed,/home/kamleshpatil/Desktop/Notes - PR and ontata/notes_app/output/Batch - 3 - Final - Contact notes/0bdf8da3d089/notes/1332_en_US_notes_contacts___PART043_233.txt,/home/kamleshpatil/Desktop/Notes - PR and ontata/notes_app/output/Batch - 3 - Final - Contact notes/0bdf8da3d089/screenshots/1332 Paid Rowan Murphy Venue Manafer.jpg
0bdf8da3d089_1333,pick up from sanjay,4,renamed,/home/kamleshpatil/Desktop/Notes - PR and ontata/notes_app/output/Batch - 3 - Final - Contact notes/0bdf8da3d089/notes/1333_en_US_notes_contacts___PART043_234.txt,/home/kamleshpatil/Desktop/Notes - PR and ontata/notes_app/output/Batch - 3 - Final - Contact notes/0bdf8da3d089/screenshots/1333 pick up from Sanjay Wilson Real Estate A.jpg
0bdf8da3d089_1334,discussed mils,2,renamed,/home/kamleshpatil/Desktop/Notes - PR and ontata/notes_app/output/Batch - 3 - Final - Contact notes/0bdf8da3d089/notes/1334_en_US_notes_contacts___PART043_235.txt,/home/kamleshpatil/Desktop/Notes - PR and ontata/notes_app/output/Batch - 3 - Final - Contact notes/0bdf8da3d089/screenshots/1334 Discussed Mils Tomas Notary.jpg
0bdf8da3d089_1335,reached out to patrick,4,renamed,/home/kamleshpatil/Desktop/Notes - PR and ontata/notes_app/output/Batch - 3 - Final - Contact notes/0bdf8da3d089/notes/1335_en_US_notes_contacts___PART043_236.txt,/home/kamleshpatil/Desktop/Notes - PR and ontata/notes_app/output/Batch - 3 - Final - Contact notes/0bdf8da3d089/screenshots/1335 reached out to Patrick Attorney from Peb.jpg
0bdf8da3d089_1336,,0,skipped_missing_pair,/home/kamleshpatil/Desktop/Notes - PR and ontata/notes_app/output/Batch - 3 - Final - Contact notes/0bdf8da3d089/notes/1336_en_US_notes_contacts___PART043_237.txt,None
0bdf8da3d089_1337,call margot,2,renamed,/home/kamleshpatil/Desktop/Notes - PR and ontata/notes_app/output/Batch - 3 - Final - Contact notes/0bdf8da3d089/notes/1337_en_US_notes_contacts___PART043_238.txt,/home/kamleshpatil/Desktop/Notes - PR and ontata/notes_app/output/Batch - 3 - Final - Contact notes/0bdf8da3d089/screenshots/1337 call Margot Anderson Copywriter from New.jpg
0bdf8da3d089_1338,alex holt,2,renamed,/home/kamleshpatil/Desktop/Notes - PR and ontata/notes_app/output/Batch - 3 - Final - Contact notes/0bdf8da3d089/notes/1338_en_US_notes_contacts___PART043_239.txt,/home/kamleshpatil/Desktop/Notes - PR and ontata/notes_app/output/Batch - 3 - Final - Contact notes/0bdf8da3d089/screenshots/1338 alex Holt.jpg
0bdf8da3d089_1339,khall hr,2,renamed,/home/kamleshpatil/Desktop/Notes - PR and ontata/notes_app/output/Batch - 3 - Final - Contact notes/0bdf8da3d089/notes/1339_en_US_notes_contacts___PART043_240.txt,/home/kamleshpatil/Desktop/Notes - PR and ontata/notes_app/output/Batch - 3 - Final - Contact notes/0bdf8da3d089/screenshots/1339 khall.jpg
0bdf8da3d089_1340,lin physical,2,renamed,/home/kamleshpatil/Desktop/Notes - PR and ontata/notes_app/output/Batch - 3 - Final - Contact notes/0bdf8da3d089/notes/1340_en_US_notes_contacts___PART044_241.txt,/home/kamleshpatil/Desktop/Notes - PR and ontata/notes_app/output/Batch - 3 - Final - Contact notes/0bdf8da3d089/screenshots/1340 Lin Physical Therapy San Jose 973 901 17.jpg
0bdf8da3d089_1341,lennox snith,2,renamed,/home/kamleshpatil/Desktop/Notes - PR and ontata/notes_app/output/Batch - 3 - Final - Contact notes/0bdf8da3d089/notes/1341_en_US_notes_contacts___PART044_242.txt,/home/kamleshpatil/Desktop/Notes - PR and ontata/notes_app/output/Batch - 3 - Final - Contact notes/0bdf8da3d089/screenshots/1341 Lennox Snith Vocal Coach 516 256 3653.jpg
0bdf8da3d089_1342,jasper graham,2,renamed,/home/kamleshpatil/Desktop/Notes - PR and ontata/notes_app/output/Batch - 3 - Final - Contact notes/0bdf8da3d089/notes/1342_en_US_notes_contacts___PART044_243.txt,/home/kamleshpatil/Desktop/Notes - PR and ontata/notes_app/output/Batch - 3 - Final - Contact notes/0bdf8da3d089/screenshots/1342 jasper Graham - logo revision round 2 in.jpg
0bdf8da3d089_1343,pilar young,2,renamed,/home/kamleshpatil/Desktop/Notes - PR and ontata/notes_app/output/Batch - 3 - Final - Contact notes/0bdf8da3d089/notes/1343_en_US_notes_contacts___PART044_244.txt,/home/kamleshpatil/Desktop/Notes - PR and ontata/notes_app/output/Batch - 3 - Final - Contact notes/0bdf8da3d089/screenshots/1343 Pilar Young Shelter Contact 415 954 1464.jpg
0bdf8da3d089_1344,sofia bennett,2,renamed,/home/kamleshpatil/Desktop/Notes - PR and ontata/notes_app/output/Batch - 3 - Final - Contact notes/0bdf8da3d089/notes/1344_en_US_notes_contacts___PART044_245.txt,/home/kamleshpatil/Desktop/Notes - PR and ontata/notes_app/output/Batch - 3 - Final - Contact notes/0bdf8da3d089/screenshots/1344 Sofia Bennett.jpg
0bdf8da3d089_1345,zuri lewis,2,renamed,/home/kamleshpatil/Desktop/Notes - PR and ontata/notes_app/output/Batch - 3 - Final - Contact notes/0bdf8da3d089/notes/1345_en_US_notes_contacts___PART044_246.txt,/home/kamleshpatil/Desktop/Notes - PR and ontata/notes_app/output/Batch - 3 - Final - Contact notes/0bdf8da3d089/screenshots/1345 zuri Lewis - confirm escrow details in B.jpg
0bdf8da3d089_1346,talked to estrella,3,renamed,/home/kamleshpatil/Desktop/Notes - PR and ontata/notes_app/output/Batch - 3 - Final - Contact notes/0bdf8da3d089/notes/1346_en_US_notes_contacts___PART044_247.txt,/home/kamleshpatil/Desktop/Notes - PR and ontata/notes_app/output/Batch - 3 - Final - Contact notes/0bdf8da3d089/screenshots/1346 Talked to Estrella Stewart Soccer Coach .jpg
0bdf8da3d089_1347,kaiden ramirez,2,renamed,/home/kamleshpatil/Desktop/Notes - PR and ontata/notes_app/output/Batch - 3 - Final - Contact notes/0bdf8da3d089/notes/1347_en_US_notes_contacts___PART044_248.txt,/home/kamleshpatil/Desktop/Notes - PR and ontata/notes_app/output/Batch - 3 - Final - Contact notes/0bdf8da3d089/screenshots/1347 kaiden Ramirez Boxing Coach 323 817 6963.jpg
0bdf8da3d089_1348,luis sharma,2,renamed,/home/kamleshpatil/Desktop/Notes - PR and ontata/notes_app/output/Batch - 3 - Final - Contact notes/0bdf8da3d089/notes/1348_en_US_notes_contacts___PART044_249.txt,/home/kamleshpatil/Desktop/Notes - PR and ontata/notes_app/output/Batch - 3 - Final - Contact notes/0bdf8da3d089/screenshots/1348 luis Sharma - contrct review needed in B.jpg
0bdf8da3d089_1349,thomas tewart,2,renamed,/home/kamleshpatil/Desktop/Notes - PR and ontata/notes_app/output/Batch - 3 - Final - Contact notes/0bdf8da3d089/notes/1349_en_US_notes_contacts___PART044_250.txt,/home/kamleshpatil/Desktop/Notes - PR and ontata/notes_app/output/Batch - 3 - Final - Contact notes/0bdf8da3d089/screenshots/1349 thomas tewart - regarding minor kitchen .jpg
0bdf8da3d089_1350,davdi bryant,2,renamed,/home/kamleshpatil/Desktop/Notes - PR and ontata/notes_app/output/Batch - 3 - Final - Contact notes/0bdf8da3d089/notes/1350_en_US_notes_contacts___PART044_251.txt,/home/kamleshpatil/Desktop/Notes - PR and ontata/notes_app/output/Batch - 3 - Final - Contact notes/0bdf8da3d089/screenshots/1350 davdi Bryant.jpg
0bdf8da3d089_1351,crispin morris,2,renamed,/home/kamleshpatil/Desktop/Notes - PR and ontata/notes_app/output/Batch - 3 - Final - Contact notes/0bdf8da3d089/notes/1351_en_US_notes_contacts___PART044_252.txt,/home/kamleshpatil/Desktop/Notes - PR and ontata/notes_app/output/Batch - 3 - Final - Contact notes/0bdf8da3d089/screenshots/1351 Crispin Morris Socxer Coaxh 3107576990.jpg
0bdf8da3d089_1352,connect with elias,3,renamed,/home/kamleshpatil/Desktop/Notes - PR and ontata/notes_app/output/Batch - 3 - Final - Contact notes/0bdf8da3d089/notes/1352_en_US_notes_contacts___PART044_253.txt,/home/kamleshpatil/Desktop/Notes - PR and ontata/notes_app/output/Batch - 3 - Final - Contact notes/0bdf8da3d089/screenshots/1352 Connect with Elias Diaz Club Organizer f.jpg
0bdf8da3d089_1353,aria harmon,2,renamed,/home/kamleshpatil/Desktop/Notes - PR and ontata/notes_app/output/Batch - 3 - Final - Contact notes/0bdf8da3d089/notes/1353_en_US_notes_contacts___PART044_254.txt,/home/kamleshpatil/Desktop/Notes - PR and ontata/notes_app/output/Batch - 3 - Final - Contact notes/0bdf8da3d089/screenshots/1353 aria Harmon.jpg
0bdf8da3d089_1354,tomas sullivan,2,renamed,/home/kamleshpatil/Desktop/Notes - PR and ontata/notes_app/output/Batch - 3 - Final - Contact notes/0bdf8da3d089/notes/1354_en_US_notes_contacts___PART044_255.txt,/home/kamleshpatil/Desktop/Notes - PR and ontata/notes_app/output/Batch - 3 - Final - Contact notes/0bdf8da3d089/screenshots/1354 Tomas Sullivan - library boooks due ques.jpg
0bdf8da3d089_1355,omari blackwood,2,renamed,/home/kamleshpatil/Desktop/Notes - PR and ontata/notes_app/output/Batch - 3 - Final - Contact notes/0bdf8da3d089/notes/1355_en_US_notes_contacts___PART044_256.txt,/home/kamleshpatil/Desktop/Notes - PR and ontata/notes_app/output/Batch - 3 - Final - Contact notes/0bdf8da3d089/screenshots/1355 omari Blackwood - website launch checkli.jpg
0bdf8da3d089_1356,declan kapoor,2,renamed,/home/kamleshpatil/Desktop/Notes - PR and ontata/notes_app/output/Batch - 3 - Final - Contact notes/0bdf8da3d089/notes/1356_en_US_notes_contacts___PART044_257.txt,/home/kamleshpatil/Desktop/Notes - PR and ontata/notes_app/output/Batch - 3 - Final - Contact notes/0bdf8da3d089/screenshots/1356 Declan Kapoor - tax filing extension req.jpg
0bdf8da3d089_1357,rashad miller,2,renamed,/home/kamleshpatil/Desktop/Notes - PR and ontata/notes_app/output/Batch - 3 - Final - Contact notes/0bdf8da3d089/notes/1357_en_US_notes_contacts___PART044_258.txt,/home/kamleshpatil/Desktop/Notes - PR and ontata/notes_app/output/Batch - 3 - Final - Contact notes/0bdf8da3d089/screenshots/1357 Rashad Miller College Advisor Tampa 6464.jpg
0bdf8da3d089_1358,meeting with jalen,3,renamed,/home/kamleshpatil/Desktop/Notes - PR and ontata/notes_app/output/Batch - 3 - Final - Contact notes/0bdf8da3d089/notes/1358_en_US_notes_contacts___PART044_259.txt,/home/kamleshpatil/Desktop/Notes - PR and ontata/notes_app/output/Batch - 3 - Final - Contact notes/0bdf8da3d089/screenshots/1358 Meeting with Jalen Paralegal from Fesno .jpg
0bdf8da3d089_1359,pick up from henry,4,renamed,/home/kamleshpatil/Desktop/Notes - PR and ontata/notes_app/output/Batch - 3 - Final - Contact notes/0bdf8da3d089/notes/1359_en_US_notes_contacts___PART044_260.txt,/home/kamleshpatil/Desktop/Notes - PR and ontata/notes_app/output/Batch - 3 - Final - Contact notes/0bdf8da3d089/screenshots/1359 pick up from Henry Shelter Contact from .jpg
0bdf8da3d089_1360,mila patel,2,renamed,/home/kamleshpatil/Desktop/Notes - PR and ontata/notes_app/output/Batch - 3 - Final - Contact notes/0bdf8da3d089/notes/1360_en_US_notes_contacts___PART045_261.txt,/home/kamleshpatil/Desktop/Notes - PR and ontata/notes_app/output/Batch - 3 - Final - Contact notes/0bdf8da3d089/screenshots/1360 Mila Patel - pickup from airport arrival.jpg
0bdf8da3d089_1361,follow up w ski,4,renamed,/home/kamleshpatil/Desktop/Notes - PR and ontata/notes_app/output/Batch - 3 - Final - Contact notes/0bdf8da3d089/notes/1361_en_US_notes_contacts___PART045_262.txt,/home/kamleshpatil/Desktop/Notes - PR and ontata/notes_app/output/Batch - 3 - Final - Contact notes/0bdf8da3d089/screenshots/1361 follow up w Ski Morris Pilates Instructo.jpg
0bdf8da3d089_1362,schedule w bastian,3,renamed,/home/kamleshpatil/Desktop/Notes - PR and ontata/notes_app/output/Batch - 3 - Final - Contact notes/0bdf8da3d089/notes/1362_en_US_notes_contacts___PART045_263.txt,/home/kamleshpatil/Desktop/Notes - PR and ontata/notes_app/output/Batch - 3 - Final - Contact notes/0bdf8da3d089/screenshots/1362 Schedule w Bastian Election Volunteer fr.jpg
0bdf8da3d089_1363,liam thornton,2,renamed,/home/kamleshpatil/Desktop/Notes - PR and ontata/notes_app/output/Batch - 3 - Final - Contact notes/0bdf8da3d089/notes/1363_en_US_notes_contacts___PART045_264.txt,/home/kamleshpatil/Desktop/Notes - PR and ontata/notes_app/output/Batch - 3 - Final - Contact notes/0bdf8da3d089/screenshots/1363 liam Thornton.jpg
0bdf8da3d089_1364,sent info to bastian,4,renamed,/home/kamleshpatil/Desktop/Notes - PR and ontata/notes_app/output/Batch - 3 - Final - Contact notes/0bdf8da3d089/notes/1364_en_US_notes_contacts___PART045_265.txt,/home/kamleshpatil/Desktop/Notes - PR and ontata/notes_app/output/Batch - 3 - Final - Contact notes/0bdf8da3d089/screenshots/1364 Sent info to Bastian Harmon Mechanic abo.jpg
0bdf8da3d089_1365,theron gonzalez,2,renamed,/home/kamleshpatil/Desktop/Notes - PR and ontata/notes_app/output/Batch - 3 - Final - Contact notes/0bdf8da3d089/notes/1365_en_US_notes_contacts___PART045_266.txt,/home/kamleshpatil/Desktop/Notes - PR and ontata/notes_app/output/Batch - 3 - Final - Contact notes/0bdf8da3d089/screenshots/1365 theron Gonzalez Gym Trainer 415 800 4836.jpg
0bdf8da3d089_1366,need to talk to daniela,5,renamed,/home/kamleshpatil/Desktop/Notes - PR and ontata/notes_app/output/Batch - 3 - Final - Contact notes/0bdf8da3d089/notes/1366_en_US_notes_contacts___PART045_267.txt,/home/kamleshpatil/Desktop/Notes - PR and ontata/notes_app/output/Batch - 3 - Final - Contact notes/0bdf8da3d089/screenshots/1366 Need to talk to Daniela Morris Optometri.jpg
0bdf8da3d089_1367,dean nguyen,2,renamed,/home/kamleshpatil/Desktop/Notes - PR and ontata/notes_app/output/Batch - 3 - Final - Contact notes/0bdf8da3d089/notes/1367_en_US_notes_contacts___PART045_268.txt,/home/kamleshpatil/Desktop/Notes - PR and ontata/notes_app/output/Batch - 3 - Final - Contact notes/0bdf8da3d089/screenshots/1367 dean Nguyen - house inspection on thursd.jpg
0bdf8da3d089_1368,lupita shgah,2,renamed,/home/kamleshpatil/Desktop/Notes - PR and ontata/notes_app/output/Batch - 3 - Final - Contact notes/0bdf8da3d089/notes/1368_en_US_notes_contacts___PART045_269.txt,/home/kamleshpatil/Desktop/Notes - PR and ontata/notes_app/output/Batch - 3 - Final - Contact notes/0bdf8da3d089/screenshots/1368 lupita Shgah - brand guide final version.jpg
0bdf8da3d089_1369,kaiden harrison,2,renamed,/home/kamleshpatil/Desktop/Notes - PR and ontata/notes_app/output/Batch - 3 - Final - Contact notes/0bdf8da3d089/notes/1369_en_US_notes_contacts___PART045_270.txt,/home/kamleshpatil/Desktop/Notes - PR and ontata/notes_app/output/Batch - 3 - Final - Contact notes/0bdf8da3d089/screenshots/1369 Kaiden Harrison - follow up on laptop ti.jpg
0bdf8da3d089_1370,max thornton,2,renamed,/home/kamleshpatil/Desktop/Notes - PR and ontata/notes_app/output/Batch - 3 - Final - Contact notes/0bdf8da3d089/notes/1370_en_US_notes_contacts___PART045_271.txt,/home/kamleshpatil/Desktop/Notes - PR and ontata/notes_app/output/Batch - 3 - Final - Contact notes/0bdf8da3d089/screenshots/1370 max Thornton - cae order for birthday.jpg
0bdf8da3d089_1371,stellan dog,2,renamed,/home/kamleshpatil/Desktop/Notes - PR and ontata/notes_app/output/Batch - 3 - Final - Contact notes/0bdf8da3d089/notes/1371_en_US_notes_contacts___PART045_272.txt,/home/kamleshpatil/Desktop/Notes - PR and ontata/notes_app/output/Batch - 3 - Final - Contact notes/0bdf8da3d089/screenshots/1371 stellan.jpg
0bdf8da3d089_1372,yuki garcia,2,renamed,/home/kamleshpatil/Desktop/Notes - PR and ontata/notes_app/output/Batch - 3 - Final - Contact notes/0bdf8da3d089/notes/1372_en_US_notes_contacts___PART045_273.txt,/home/kamleshpatil/Desktop/Notes - PR and ontata/notes_app/output/Batch - 3 - Final - Contact notes/0bdf8da3d089/screenshots/1372 yuki Garcia.jpg
0bdf8da3d089_1373,called nyla,2,renamed,/home/kamleshpatil/Desktop/Notes - PR and ontata/notes_app/output/Batch - 3 - Final - Contact notes/0bdf8da3d089/notes/1373_en_US_notes_contacts___PART045_274.txt,/home/kamleshpatil/Desktop/Notes - PR and ontata/notes_app/output/Batch - 3 - Final - Contact notes/0bdf8da3d089/screenshots/1373 called Nyla Wright Web Deveeloper from C.jpg
0bdf8da3d089_1374,moragn running,2,renamed,/home/kamleshpatil/Desktop/Notes - PR and ontata/notes_app/output/Batch - 3 - Final - Contact notes/0bdf8da3d089/notes/1374_en_US_notes_contacts___PART045_275.txt,/home/kamleshpatil/Desktop/Notes - PR and ontata/notes_app/output/Batch - 3 - Final - Contact notes/0bdf8da3d089/screenshots/1374 moragn Running Ckub Lead Murfreesboro 20.jpg
0bdf8da3d089_1375,pablo nail,2,renamed,/home/kamleshpatil/Desktop/Notes - PR and ontata/notes_app/output/Batch - 3 - Final - Contact notes/0bdf8da3d089/notes/1375_en_US_notes_contacts___PART045_276.txt,/home/kamleshpatil/Desktop/Notes - PR and ontata/notes_app/output/Batch - 3 - Final - Contact notes/0bdf8da3d089/screenshots/1375 Pablo - nail repair before friday in Bii.jpg
0bdf8da3d089_1376,waiting on tristan,3,renamed,/home/kamleshpatil/Desktop/Notes - PR and ontata/notes_app/output/Batch - 3 - Final - Contact notes/0bdf8da3d089/notes/1376_en_US_notes_contacts___PART045_277.txt,/home/kamleshpatil/Desktop/Notes - PR and ontata/notes_app/output/Batch - 3 - Final - Contact notes/0bdf8da3d089/screenshots/1376 waiting on Tristan Gomez Procurement abo.jpg
0bdf8da3d089_1377,trevon wston,2,renamed,/home/kamleshpatil/Desktop/Notes - PR and ontata/notes_app/output/Batch - 3 - Final - Contact notes/0bdf8da3d089/notes/1377_en_US_notes_contacts___PART045_278.txt,/home/kamleshpatil/Desktop/Notes - PR and ontata/notes_app/output/Batch - 3 - Final - Contact notes/0bdf8da3d089/screenshots/1377 Trevon Wston.jpg
0bdf8da3d089_1378,sol cooer,2,renamed,/home/kamleshpatil/Desktop/Notes - PR and ontata/notes_app/output/Batch - 3 - Final - Contact notes/0bdf8da3d089/notes/1378_en_US_notes_contacts___PART045_279.txt,/home/kamleshpatil/Desktop/Notes - PR and ontata/notes_app/output/Batch - 3 - Final - Contact notes/0bdf8da3d089/screenshots/1378 sol Cooer.jpg
0bdf8da3d089_1379,charlie medina,2,renamed,/home/kamleshpatil/Desktop/Notes - PR and ontata/notes_app/output/Batch - 3 - Final - Contact notes/0bdf8da3d089/notes/1379_en_US_notes_contacts___PART045_280.txt,/home/kamleshpatil/Desktop/Notes - PR and ontata/notes_app/output/Batch - 3 - Final - Contact notes/0bdf8da3d089/screenshots/1379 charlie Medina Bike Shop 919-395-3954.jpg
0bdf8da3d089_1380,odette sterliing,2,renamed,/home/kamleshpatil/Desktop/Notes - PR and ontata/notes_app/output/Batch - 3 - Final - Contact notes/0bdf8da3d089/notes/1380_en_US_notes_contacts___PART046_281.txt,/home/kamleshpatil/Desktop/Notes - PR and ontata/notes_app/output/Batch - 3 - Final - Contact notes/0bdf8da3d089/screenshots/1380 odette Sterliing - business license rene.jpg
0bdf8da3d089_1381,jackson bose,2,renamed,/home/kamleshpatil/Desktop/Notes - PR and ontata/notes_app/output/Batch - 3 - Final - Contact notes/0bdf8da3d089/notes/1381_en_US_notes_contacts___PART046_282.txt,/home/kamleshpatil/Desktop/Notes - PR and ontata/notes_app/output/Batch - 3 - Final - Contact notes/0bdf8da3d089/screenshots/1381 Jackson Bose - ira contribution question.jpg
0bdf8da3d089_1382,penelope tran,2,renamed,/home/kamleshpatil/Desktop/Notes - PR and ontata/notes_app/output/Batch - 3 - Final - Contact notes/0bdf8da3d089/notes/1382_en_US_notes_contacts___PART046_283.txt,/home/kamleshpatil/Desktop/Notes - PR and ontata/notes_app/output/Batch - 3 - Final - Contact notes/0bdf8da3d089/screenshots/1382 penelope Tran Phone Repair Fayetteville .jpg
0bdf8da3d089_1383,gianna kelle,2,renamed,/home/kamleshpatil/Desktop/Notes - PR and ontata/notes_app/output/Batch - 3 - Final - Contact notes/0bdf8da3d089/notes/1383_en_US_notes_contacts___PART046_284.txt,/home/kamleshpatil/Desktop/Notes - PR and ontata/notes_app/output/Batch - 3 - Final - Contact notes/0bdf8da3d089/screenshots/1383 gianna Kelle Muusic Instructpr 213623459.jpg
0bdf8da3d089_1384,jade amirez,2,renamed,/home/kamleshpatil/Desktop/Notes - PR and ontata/notes_app/output/Batch - 3 - Final - Contact notes/0bdf8da3d089/notes/1384_en_US_notes_contacts___PART046_285.txt,/home/kamleshpatil/Desktop/Notes - PR and ontata/notes_app/output/Batch - 3 - Final - Contact notes/0bdf8da3d089/screenshots/1384 Jade amirez Gutter Cleaning 9739833975.jpg
0bdf8da3d089_1385,gareth allen,2,renamed,/home/kamleshpatil/Desktop/Notes - PR and ontata/notes_app/output/Batch - 3 - Final - Contact notes/0bdf8da3d089/notes/1385_en_US_notes_contacts___PART046_286.txt,/home/kamleshpatil/Desktop/Notes - PR and ontata/notes_app/output/Batch - 3 - Final - Contact notes/0bdf8da3d089/screenshots/1385 Gareth Allen - house inspection on thurd.jpg
0bdf8da3d089_1386,discussed declan,2,renamed,/home/kamleshpatil/Desktop/Notes - PR and ontata/notes_app/output/Batch - 3 - Final - Contact notes/0bdf8da3d089/notes/1386_en_US_notes_contacts___PART046_287.txt,/home/kamleshpatil/Desktop/Notes - PR and ontata/notes_app/output/Batch - 3 - Final - Contact notes/0bdf8da3d089/screenshots/1386 discussed Declan Aguilar Driving Instruc.jpg
0bdf8da3d089_1387,,0,skipped_missing_pair,/home/kamleshpatil/Desktop/Notes - PR and ontata/notes_app/output/Batch - 3 - Final - Contact notes/0bdf8da3d089/notes/1387_en_US_notes_contacts___PART046_288.txt,None
0bdf8da3d089_1388,elias chandler,2,renamed,/home/kamleshpatil/Desktop/Notes - PR and ontata/notes_app/output/Batch - 3 - Final - Contact notes/0bdf8da3d089/notes/1388_en_US_notes_contacts___PART046_289.txt,/home/kamleshpatil/Desktop/Notes - PR and ontata/notes_app/output/Batch - 3 - Final - Contact notes/0bdf8da3d089/screenshots/1388 elias Chandler - beginner swim lesson ti.jpg
0bdf8da3d089_1389,kara campbell,2,renamed,/home/kamleshpatil/Desktop/Notes - PR and ontata/notes_app/output/Batch - 3 - Final - Contact notes/0bdf8da3d089/notes/1389_en_US_notes_contacts___PART046_290.txt,/home/kamleshpatil/Desktop/Notes - PR and ontata/notes_app/output/Batch - 3 - Final - Contact notes/0bdf8da3d089/screenshots/1389 kara Campbell - can help wirh spare key .jpg
0bdf8da3d089_1390,eleanor 267,2,renamed,/home/kamleshpatil/Desktop/Notes - PR and ontata/notes_app/output/Batch - 3 - Final - Contact notes/0bdf8da3d089/notes/1390_en_US_notes_contacts___PART046_291.txt,/home/kamleshpatil/Desktop/Notes - PR and ontata/notes_app/output/Batch - 3 - Final - Contact notes/0bdf8da3d089/screenshots/1390 eleanor.jpg
0bdf8da3d089_1391,samuel cater,2,renamed,/home/kamleshpatil/Desktop/Notes - PR and ontata/notes_app/output/Batch - 3 - Final - Contact notes/0bdf8da3d089/notes/1391_en_US_notes_contacts___PART046_292.txt,/home/kamleshpatil/Desktop/Notes - PR and ontata/notes_app/output/Batch - 3 - Final - Contact notes/0bdf8da3d089/screenshots/1391 samuel Cater Florist Cilumbus 3105766676.jpg
0bdf8da3d089_1392,discussed cristian,2,renamed,/home/kamleshpatil/Desktop/Notes - PR and ontata/notes_app/output/Batch - 3 - Final - Contact notes/0bdf8da3d089/notes/1392_en_US_notes_contacts___PART046_293.txt,/home/kamleshpatil/Desktop/Notes - PR and ontata/notes_app/output/Batch - 3 - Final - Contact notes/0bdf8da3d089/screenshots/1392 discussed Cristian Taior from Juneau abo.jpg
0bdf8da3d089_1393,schedule w cristian,3,renamed,/home/kamleshpatil/Desktop/Notes - PR and ontata/notes_app/output/Batch - 3 - Final - Contact notes/0bdf8da3d089/notes/1393_en_US_notes_contacts___PART046_294.txt,/home/kamleshpatil/Desktop/Notes - PR and ontata/notes_app/output/Batch - 3 - Final - Contact notes/0bdf8da3d089/screenshots/1393 schedule w Cristian Martin Gym Trainer f.jpg
0bdf8da3d089_1394,victoria aguilar,2,renamed,/home/kamleshpatil/Desktop/Notes - PR and ontata/notes_app/output/Batch - 3 - Final - Contact notes/0bdf8da3d089/notes/1394_en_US_notes_contacts___PART046_295.txt,/home/kamleshpatil/Desktop/Notes - PR and ontata/notes_app/output/Batch - 3 - Final - Contact notes/0bdf8da3d089/screenshots/1394 Victoria Aguilar.jpg
0bdf8da3d089_1395,vivienne morris,2,renamed,/home/kamleshpatil/Desktop/Notes - PR and ontata/notes_app/output/Batch - 3 - Final - Contact notes/0bdf8da3d089/notes/1395_en_US_notes_contacts___PART046_296.txt,/home/kamleshpatil/Desktop/Notes - PR and ontata/notes_app/output/Batch - 3 - Final - Contact notes/0bdf8da3d089/screenshots/1395 Vivienne Morris.jpg
0bdf8da3d089_1396,liliana ellus,2,renamed,/home/kamleshpatil/Desktop/Notes - PR and ontata/notes_app/output/Batch - 3 - Final - Contact notes/0bdf8da3d089/notes/1396_en_US_notes_contacts___PART046_297.txt,/home/kamleshpatil/Desktop/Notes - PR and ontata/notes_app/output/Batch - 3 - Final - Contact notes/0bdf8da3d089/screenshots/1396 liliana Ellus - failities requeest for a.jpg
0bdf8da3d089_1397,txtd masn,2,renamed,/home/kamleshpatil/Desktop/Notes - PR and ontata/notes_app/output/Batch - 3 - Final - Contact notes/0bdf8da3d089/notes/1397_en_US_notes_contacts___PART046_298.txt,/home/kamleshpatil/Desktop/Notes - PR and ontata/notes_app/output/Batch - 3 - Final - Contact notes/0bdf8da3d089/screenshots/1397 txtd Masn Randall Dog Groomer about foll.jpg
0bdf8da3d089_1398,paid arnani,2,renamed,/home/kamleshpatil/Desktop/Notes - PR and ontata/notes_app/output/Batch - 3 - Final - Contact notes/0bdf8da3d089/notes/1398_en_US_notes_contacts___PART046_299.txt,/home/kamleshpatil/Desktop/Notes - PR and ontata/notes_app/output/Batch - 3 - Final - Contact notes/0bdf8da3d089/screenshots/1398 paid Arnani Blacckwood Appliance Repair .jpg
0bdf8da3d089_1399,nihkil vargas,2,renamed,/home/kamleshpatil/Desktop/Notes - PR and ontata/notes_app/output/Batch - 3 - Final - Contact notes/0bdf8da3d089/notes/1399_en_US_notes_contacts___PART046_300.txt,/home/kamleshpatil/Desktop/Notes - PR and ontata/notes_app/output/Batch - 3 - Final - Contact notes/0bdf8da3d089/screenshots/1399 nihkil Vargas.jpg
0bdf8da3d089_1400,marisol myers,2,renamed,/home/kamleshpatil/Desktop/Notes - PR and ontata/notes_app/output/Batch - 3 - Final - Contact notes/0bdf8da3d089/notes/1400_en_US_notes_contacts___PART047_301.txt,/home/kamleshpatil/Desktop/Notes - PR and ontata/notes_app/output/Batch - 3 - Final - Contact notes/0bdf8da3d089/screenshots/1400 marisol Myers Colllege Advisor 901-408-8.jpg
0bdf8da3d089_1401,nora foster,2,renamed,/home/kamleshpatil/Desktop/Notes - PR and ontata/notes_app/output/Batch - 3 - Final - Contact notes/0bdf8da3d089/notes/1401_en_US_notes_contacts___PART047_302.txt,/home/kamleshpatil/Desktop/Notes - PR and ontata/notes_app/output/Batch - 3 - Final - Contact notes/0bdf8da3d089/screenshots/1401 nora Foster Venue Manager Athens 7042239.jpg
0bdf8da3d089_1402,need to talk to leif,5,renamed,/home/kamleshpatil/Desktop/Notes - PR and ontata/notes_app/output/Batch - 3 - Final - Contact notes/0bdf8da3d089/notes/1402_en_US_notes_contacts___PART047_303.txt,/home/kamleshpatil/Desktop/Notes - PR and ontata/notes_app/output/Batch - 3 - Final - Contact notes/0bdf8da3d089/screenshots/1402 need to talk to Leif Wrighht Pilates Ins.jpg
0bdf8da3d089_1403,quinlan hall,2,renamed,/home/kamleshpatil/Desktop/Notes - PR and ontata/notes_app/output/Batch - 3 - Final - Contact notes/0bdf8da3d089/notes/1403_en_US_notes_contacts___PART047_304.txt,/home/kamleshpatil/Desktop/Notes - PR and ontata/notes_app/output/Batch - 3 - Final - Contact notes/0bdf8da3d089/screenshots/1403 quinlan Hall.jpg
0bdf8da3d089_1404,thea chen,2,renamed,/home/kamleshpatil/Desktop/Notes - PR and ontata/notes_app/output/Batch - 3 - Final - Contact notes/0bdf8da3d089/notes/1404_en_US_notes_contacts___PART047_305.txt,/home/kamleshpatil/Desktop/Notes - PR and ontata/notes_app/output/Batch - 3 - Final - Contact notes/0bdf8da3d089/screenshots/1404 thea Chen - hr form needs signature in C.jpg
0bdf8da3d089_1405,alana harris,2,renamed,/home/kamleshpatil/Desktop/Notes - PR and ontata/notes_app/output/Batch - 3 - Final - Contact notes/0bdf8da3d089/notes/1405_en_US_notes_contacts___PART047_306.txt,/home/kamleshpatil/Desktop/Notes - PR and ontata/notes_app/output/Batch - 3 - Final - Contact notes/0bdf8da3d089/screenshots/1405 alana Harris Teacher 919 9202190.jpg
0bdf8da3d089_1406,brody cake,2,renamed,/home/kamleshpatil/Desktop/Notes - PR and ontata/notes_app/output/Batch - 3 - Final - Contact notes/0bdf8da3d089/notes/1406_en_US_notes_contacts___PART047_307.txt,/home/kamleshpatil/Desktop/Notes - PR and ontata/notes_app/output/Batch - 3 - Final - Contact notes/0bdf8da3d089/screenshots/1406 brody - cake order for birthday.jpg
0bdf8da3d089_1407,indie murphy,2,renamed,/home/kamleshpatil/Desktop/Notes - PR and ontata/notes_app/output/Batch - 3 - Final - Contact notes/0bdf8da3d089/notes/1407_en_US_notes_contacts___PART047_308.txt,/home/kamleshpatil/Desktop/Notes - PR and ontata/notes_app/output/Batch - 3 - Final - Contact notes/0bdf8da3d089/screenshots/1407 indie Murphy Vocal Coach 929 9129714.jpg
0bdf8da3d089_1408,maverick jackson,2,renamed,/home/kamleshpatil/Desktop/Notes - PR and ontata/notes_app/output/Batch - 3 - Final - Contact notes/0bdf8da3d089/notes/1408_en_US_notes_contacts___PART047_309.txt,/home/kamleshpatil/Desktop/Notes - PR and ontata/notes_app/output/Batch - 3 - Final - Contact notes/0bdf8da3d089/screenshots/1408 maverick Jackson - paroll discrepancy to.jpg
0bdf8da3d089_1409,yuki thompson,2,renamed,/home/kamleshpatil/Desktop/Notes - PR and ontata/notes_app/output/Batch - 3 - Final - Contact notes/0bdf8da3d089/notes/1409_en_US_notes_contacts___PART047_310.txt,/home/kamleshpatil/Desktop/Notes - PR and ontata/notes_app/output/Batch - 3 - Final - Contact notes/0bdf8da3d089/screenshots/1409 yuki Thompson - nail reair before friday.jpg
0bdf8da3d089_1410,sophia math,2,renamed,/home/kamleshpatil/Desktop/Notes - PR and ontata/notes_app/output/Batch - 3 - Final - Contact notes/0bdf8da3d089/notes/1410_en_US_notes_contacts___PART047_311.txt,/home/kamleshpatil/Desktop/Notes - PR and ontata/notes_app/output/Batch - 3 - Final - Contact notes/0bdf8da3d089/screenshots/1410 sophia - math tutoring for finals in Nas.jpg
0bdf8da3d089_1411,hayden williams,2,renamed,/home/kamleshpatil/Desktop/Notes - PR and ontata/notes_app/output/Batch - 3 - Final - Contact notes/0bdf8da3d089/notes/1411_en_US_notes_contacts___PART047_312.txt,/home/kamleshpatil/Desktop/Notes - PR and ontata/notes_app/output/Batch - 3 - Final - Contact notes/0bdf8da3d089/screenshots/1411 hayden Williams.jpg
0bdf8da3d089_1412,sent info to atticus,4,renamed,/home/kamleshpatil/Desktop/Notes - PR and ontata/notes_app/output/Batch - 3 - Final - Contact notes/0bdf8da3d089/notes/1412_en_US_notes_contacts___PART047_313.txt,/home/kamleshpatil/Desktop/Notes - PR and ontata/notes_app/output/Batch - 3 - Final - Contact notes/0bdf8da3d089/screenshots/1412 sent info to Atticus Coleman Venue Manag.jpg
0bdf8da3d089_1413,meeting with sylvie,3,renamed,/home/kamleshpatil/Desktop/Notes - PR and ontata/notes_app/output/Batch - 3 - Final - Contact notes/0bdf8da3d089/notes/1413_en_US_notes_contacts___PART047_314.txt,/home/kamleshpatil/Desktop/Notes - PR and ontata/notes_app/output/Batch - 3 - Final - Contact notes/0bdf8da3d089/screenshots/1413 meeting with Sylvie Stewart Teaacher fro.jpg
0bdf8da3d089_1414,levi kim,2,renamed,/home/kamleshpatil/Desktop/Notes - PR and ontata/notes_app/output/Batch - 3 - Final - Contact notes/0bdf8da3d089/notes/1414_en_US_notes_contacts___PART047_315.txt,/home/kamleshpatil/Desktop/Notes - PR and ontata/notes_app/output/Batch - 3 - Final - Contact notes/0bdf8da3d089/screenshots/1414 Levi Kim Print Shop Greensboro 702263356.jpg
0bdf8da3d089_1415,indie morgan,2,renamed,/home/kamleshpatil/Desktop/Notes - PR and ontata/notes_app/output/Batch - 3 - Final - Contact notes/0bdf8da3d089/notes/1415_en_US_notes_contacts___PART047_316.txt,/home/kamleshpatil/Desktop/Notes - PR and ontata/notes_app/output/Batch - 3 - Final - Contact notes/0bdf8da3d089/screenshots/1415 indie Morgan - folow up on adoption appl.jpg
0bdf8da3d089_1416,pierce bosse,2,renamed,/home/kamleshpatil/Desktop/Notes - PR and ontata/notes_app/output/Batch - 3 - Final - Contact notes/0bdf8da3d089/notes/1416_en_US_notes_contacts___PART047_317.txt,/home/kamleshpatil/Desktop/Notes - PR and ontata/notes_app/output/Batch - 3 - Final - Contact notes/0bdf8da3d089/screenshots/1416 pierce Bosse - needs front tie estimate.jpg
0bdf8da3d089_1417,merrick coleman,2,renamed,/home/kamleshpatil/Desktop/Notes - PR and ontata/notes_app/output/Batch - 3 - Final - Contact notes/0bdf8da3d089/notes/1417_en_US_notes_contacts___PART047_318.txt,/home/kamleshpatil/Desktop/Notes - PR and ontata/notes_app/output/Batch - 3 - Final - Contact notes/0bdf8da3d089/screenshots/1417 merrick Coleman.jpg
0bdf8da3d089_1418,patrick thompsson,2,renamed,/home/kamleshpatil/Desktop/Notes - PR and ontata/notes_app/output/Batch - 3 - Final - Contact notes/0bdf8da3d089/notes/1418_en_US_notes_contacts___PART047_319.txt,/home/kamleshpatil/Desktop/Notes - PR and ontata/notes_app/output/Batch - 3 - Final - Contact notes/0bdf8da3d089/screenshots/1418 patrick Thompsson Ofice Manager Minneapo.jpg
0bdf8da3d089_1419,tyler king,2,renamed,/home/kamleshpatil/Desktop/Notes - PR and ontata/notes_app/output/Batch - 3 - Final - Contact notes/0bdf8da3d089/notes/1419_en_US_notes_contacts___PART047_320.txt,/home/kamleshpatil/Desktop/Notes - PR and ontata/notes_app/output/Batch - 3 - Final - Contact notes/0bdf8da3d089/screenshots/1419 tyler King.jpg
0bdf8da3d089_1420,gavin taylor,2,renamed,/home/kamleshpatil/Desktop/Notes - PR and ontata/notes_app/output/Batch - 3 - Final - Contact notes/0bdf8da3d089/notes/1420_en_US_notes_contacts___PART048_321.txt,/home/kamleshpatil/Desktop/Notes - PR and ontata/notes_app/output/Batch - 3 - Final - Contact notes/0bdf8da3d089/screenshots/1420 gavin Taylor.jpg
0bdf8da3d089_1421,david rosss,2,renamed,/home/kamleshpatil/Desktop/Notes - PR and ontata/notes_app/output/Batch - 3 - Final - Contact notes/0bdf8da3d089/notes/1421_en_US_notes_contacts___PART048_322.txt,/home/kamleshpatil/Desktop/Notes - PR and ontata/notes_app/output/Batch - 3 - Final - Contact notes/0bdf8da3d089/screenshots/1421 david Rosss - follow up on laptop ticket.jpg
0bdf8da3d089_1422,niall roberts,2,renamed,/home/kamleshpatil/Desktop/Notes - PR and ontata/notes_app/output/Batch - 3 - Final - Contact notes/0bdf8da3d089/notes/1422_en_US_notes_contacts___PART048_323.txt,/home/kamleshpatil/Desktop/Notes - PR and ontata/notes_app/output/Batch - 3 - Final - Contact notes/0bdf8da3d089/screenshots/1422 niall Roberts Car Inspetion 973-854-9714.jpg
0bdf8da3d089_1423,amara 516,2,renamed,/home/kamleshpatil/Desktop/Notes - PR and ontata/notes_app/output/Batch - 3 - Final - Contact notes/0bdf8da3d089/notes/1423_en_US_notes_contacts___PART048_324.txt,/home/kamleshpatil/Desktop/Notes - PR and ontata/notes_app/output/Batch - 3 - Final - Contact notes/0bdf8da3d089/screenshots/1423 amara.jpg
0bdf8da3d089_1424,aiden copywriter,2,renamed,/home/kamleshpatil/Desktop/Notes - PR and ontata/notes_app/output/Batch - 3 - Final - Contact notes/0bdf8da3d089/notes/1424_en_US_notes_contacts___PART048_325.txt,/home/kamleshpatil/Desktop/Notes - PR and ontata/notes_app/output/Batch - 3 - Final - Contact notes/0bdf8da3d089/screenshots/1424 aiden Copywriter 415 7823706.jpg
0bdf8da3d089_1425,ronan bailey,2,renamed,/home/kamleshpatil/Desktop/Notes - PR and ontata/notes_app/output/Batch - 3 - Final - Contact notes/0bdf8da3d089/notes/1425_en_US_notes_contacts___PART048_326.txt,/home/kamleshpatil/Desktop/Notes - PR and ontata/notes_app/output/Batch - 3 - Final - Contact notes/0bdf8da3d089/screenshots/1425 ronan Bailey - nail repair before friday.jpg
0bdf8da3d089_1426,idris smith,2,renamed,/home/kamleshpatil/Desktop/Notes - PR and ontata/notes_app/output/Batch - 3 - Final - Contact notes/0bdf8da3d089/notes/1426_en_US_notes_contacts___PART048_327.txt,/home/kamleshpatil/Desktop/Notes - PR and ontata/notes_app/output/Batch - 3 - Final - Contact notes/0bdf8da3d089/screenshots/1426 idris Smith.jpg
0bdf8da3d089_1427,wei nhuyen,2,renamed,/home/kamleshpatil/Desktop/Notes - PR and ontata/notes_app/output/Batch - 3 - Final - Contact notes/0bdf8da3d089/notes/1427_en_US_notes_contacts___PART048_328.txt,/home/kamleshpatil/Desktop/Notes - PR and ontata/notes_app/output/Batch - 3 - Final - Contact notes/0bdf8da3d089/screenshots/1427 Wei Nhuyen - bring old presription glass.jpg
0bdf8da3d089_1428,cameron barton,2,renamed,/home/kamleshpatil/Desktop/Notes - PR and ontata/notes_app/output/Batch - 3 - Final - Contact notes/0bdf8da3d089/notes/1428_en_US_notes_contacts___PART048_329.txt,/home/kamleshpatil/Desktop/Notes - PR and ontata/notes_app/output/Batch - 3 - Final - Contact notes/0bdf8da3d089/screenshots/1428 cameron Barton.jpg
0bdf8da3d089_1429,kavya hernandez,2,renamed,/home/kamleshpatil/Desktop/Notes - PR and ontata/notes_app/output/Batch - 3 - Final - Contact notes/0bdf8da3d089/notes/1429_en_US_notes_contacts___PART048_330.txt,/home/kamleshpatil/Desktop/Notes - PR and ontata/notes_app/output/Batch - 3 - Final - Contact notes/0bdf8da3d089/screenshots/1429 kavya Hernandez Paralegal Nashville 5166.jpg
0bdf8da3d089_1430,contact to,2,renamed,/home/kamleshpatil/Desktop/Notes - PR and ontata/notes_app/output/Batch - 3 - Final - Contact notes/0bdf8da3d089/notes/1430_en_US_notes_contacts___PART048_331.txt,/home/kamleshpatil/Desktop/Notes - PR and ontata/notes_app/output/Batch - 3 - Final - Contact notes/0bdf8da3d089/screenshots/1430 Contact To Morris Club Orgaanizer from S.jpg
0bdf8da3d089_1431,paid ricardo,2,renamed,/home/kamleshpatil/Desktop/Notes - PR and ontata/notes_app/output/Batch - 3 - Final - Contact notes/0bdf8da3d089/notes/1431_en_US_notes_contacts___PART048_332.txt,/home/kamleshpatil/Desktop/Notes - PR and ontata/notes_app/output/Batch - 3 - Final - Contact notes/0bdf8da3d089/screenshots/1431 Paid Ricardo Brown Procurement 323-733-2.jpg
0bdf8da3d089_1432,anthony medina,2,renamed,/home/kamleshpatil/Desktop/Notes - PR and ontata/notes_app/output/Batch - 3 - Final - Contact notes/0bdf8da3d089/notes/1432_en_US_notes_contacts___PART048_333.txt,/home/kamleshpatil/Desktop/Notes - PR and ontata/notes_app/output/Batch - 3 - Final - Contact notes/0bdf8da3d089/screenshots/1432 anthony Medina - ask anout storage unit .jpg
0bdf8da3d089_1433,schedule w easton,3,renamed,/home/kamleshpatil/Desktop/Notes - PR and ontata/notes_app/output/Batch - 3 - Final - Contact notes/0bdf8da3d089/notes/1433_en_US_notes_contacts___PART048_334.txt,/home/kamleshpatil/Desktop/Notes - PR and ontata/notes_app/output/Batch - 3 - Final - Contact notes/0bdf8da3d089/screenshots/1433 schedule w Easton Martinez Hairdresser 8.jpg
0bdf8da3d089_1434,sable check,2,renamed,/home/kamleshpatil/Desktop/Notes - PR and ontata/notes_app/output/Batch - 3 - Final - Contact notes/0bdf8da3d089/notes/1434_en_US_notes_contacts___PART048_335.txt,/home/kamleshpatil/Desktop/Notes - PR and ontata/notes_app/output/Batch - 3 - Final - Contact notes/0bdf8da3d089/screenshots/1434 sable - check leak under kitchen sink.jpg
0bdf8da3d089_1435,daria graham,2,renamed,/home/kamleshpatil/Desktop/Notes - PR and ontata/notes_app/output/Batch - 3 - Final - Contact notes/0bdf8da3d089/notes/1435_en_US_notes_contacts___PART048_336.txt,/home/kamleshpatil/Desktop/Notes - PR and ontata/notes_app/output/Batch - 3 - Final - Contact notes/0bdf8da3d089/screenshots/1435 Daria Graham - facilities request for ac.jpg
0bdf8da3d089_1436,nasir vance,2,renamed,/home/kamleshpatil/Desktop/Notes - PR and ontata/notes_app/output/Batch - 3 - Final - Contact notes/0bdf8da3d089/notes/1436_en_US_notes_contacts___PART048_337.txt,/home/kamleshpatil/Desktop/Notes - PR and ontata/notes_app/output/Batch - 3 - Final - Contact notes/0bdf8da3d089/screenshots/1436 nasir Vance - check leak under kitchen s.jpg
0bdf8da3d089_1437,diego fade,2,renamed,/home/kamleshpatil/Desktop/Notes - PR and ontata/notes_app/output/Batch - 3 - Final - Contact notes/0bdf8da3d089/notes/1437_en_US_notes_contacts___PART048_338.txt,/home/kamleshpatil/Desktop/Notes - PR and ontata/notes_app/output/Batch - 3 - Final - Contact notes/0bdf8da3d089/screenshots/1437 Diego - fade booking after work.jpg
0bdf8da3d089_1438,andres kim,2,renamed,/home/kamleshpatil/Desktop/Notes - PR and ontata/notes_app/output/Batch - 3 - Final - Contact notes/0bdf8da3d089/notes/1438_en_US_notes_contacts___PART048_339.txt,/home/kamleshpatil/Desktop/Notes - PR and ontata/notes_app/output/Batch - 3 - Final - Contact notes/0bdf8da3d089/screenshots/1438 andres Kim - pt eval for knee pain in Om.jpg
0bdf8da3d089_1439,call kevin,2,renamed,/home/kamleshpatil/Desktop/Notes - PR and ontata/notes_app/output/Batch - 3 - Final - Contact notes/0bdf8da3d089/notes/1439_en_US_notes_contacts___PART048_340.txt,/home/kamleshpatil/Desktop/Notes - PR and ontata/notes_app/output/Batch - 3 - Final - Contact notes/0bdf8da3d089/screenshots/1439 call Kevin Ortega Bowling League Contact.jpg
0bdf8da3d089_1440,meeting with renaa,3,renamed,/home/kamleshpatil/Desktop/Notes - PR and ontata/notes_app/output/Batch - 3 - Final - Contact notes/0bdf8da3d089/notes/1440_en_US_notes_contacts___PART049_341.txt,/home/kamleshpatil/Desktop/Notes - PR and ontata/notes_app/output/Batch - 3 - Final - Contact notes/0bdf8da3d089/screenshots/1440 meeting with Renaa Bennett Bowling Leagu.jpg
0bdf8da3d089_1441,rafferty ellis,2,renamed,/home/kamleshpatil/Desktop/Notes - PR and ontata/notes_app/output/Batch - 3 - Final - Contact notes/0bdf8da3d089/notes/1441_en_US_notes_contacts___PART049_342.txt,/home/kamleshpatil/Desktop/Notes - PR and ontata/notes_app/output/Batch - 3 - Final - Contact notes/0bdf8da3d089/screenshots/1441 rafferty Ellis - bring old prescription .jpg
0bdf8da3d089_1442,nico sanchez,2,renamed,/home/kamleshpatil/Desktop/Notes - PR and ontata/notes_app/output/Batch - 3 - Final - Contact notes/0bdf8da3d089/notes/1442_en_US_notes_contacts___PART049_343.txt,/home/kamleshpatil/Desktop/Notes - PR and ontata/notes_app/output/Batch - 3 - Final - Contact notes/0bdf8da3d089/screenshots/1442 Nico Sanchez Neighbor 8183112748.jpg
0bdf8da3d089_1443,phloma walker,2,renamed,/home/kamleshpatil/Desktop/Notes - PR and ontata/notes_app/output/Batch - 3 - Final - Contact notes/0bdf8da3d089/notes/1443_en_US_notes_contacts___PART049_344.txt,/home/kamleshpatil/Desktop/Notes - PR and ontata/notes_app/output/Batch - 3 - Final - Contact notes/0bdf8da3d089/screenshots/1443 phloma Walker.jpg
0bdf8da3d089_1444,check with jaxon,3,renamed,/home/kamleshpatil/Desktop/Notes - PR and ontata/notes_app/output/Batch - 3 - Final - Contact notes/0bdf8da3d089/notes/1444_en_US_notes_contacts___PART049_345.txt,/home/kamleshpatil/Desktop/Notes - PR and ontata/notes_app/output/Batch - 3 - Final - Contact notes/0bdf8da3d089/screenshots/1444 check with Jaxon Dry Cleaner about fade .jpg
0bdf8da3d089_1445,olivia insrance,2,renamed,/home/kamleshpatil/Desktop/Notes - PR and ontata/notes_app/output/Batch - 3 - Final - Contact notes/0bdf8da3d089/notes/1445_en_US_notes_contacts___PART049_346.txt,/home/kamleshpatil/Desktop/Notes - PR and ontata/notes_app/output/Batch - 3 - Final - Contact notes/0bdf8da3d089/screenshots/1445 Olivia Insrance Agent 303 439 9183.jpg
0bdf8da3d089_1446,check with harper,3,renamed,/home/kamleshpatil/Desktop/Notes - PR and ontata/notes_app/output/Batch - 3 - Final - Contact notes/0bdf8da3d089/notes/1446_en_US_notes_contacts___PART049_347.txt,/home/kamleshpatil/Desktop/Notes - PR and ontata/notes_app/output/Batch - 3 - Final - Contact notes/0bdf8da3d089/screenshots/1446 check with Harper Wst Inspector 92928493.jpg
0bdf8da3d089_1447,zion nelson,2,renamed,/home/kamleshpatil/Desktop/Notes - PR and ontata/notes_app/output/Batch - 3 - Final - Contact notes/0bdf8da3d089/notes/1447_en_US_notes_contacts___PART049_348.txt,/home/kamleshpatil/Desktop/Notes - PR and ontata/notes_app/output/Batch - 3 - Final - Contact notes/0bdf8da3d089/screenshots/1447 Zion Nelson Home Security 470 8416104.jpg
0bdf8da3d089_1448,sent info to deja,4,renamed,/home/kamleshpatil/Desktop/Notes - PR and ontata/notes_app/output/Batch - 3 - Final - Contact notes/0bdf8da3d089/notes/1448_en_US_notes_contacts___PART049_349.txt,/home/kamleshpatil/Desktop/Notes - PR and ontata/notes_app/output/Batch - 3 - Final - Contact notes/0bdf8da3d089/screenshots/1448 sent info to Deja Smith Inspector about .jpg
0bdf8da3d089_1449,evan moore,2,renamed,/home/kamleshpatil/Desktop/Notes - PR and ontata/notes_app/output/Batch - 3 - Final - Contact notes/0bdf8da3d089/notes/1449_en_US_notes_contacts___PART049_350.txt,/home/kamleshpatil/Desktop/Notes - PR and ontata/notes_app/output/Batch - 3 - Final - Contact notes/0bdf8da3d089/screenshots/1449 evan Moore Title Company 310 836 8816.jpg
0bdf8da3d089_1450,alex dalton,2,renamed,/home/kamleshpatil/Desktop/Notes - PR and ontata/notes_app/output/Batch - 3 - Final - Contact notes/0bdf8da3d089/notes/1450_en_US_notes_contacts___PART049_351.txt,/home/kamleshpatil/Desktop/Notes - PR and ontata/notes_app/output/Batch - 3 - Final - Contact notes/0bdf8da3d089/screenshots/1450 Alex Dalton.jpg
0bdf8da3d089_1451,miles jordaan,2,renamed,/home/kamleshpatil/Desktop/Notes - PR and ontata/notes_app/output/Batch - 3 - Final - Contact notes/0bdf8da3d089/notes/1451_en_US_notes_contacts___PART049_352.txt,/home/kamleshpatil/Desktop/Notes - PR and ontata/notes_app/output/Batch - 3 - Final - Contact notes/0bdf8da3d089/screenshots/1451 Miles Jordaan.jpg
0bdf8da3d089_1452,landon needs,2,renamed,/home/kamleshpatil/Desktop/Notes - PR and ontata/notes_app/output/Batch - 3 - Final - Contact notes/0bdf8da3d089/notes/1452_en_US_notes_contacts___PART049_353.txt,/home/kamleshpatil/Desktop/Notes - PR and ontata/notes_app/output/Batch - 3 - Final - Contact notes/0bdf8da3d089/screenshots/1452 landon - needs front tire estimate.jpg
0bdf8da3d089_1453,darius accountant,2,renamed,/home/kamleshpatil/Desktop/Notes - PR and ontata/notes_app/output/Batch - 3 - Final - Contact notes/0bdf8da3d089/notes/1453_en_US_notes_contacts___PART049_354.txt,/home/kamleshpatil/Desktop/Notes - PR and ontata/notes_app/output/Batch - 3 - Final - Contact notes/0bdf8da3d089/screenshots/1453 darius.jpg
0bdf8da3d089_1454,sariah ui,2,renamed,/home/kamleshpatil/Desktop/Notes - PR and ontata/notes_app/output/Batch - 3 - Final - Contact notes/0bdf8da3d089/notes/1454_en_US_notes_contacts___PART049_355.txt,/home/kamleshpatil/Desktop/Notes - PR and ontata/notes_app/output/Batch - 3 - Final - Contact notes/0bdf8da3d089/screenshots/1454 Sariah UI Designer 8016992615.jpg
0bdf8da3d089_1455,follow up w charls,4,renamed,/home/kamleshpatil/Desktop/Notes - PR and ontata/notes_app/output/Batch - 3 - Final - Contact notes/0bdf8da3d089/notes/1455_en_US_notes_contacts___PART049_356.txt,/home/kamleshpatil/Desktop/Notes - PR and ontata/notes_app/output/Batch - 3 - Final - Contact notes/0bdf8da3d089/screenshots/1455 Follow up w Charls Accountant about loan.jpg
0bdf8da3d089_1456,got a quoe,3,renamed,/home/kamleshpatil/Desktop/Notes - PR and ontata/notes_app/output/Batch - 3 - Final - Contact notes/0bdf8da3d089/notes/1456_en_US_notes_contacts___PART049_357.txt,/home/kamleshpatil/Desktop/Notes - PR and ontata/notes_app/output/Batch - 3 - Final - Contact notes/0bdf8da3d089/screenshots/1456 got a quoe from Keon Foster Copywriter.jpg
0bdf8da3d089_1457,drop off at luna,4,renamed,/home/kamleshpatil/Desktop/Notes - PR and ontata/notes_app/output/Batch - 3 - Final - Contact notes/0bdf8da3d089/notes/1457_en_US_notes_contacts___PART049_358.txt,/home/kamleshpatil/Desktop/Notes - PR and ontata/notes_app/output/Batch - 3 - Final - Contact notes/0bdf8da3d089/screenshots/1457 drop off at Luna Gomez Cat Sitting about.jpg
0bdf8da3d089_1458,celeste holt,2,renamed,/home/kamleshpatil/Desktop/Notes - PR and ontata/notes_app/output/Batch - 3 - Final - Contact notes/0bdf8da3d089/notes/1458_en_US_notes_contacts___PART049_359.txt,/home/kamleshpatil/Desktop/Notes - PR and ontata/notes_app/output/Batch - 3 - Final - Contact notes/0bdf8da3d089/screenshots/1458 celeste Holt - ask about parent-teacher .jpg
0bdf8da3d089_1459,drop off at coral,4,renamed,/home/kamleshpatil/Desktop/Notes - PR and ontata/notes_app/output/Batch - 3 - Final - Contact notes/0bdf8da3d089/notes/1459_en_US_notes_contacts___PART049_360.txt,/home/kamleshpatil/Desktop/Notes - PR and ontata/notes_app/output/Batch - 3 - Final - Contact notes/0bdf8da3d089/screenshots/1459 drop off at Coral Thomas Basketball Trai.jpg
0bdf8da3d089_1460,connect with dex,3,renamed,/home/kamleshpatil/Desktop/Notes - PR and ontata/notes_app/output/Batch - 3 - Final - Contact notes/0bdf8da3d089/notes/1460_en_US_notes_contacts___PART050_361.txt,/home/kamleshpatil/Desktop/Notes - PR and ontata/notes_app/output/Batch - 3 - Final - Contact notes/0bdf8da3d089/screenshots/1460 connect with Dex DJ from Birmingham.jpg
0bdf8da3d089_1461,landon anderson,2,renamed,/home/kamleshpatil/Desktop/Notes - PR and ontata/notes_app/output/Batch - 3 - Final - Contact notes/0bdf8da3d089/notes/1461_en_US_notes_contacts___PART050_362.txt,/home/kamleshpatil/Desktop/Notes - PR and ontata/notes_app/output/Batch - 3 - Final - Contact notes/0bdf8da3d089/screenshots/1461 Landon Anderson - ask aboout storage uni.jpg
0bdf8da3d089_1462,hunter fidh,2,renamed,/home/kamleshpatil/Desktop/Notes - PR and ontata/notes_app/output/Batch - 3 - Final - Contact notes/0bdf8da3d089/notes/1462_en_US_notes_contacts___PART050_363.txt,/home/kamleshpatil/Desktop/Notes - PR and ontata/notes_app/output/Batch - 3 - Final - Contact notes/0bdf8da3d089/screenshots/1462 hunter - fidh taank cleaning this weeken.jpg
0bdf8da3d089_1463,txtd jackson,2,renamed,/home/kamleshpatil/Desktop/Notes - PR and ontata/notes_app/output/Batch - 3 - Final - Contact notes/0bdf8da3d089/notes/1463_en_US_notes_contacts___PART050_364.txt,/home/kamleshpatil/Desktop/Notes - PR and ontata/notes_app/output/Batch - 3 - Final - Contact notes/0bdf8da3d089/screenshots/1463 txtd Jackson Cole Financial Aid Contact .jpg
0bdf8da3d089_1464,check wiyh,2,renamed,/home/kamleshpatil/Desktop/Notes - PR and ontata/notes_app/output/Batch - 3 - Final - Contact notes/0bdf8da3d089/notes/1464_en_US_notes_contacts___PART050_365.txt,/home/kamleshpatil/Desktop/Notes - PR and ontata/notes_app/output/Batch - 3 - Final - Contact notes/0bdf8da3d089/screenshots/1464 check wiyh Dulce Wite Driving Instructor.jpg
0bdf8da3d089_1465,bodhi reswrvations,2,renamed,/home/kamleshpatil/Desktop/Notes - PR and ontata/notes_app/output/Batch - 3 - Final - Contact notes/0bdf8da3d089/notes/1465_en_US_notes_contacts___PART050_366.txt,/home/kamleshpatil/Desktop/Notes - PR and ontata/notes_app/output/Batch - 3 - Final - Contact notes/0bdf8da3d089/screenshots/1465 Bodhi - reswrvations for 5 in Lttle Rocc.jpg
0bdf8da3d089_1466,ethan brown,2,renamed,/home/kamleshpatil/Desktop/Notes - PR and ontata/notes_app/output/Batch - 3 - Final - Contact notes/0bdf8da3d089/notes/1466_en_US_notes_contacts___PART050_367.txt,/home/kamleshpatil/Desktop/Notes - PR and ontata/notes_app/output/Batch - 3 - Final - Contact notes/0bdf8da3d089/screenshots/1466 ethan Brown.jpg
0bdf8da3d089_1467,forrest rivera,2,renamed,/home/kamleshpatil/Desktop/Notes - PR and ontata/notes_app/output/Batch - 3 - Final - Contact notes/0bdf8da3d089/notes/1467_en_US_notes_contacts___PART050_368.txt,/home/kamleshpatil/Desktop/Notes - PR and ontata/notes_app/output/Batch - 3 - Final - Contact notes/0bdf8da3d089/screenshots/1467 forrest Rivera.jpg
0bdf8da3d089_1468,aarav gutierrez,2,renamed,/home/kamleshpatil/Desktop/Notes - PR and ontata/notes_app/output/Batch - 3 - Final - Contact notes/0bdf8da3d089/notes/1468_en_US_notes_contacts___PART050_369.txt,/home/kamleshpatil/Desktop/Notes - PR and ontata/notes_app/output/Batch - 3 - Final - Contact notes/0bdf8da3d089/screenshots/1468 Aarav Gutierrez Running Club Lead 310589.jpg
0bdf8da3d089_1469,met tove,2,renamed,/home/kamleshpatil/Desktop/Notes - PR and ontata/notes_app/output/Batch - 3 - Final - Contact notes/0bdf8da3d089/notes/1469_en_US_notes_contacts___PART050_370.txt,/home/kamleshpatil/Desktop/Notes - PR and ontata/notes_app/output/Batch - 3 - Final - Contact notes/0bdf8da3d089/screenshots/1469 met Tove Ramirez Finabcial Advisor 919 8.jpg
0bdf8da3d089_1470,,0,skipped_missing_pair,/home/kamleshpatil/Desktop/Notes - PR and ontata/notes_app/output/Batch - 3 - Final - Contact notes/0bdf8da3d089/notes/1470_en_US_notes_contacts___PART050_371.txt,None
0bdf8da3d089_1471,,0,skipped_missing_pair,/home/kamleshpatil/Desktop/Notes - PR and ontata/notes_app/output/Batch - 3 - Final - Contact notes/0bdf8da3d089/notes/1471_en_US_notes_contacts___PART050_372.txt,None
0bdf8da3d089_1472,,0,skipped_missing_pair,/home/kamleshpatil/Desktop/Notes - PR and ontata/notes_app/output/Batch - 3 - Final - Contact notes/0bdf8da3d089/notes/1472_en_US_notes_contacts___PART050_373.txt,None
0bdf8da3d089_1473,,0,skipped_missing_pair,/home/kamleshpatil/Desktop/Notes - PR and ontata/notes_app/output/Batch - 3 - Final - Contact notes/0bdf8da3d089/notes/1473_en_US_notes_contacts___PART050_374.txt,None
0bdf8da3d089_1474,violet free,2,renamed,/home/kamleshpatil/Desktop/Notes - PR and ontata/notes_app/output/Batch - 3 - Final - Contact notes/0bdf8da3d089/notes/1474_en_US_notes_contacts___PART050_375.txt,/home/kamleshpatil/Desktop/Notes - PR and ontata/notes_app/output/Batch - 3 - Final - Contact notes/0bdf8da3d089/screenshots/1474 violet - free assessment session.jpg
0bdf8da3d089_1475,,0,skipped_missing_pair,/home/kamleshpatil/Desktop/Notes - PR and ontata/notes_app/output/Batch - 3 - Final - Contact notes/0bdf8da3d089/notes/1475_en_US_notes_contacts___PART050_376.txt,None
0bdf8da3d089_1476,got a quote from ellis,5,renamed,/home/kamleshpatil/Desktop/Notes - PR and ontata/notes_app/output/Batch - 3 - Final - Contact notes/0bdf8da3d089/notes/1476_en_US_notes_contacts___PART050_377.txt,/home/kamleshpatil/Desktop/Notes - PR and ontata/notes_app/output/Batch - 3 - Final - Contact notes/0bdf8da3d089/screenshots/1476 got a quote from Ellis Social Media Mana.jpg
0bdf8da3d089_1477,bodie vance,2,renamed,/home/kamleshpatil/Desktop/Notes - PR and ontata/notes_app/output/Batch - 3 - Final - Contact notes/0bdf8da3d089/notes/1477_en_US_notes_contacts___PART050_378.txt,/home/kamleshpatil/Desktop/Notes - PR and ontata/notes_app/output/Batch - 3 - Final - Contact notes/0bdf8da3d089/screenshots/1477 Bodie Vance - sennd playlist for party i.jpg
0bdf8da3d089_1478,,0,skipped_missing_pair,/home/kamleshpatil/Desktop/Notes - PR and ontata/notes_app/output/Batch - 3 - Final - Contact notes/0bdf8da3d089/notes/1478_en_US_notes_contacts___PART050_379.txt,None
0bdf8da3d089_1479,,0,skipped_missing_pair,/home/kamleshpatil/Desktop/Notes - PR and ontata/notes_app/output/Batch - 3 - Final - Contact notes/0bdf8da3d089/notes/1479_en_US_notes_contacts___PART050_380.txt,None
0bdf8da3d089_1480,,0,skipped_missing_pair,/home/kamleshpatil/Desktop/Notes - PR and ontata/notes_app/output/Batch - 3 - Final - Contact notes/0bdf8da3d089/notes/1480_en_US_notes_contacts___PART051_381.txt,None
0bdf8da3d089_1481,,0,skipped_missing_pair,/home/kamleshpatil/Desktop/Notes - PR and ontata/notes_app/output/Batch - 3 - Final - Contact notes/0bdf8da3d089/notes/1481_en_US_notes_contacts___PART051_382.txt,None
0bdf8da3d089_1482,,0,skipped_missing_pair,/home/kamleshpatil/Desktop/Notes - PR and ontata/notes_app/output/Batch - 3 - Final - Contact notes/0bdf8da3d089/notes/1482_en_US_notes_contacts___PART051_383.txt,None
0bdf8da3d089_1483,,0,skipped_missing_pair,/home/kamleshpatil/Desktop/Notes - PR and ontata/notes_app/output/Batch - 3 - Final - Contact notes/0bdf8da3d089/notes/1483_en_US_notes_contacts___PART051_384.txt,None
0bdf8da3d089_1484,,0,skipped_missing_pair,/home/kamleshpatil/Desktop/Notes - PR and ontata/notes_app/output/Batch - 3 - Final - Contact notes/0bdf8da3d089/notes/1484_en_US_notes_contacts___PART051_385.txt,None
0bdf8da3d089_1485,,0,skipped_missing_pair,/home/kamleshpatil/Desktop/Notes - PR and ontata/notes_app/output/Batch - 3 - Final - Contact notes/0bdf8da3d089/notes/1485_en_US_notes_contacts___PART051_386.txt,None
0bdf8da3d089_1486,,0,skipped_missing_pair,/home/kamleshpatil/Desktop/Notes - PR and ontata/notes_app/output/Batch - 3 - Final - Contact notes/0bdf8da3d089/notes/1486_en_US_notes_contacts___PART051_387.txt,None
0bdf8da3d089_1487,,0,skipped_missing_pair,/home/kamleshpatil/Desktop/Notes - PR and ontata/notes_app/output/Batch - 3 - Final - Contact notes/0bdf8da3d089/notes/1487_en_US_notes_contacts___PART051_388.txt,None
0bdf8da3d089_1488,,0,skipped_missing_pair,/home/kamleshpatil/Desktop/Notes - PR and ontata/notes_app/output/Batch - 3 - Final - Contact notes/0bdf8da3d089/notes/1488_en_US_notes_contacts___PART051_389.txt,None
0bdf8da3d089_1489,,0,skipped_missing_pair,/home/kamleshpatil/Desktop/Notes - PR and ontata/notes_app/output/Batch - 3 - Final - Contact notes/0bdf8da3d089/notes/1489_en_US_notes_contacts___PART051_390.txt,None
0bdf8da3d089_1490,,0,skipped_missing_pair,/home/kamleshpatil/Desktop/Notes - PR and ontata/notes_app/output/Batch - 3 - Final - Contact notes/0bdf8da3d089/notes/1490_en_US_notes_contacts___PART051_391.txt,None
0bdf8da3d089_1491,,0,skipped_missing_pair,/home/kamleshpatil/Desktop/Notes - PR and ontata/notes_app/output/Batch - 3 - Final - Contact notes/0bdf8da3d089/notes/1491_en_US_notes_contacts___PART051_392.txt,None
0bdf8da3d089_1492,,0,skipped_missing_pair,/home/kamleshpatil/Desktop/Notes - PR and ontata/notes_app/output/Batch - 3 - Final - Contact notes/0bdf8da3d089/notes/1492_en_US_notes_contacts___PART051_393.txt,None
0bdf8da3d089_1493,,0,skipped_missing_pair,/home/kamleshpatil/Desktop/Notes - PR and ontata/notes_app/output/Batch - 3 - Final - Contact notes/0bdf8da3d089/notes/1493_en_US_notes_contacts___PART051_394.txt,None
0bdf8da3d089_1494,theodore braynt,2,renamed,/home/kamleshpatil/Desktop/Notes - PR and ontata/notes_app/output/Batch - 3 - Final - Contact notes/0bdf8da3d089/notes/1494_en_US_notes_contacts___PART051_395.txt,/home/kamleshpatil/Desktop/Notes - PR and ontata/notes_app/output/Batch - 3 - Final - Contact notes/0bdf8da3d089/screenshots/1494 theodore Braynt Mobile Detailing 323-683.jpg
0bdf8da3d089_1495,,0,skipped_missing_pair,/home/kamleshpatil/Desktop/Notes - PR and ontata/notes_app/output/Batch - 3 - Final - Contact notes/0bdf8da3d089/notes/1495_en_US_notes_contacts___PART051_396.txt,None
0bdf8da3d089_1496,,0,skipped_missing_pair,/home/kamleshpatil/Desktop/Notes - PR and ontata/notes_app/output/Batch - 3 - Final - Contact notes/0bdf8da3d089/notes/1496_en_US_notes_contacts___PART051_397.txt,None
0bdf8da3d089_1497,,0,skipped_missing_pair,/home/kamleshpatil/Desktop/Notes - PR and ontata/notes_app/output/Batch - 3 - Final - Contact notes/0bdf8da3d089/notes/1497_en_US_notes_contacts___PART051_398.txt,None
0bdf8da3d089_1498,,0,skipped_missing_pair,/home/kamleshpatil/Desktop/Notes - PR and ontata/notes_app/output/Batch - 3 - Final - Contact notes/0bdf8da3d089/notes/1498_en_US_notes_contacts___PART051_399.txt,None
0bdf8da3d089_1499,,0,skipped_missing_pair,/home/kamleshpatil/Desktop/Notes - PR and ontata/notes_app/output/Batch - 3 - Final - Contact notes/0bdf8da3d089/notes/1499_en_US_notes_contacts___PART051_400.txt,None
0bdf8da3d089_1500,,0,skipped_missing_pair,/home/kamleshpatil/Desktop/Notes - PR and ontata/notes_app/output/Batch - 3 - Final - Contact notes/0bdf8da3d089/notes/1500_en_US_notes_contacts___PART052_401.txt,None
0bdf8da3d089_1501,kingston sanchez,2,renamed,/home/kamleshpatil/Desktop/Notes - PR and ontata/notes_app/output/Batch - 3 - Final - Contact notes/0bdf8da3d089/notes/1501_en_US_notes_contacts___PART052_402.txt,/home/kamleshpatil/Desktop/Notes - PR and ontata/notes_app/output/Batch - 3 - Final - Contact notes/0bdf8da3d089/screenshots/1501 Kingston Sanchez.jpg
0bdf8da3d089_1502,cole hiill,2,renamed,/home/kamleshpatil/Desktop/Notes - PR and ontata/notes_app/output/Batch - 3 - Final - Contact notes/0bdf8da3d089/notes/1502_en_US_notes_contacts___PART052_403.txt,/home/kamleshpatil/Desktop/Notes - PR and ontata/notes_app/output/Batch - 3 - Final - Contact notes/0bdf8da3d089/screenshots/1502 cole Hiill - send notes from meeting.jpg
0bdf8da3d089_1503,,0,skipped_missing_pair,/home/kamleshpatil/Desktop/Notes - PR and ontata/notes_app/output/Batch - 3 - Final - Contact notes/0bdf8da3d089/notes/1503_en_US_notes_contacts___PART052_404.txt,None
0bdf8da3d089_1504,antonio office,2,renamed,/home/kamleshpatil/Desktop/Notes - PR and ontata/notes_app/output/Batch - 3 - Final - Contact notes/0bdf8da3d089/notes/1504_en_US_notes_contacts___PART052_405.txt,/home/kamleshpatil/Desktop/Notes - PR and ontata/notes_app/output/Batch - 3 - Final - Contact notes/0bdf8da3d089/screenshots/1504 antonio - office supply order in Norfolk.jpg
0bdf8da3d089_1505,,0,skipped_missing_pair,/home/kamleshpatil/Desktop/Notes - PR and ontata/notes_app/output/Batch - 3 - Final - Contact notes/0bdf8da3d089/notes/1505_en_US_notes_contacts___PART052_406.txt,None
0bdf8da3d089_1506,,0,skipped_missing_pair,/home/kamleshpatil/Desktop/Notes - PR and ontata/notes_app/output/Batch - 3 - Final - Contact notes/0bdf8da3d089/notes/1506_en_US_notes_contacts___PART052_407.txt,None
0bdf8da3d089_1507,,0,skipped_missing_pair,/home/kamleshpatil/Desktop/Notes - PR and ontata/notes_app/output/Batch - 3 - Final - Contact notes/0bdf8da3d089/notes/1507_en_US_notes_contacts___PART052_408.txt,None
0bdf8da3d089_1508,,0,skipped_missing_pair,/home/kamleshpatil/Desktop/Notes - PR and ontata/notes_app/output/Batch - 3 - Final - Contact notes/0bdf8da3d089/notes/1508_en_US_notes_contacts___PART052_409.txt,None
0bdf8da3d089_1509,,0,skipped_missing_pair,/home/kamleshpatil/Desktop/Notes - PR and ontata/notes_app/output/Batch - 3 - Final - Contact notes/0bdf8da3d089/notes/1509_en_US_notes_contacts___PART052_410.txt,None
0bdf8da3d089_1510,,0,skipped_missing_pair,/home/kamleshpatil/Desktop/Notes - PR and ontata/notes_app/output/Batch - 3 - Final - Contact notes/0bdf8da3d089/notes/1510_en_US_notes_contacts___PART052_411.txt,None
0bdf8da3d089_1511,,0,skipped_missing_pair,/home/kamleshpatil/Desktop/Notes - PR and ontata/notes_app/output/Batch - 3 - Final - Contact notes/0bdf8da3d089/notes/1511_en_US_notes_contacts___PART052_412.txt,None
0bdf8da3d089_1512,,0,skipped_missing_pair,/home/kamleshpatil/Desktop/Notes - PR and ontata/notes_app/output/Batch - 3 - Final - Contact notes/0bdf8da3d089/notes/1512_en_US_notes_contacts___PART052_413.txt,None
0bdf8da3d089_1513,,0,skipped_missing_pair,/home/kamleshpatil/Desktop/Notes - PR and ontata/notes_app/output/Batch - 3 - Final - Contact notes/0bdf8da3d089/notes/1513_en_US_notes_contacts___PART052_414.txt,None
0bdf8da3d089_1514,,0,skipped_missing_pair,/home/kamleshpatil/Desktop/Notes - PR and ontata/notes_app/output/Batch - 3 - Final - Contact notes/0bdf8da3d089/notes/1514_en_US_notes_contacts___PART052_415.txt,None
0bdf8da3d089_1515,sakur ashah,2,renamed,/home/kamleshpatil/Desktop/Notes - PR and ontata/notes_app/output/Batch - 3 - Final - Contact notes/0bdf8da3d089/notes/1515_en_US_notes_contacts___PART052_416.txt,/home/kamleshpatil/Desktop/Notes - PR and ontata/notes_app/output/Batch - 3 - Final - Contact notes/0bdf8da3d089/screenshots/1515 Sakur aShah.jpg
0bdf8da3d089_1516,,0,skipped_missing_pair,/home/kamleshpatil/Desktop/Notes - PR and ontata/notes_app/output/Batch - 3 - Final - Contact notes/0bdf8da3d089/notes/1516_en_US_notes_contacts___PART052_417.txt,None
0bdf8da3d089_1517,,0,skipped_missing_pair,/home/kamleshpatil/Desktop/Notes - PR and ontata/notes_app/output/Batch - 3 - Final - Contact notes/0bdf8da3d089/notes/1517_en_US_notes_contacts___PART052_418.txt,None
0bdf8da3d089_1518,txtd camila,2,renamed,/home/kamleshpatil/Desktop/Notes - PR and ontata/notes_app/output/Batch - 3 - Final - Contact notes/0bdf8da3d089/notes/1518_en_US_notes_contacts___PART052_419.txt,/home/kamleshpatil/Desktop/Notes - PR and ontata/notes_app/output/Batch - 3 - Final - Contact notes/0bdf8da3d089/screenshots/1518 txtd Camila Club Organizer about coordin.jpg
0bdf8da3d089_1519,,0,skipped_missing_pair,/home/kamleshpatil/Desktop/Notes - PR and ontata/notes_app/output/Batch - 3 - Final - Contact notes/0bdf8da3d089/notes/1519_en_US_notes_contacts___PART052_420.txt,None
0bdf8da3d089_1520,meeting with finley,3,renamed,/home/kamleshpatil/Desktop/Notes - PR and ontata/notes_app/output/Batch - 3 - Final - Contact notes/0bdf8da3d089/notes/1520_en_US_notes_contacts___PART053_421.txt,/home/kamleshpatil/Desktop/Notes - PR and ontata/notes_app/output/Batch - 3 - Final - Contact notes/0bdf8da3d089/screenshots/1520 meeting with Finley Plunber about check .jpg
0bdf8da3d089_1521,bella salazar,2,renamed,/home/kamleshpatil/Desktop/Notes - PR and ontata/notes_app/output/Batch - 3 - Final - Contact notes/0bdf8da3d089/notes/1521_en_US_notes_contacts___PART053_422.txt,/home/kamleshpatil/Desktop/Notes - PR and ontata/notes_app/output/Batch - 3 - Final - Contact notes/0bdf8da3d089/screenshots/1521 Bella Salazar - tax filing extension req.jpg
0bdf8da3d089_1522,,0,skipped_missing_pair,/home/kamleshpatil/Desktop/Notes - PR and ontata/notes_app/output/Batch - 3 - Final - Contact notes/0bdf8da3d089/notes/1522_en_US_notes_contacts___PART053_423.txt,None
0bdf8da3d089_1523,,0,skipped_missing_pair,/home/kamleshpatil/Desktop/Notes - PR and ontata/notes_app/output/Batch - 3 - Final - Contact notes/0bdf8da3d089/notes/1523_en_US_notes_contacts___PART053_424.txt,None
0bdf8da3d089_1524,,0,skipped_missing_pair,/home/kamleshpatil/Desktop/Notes - PR and ontata/notes_app/output/Batch - 3 - Final - Contact notes/0bdf8da3d089/notes/1524_en_US_notes_contacts___PART053_425.txt,None
0bdf8da3d089_1525,,0,skipped_missing_pair,/home/kamleshpatil/Desktop/Notes - PR and ontata/notes_app/output/Batch - 3 - Final - Contact notes/0bdf8da3d089/notes/1525_en_US_notes_contacts___PART053_426.txt,None
0bdf8da3d089_1526,,0,skipped_missing_pair,/home/kamleshpatil/Desktop/Notes - PR and ontata/notes_app/output/Batch - 3 - Final - Contact notes/0bdf8da3d089/notes/1526_en_US_notes_contacts___PART053_427.txt,None
0bdf8da3d089_1527,,0,skipped_missing_pair,/home/kamleshpatil/Desktop/Notes - PR and ontata/notes_app/output/Batch - 3 - Final - Contact notes/0bdf8da3d089/notes/1527_en_US_notes_contacts___PART053_428.txt,None
0bdf8da3d089_1528,,0,skipped_missing_pair,/home/kamleshpatil/Desktop/Notes - PR and ontata/notes_app/output/Batch - 3 - Final - Contact notes/0bdf8da3d089/notes/1528_en_US_notes_contacts___PART053_429.txt,None
0bdf8da3d089_1529,,0,skipped_missing_pair,/home/kamleshpatil/Desktop/Notes - PR and ontata/notes_app/output/Batch - 3 - Final - Contact notes/0bdf8da3d089/notes/1529_en_US_notes_contacts___PART053_430.txt,None
0bdf8da3d089_1530,,0,skipped_missing_pair,/home/kamleshpatil/Desktop/Notes - PR and ontata/notes_app/output/Batch - 3 - Final - Contact notes/0bdf8da3d089/notes/1530_en_US_notes_contacts___PART053_431.txt,None
0bdf8da3d089_1531,,0,skipped_missing_pair,/home/kamleshpatil/Desktop/Notes - PR and ontata/notes_app/output/Batch - 3 - Final - Contact notes/0bdf8da3d089/notes/1531_en_US_notes_contacts___PART053_432.txt,None
0bdf8da3d089_1532,yesenia mendez,2,renamed,/home/kamleshpatil/Desktop/Notes - PR and ontata/notes_app/output/Batch - 3 - Final - Contact notes/0bdf8da3d089/notes/1532_en_US_notes_contacts___PART053_433.txt,/home/kamleshpatil/Desktop/Notes - PR and ontata/notes_app/output/Batch - 3 - Final - Contact notes/0bdf8da3d089/screenshots/1532 Yesenia Mendez Banker 323 646 6264.jpg
0bdf8da3d089_1533,,0,skipped_missing_pair,/home/kamleshpatil/Desktop/Notes - PR and ontata/notes_app/output/Batch - 3 - Final - Contact notes/0bdf8da3d089/notes/1533_en_US_notes_contacts___PART053_434.txt,None
0bdf8da3d089_1534,,0,skipped_missing_pair,/home/kamleshpatil/Desktop/Notes - PR and ontata/notes_app/output/Batch - 3 - Final - Contact notes/0bdf8da3d089/notes/1534_en_US_notes_contacts___PART053_435.txt,None
0bdf8da3d089_1535,,0,skipped_missing_pair,/home/kamleshpatil/Desktop/Notes - PR and ontata/notes_app/output/Batch - 3 - Final - Contact notes/0bdf8da3d089/notes/1535_en_US_notes_contacts___PART053_436.txt,None
0bdf8da3d089_1536,,0,skipped_missing_pair,/home/kamleshpatil/Desktop/Notes - PR and ontata/notes_app/output/Batch - 3 - Final - Contact notes/0bdf8da3d089/notes/1536_en_US_notes_contacts___PART053_437.txt,None
0bdf8da3d089_1537,,0,skipped_missing_pair,/home/kamleshpatil/Desktop/Notes - PR and ontata/notes_app/output/Batch - 3 - Final - Contact notes/0bdf8da3d089/notes/1537_en_US_notes_contacts___PART053_438.txt,None
0bdf8da3d089_1538,,0,skipped_missing_pair,/home/kamleshpatil/Desktop/Notes - PR and ontata/notes_app/output/Batch - 3 - Final - Contact notes/0bdf8da3d089/notes/1538_en_US_notes_contacts___PART053_439.txt,None
0bdf8da3d089_1539,,0,skipped_missing_pair,/home/kamleshpatil/Desktop/Notes - PR and ontata/notes_app/output/Batch - 3 - Final - Contact notes/0bdf8da3d089/notes/1539_en_US_notes_contacts___PART053_440.txt,None
0bdf8da3d089_1540,arturo hernandez,2,renamed,/home/kamleshpatil/Desktop/Notes - PR and ontata/notes_app/output/Batch - 3 - Final - Contact notes/0bdf8da3d089/notes/1540_en_US_notes_contacts___PART054_441.txt,/home/kamleshpatil/Desktop/Notes - PR and ontata/notes_app/output/Batch - 3 - Final - Contact notes/0bdf8da3d089/screenshots/1540 arturo Hernandez Title Company Minneapol.jpg
0bdf8da3d089_1541,,0,skipped_missing_pair,/home/kamleshpatil/Desktop/Notes - PR and ontata/notes_app/output/Batch - 3 - Final - Contact notes/0bdf8da3d089/notes/1541_en_US_notes_contacts___PART054_442.txt,None
0bdf8da3d089_1542,,0,skipped_missing_pair,/home/kamleshpatil/Desktop/Notes - PR and ontata/notes_app/output/Batch - 3 - Final - Contact notes/0bdf8da3d089/notes/1542_en_US_notes_contacts___PART054_443.txt,None
0bdf8da3d089_1543,,0,skipped_missing_pair,/home/kamleshpatil/Desktop/Notes - PR and ontata/notes_app/output/Batch - 3 - Final - Contact notes/0bdf8da3d089/notes/1543_en_US_notes_contacts___PART054_444.txt,None
0bdf8da3d089_1544,got a quote from sage,5,renamed,/home/kamleshpatil/Desktop/Notes - PR and ontata/notes_app/output/Batch - 3 - Final - Contact notes/0bdf8da3d089/notes/1544_en_US_notes_contacts___PART054_445.txt,/home/kamleshpatil/Desktop/Notes - PR and ontata/notes_app/output/Batch - 3 - Final - Contact notes/0bdf8da3d089/screenshots/1544 got a quote from Sage RRoss Haandyman.jpg
0bdf8da3d089_1545,,0,skipped_missing_pair,/home/kamleshpatil/Desktop/Notes - PR and ontata/notes_app/output/Batch - 3 - Final - Contact notes/0bdf8da3d089/notes/1545_en_US_notes_contacts___PART054_446.txt,None
0bdf8da3d089_1546,anh huang,2,renamed,/home/kamleshpatil/Desktop/Notes - PR and ontata/notes_app/output/Batch - 3 - Final - Contact notes/0bdf8da3d089/notes/1546_en_US_notes_contacts___PART054_447.txt,/home/kamleshpatil/Desktop/Notes - PR and ontata/notes_app/output/Batch - 3 - Final - Contact notes/0bdf8da3d089/screenshots/1546 anh Huang - ceramic coating nwxt month.jpg
0bdf8da3d089_1547,,0,skipped_missing_pair,/home/kamleshpatil/Desktop/Notes - PR and ontata/notes_app/output/Batch - 3 - Final - Contact notes/0bdf8da3d089/notes/1547_en_US_notes_contacts___PART054_448.txt,None
0bdf8da3d089_1548,,0,skipped_missing_pair,/home/kamleshpatil/Desktop/Notes - PR and ontata/notes_app/output/Batch - 3 - Final - Contact notes/0bdf8da3d089/notes/1548_en_US_notes_contacts___PART054_449.txt,None
0bdf8da3d089_1549,,0,skipped_missing_pair,/home/kamleshpatil/Desktop/Notes - PR and ontata/notes_app/output/Batch - 3 - Final - Contact notes/0bdf8da3d089/notes/1549_en_US_notes_contacts___PART054_450.txt,None
0bdf8da3d089_1550,checked with carson,3,renamed,/home/kamleshpatil/Desktop/Notes - PR and ontata/notes_app/output/Batch - 3 - Final - Contact notes/0bdf8da3d089/notes/1550_en_US_notes_contacts___PART054_451.txt,/home/kamleshpatil/Desktop/Notes - PR and ontata/notes_app/output/Batch - 3 - Final - Contact notes/0bdf8da3d089/screenshots/1550 checked with Carson Kapoor Golf Coach fr.jpg
0bdf8da3d089_1551,,0,skipped_missing_pair,/home/kamleshpatil/Desktop/Notes - PR and ontata/notes_app/output/Batch - 3 - Final - Contact notes/0bdf8da3d089/notes/1551_en_US_notes_contacts___PART054_452.txt,None
0bdf8da3d089_1552,called fiona,2,renamed,/home/kamleshpatil/Desktop/Notes - PR and ontata/notes_app/output/Batch - 3 - Final - Contact notes/0bdf8da3d089/notes/1552_en_US_notes_contacts___PART054_453.txt,/home/kamleshpatil/Desktop/Notes - PR and ontata/notes_app/output/Batch - 3 - Final - Contact notes/0bdf8da3d089/screenshots/1552 called Fiona Gupta Club Organizer 602550.jpg
0bdf8da3d089_1553,,0,skipped_missing_pair,/home/kamleshpatil/Desktop/Notes - PR and ontata/notes_app/output/Batch - 3 - Final - Contact notes/0bdf8da3d089/notes/1553_en_US_notes_contacts___PART054_454.txt,None
0bdf8da3d089_1554,booker white,2,renamed,/home/kamleshpatil/Desktop/Notes - PR and ontata/notes_app/output/Batch - 3 - Final - Contact notes/0bdf8da3d089/notes/1554_en_US_notes_contacts___PART054_455.txt,/home/kamleshpatil/Desktop/Notes - PR and ontata/notes_app/output/Batch - 3 - Final - Contact notes/0bdf8da3d089/screenshots/1554 Booker White Reservations 6026219520.jpg
0bdf8da3d089_1555,,0,skipped_missing_pair,/home/kamleshpatil/Desktop/Notes - PR and ontata/notes_app/output/Batch - 3 - Final - Contact notes/0bdf8da3d089/notes/1555_en_US_notes_contacts___PART054_456.txt,None
0bdf8da3d089_1556,ask colleen,2,renamed,/home/kamleshpatil/Desktop/Notes - PR and ontata/notes_app/output/Batch - 3 - Final - Contact notes/0bdf8da3d089/notes/1556_en_US_notes_contacts___PART054_457.txt,/home/kamleshpatil/Desktop/Notes - PR and ontata/notes_app/output/Batch - 3 - Final - Contact notes/0bdf8da3d089/screenshots/1556 ask Colleen Green Inspector from Minneap.jpg
0bdf8da3d089_1557,,0,skipped_missing_pair,/home/kamleshpatil/Desktop/Notes - PR and ontata/notes_app/output/Batch - 3 - Final - Contact notes/0bdf8da3d089/notes/1557_en_US_notes_contacts___PART054_458.txt,None
0bdf8da3d089_1558,aniya driing,2,renamed,/home/kamleshpatil/Desktop/Notes - PR and ontata/notes_app/output/Batch - 3 - Final - Contact notes/0bdf8da3d089/notes/1558_en_US_notes_contacts___PART054_459.txt,/home/kamleshpatil/Desktop/Notes - PR and ontata/notes_app/output/Batch - 3 - Final - Contact notes/0bdf8da3d089/screenshots/1558 aniya Driing Insstructor New York 323554.jpg
0bdf8da3d089_1559,,0,skipped_missing_pair,/home/kamleshpatil/Desktop/Notes - PR and ontata/notes_app/output/Batch - 3 - Final - Contact notes/0bdf8da3d089/notes/1559_en_US_notes_contacts___PART054_460.txt,None
0bdf8da3d089_1560,,0,skipped_missing_pair,/home/kamleshpatil/Desktop/Notes - PR and ontata/notes_app/output/Batch - 3 - Final - Contact notes/0bdf8da3d089/notes/1560_en_US_notes_contacts___PART055_461.txt,None
0bdf8da3d089_1561,,0,skipped_missing_pair,/home/kamleshpatil/Desktop/Notes - PR and ontata/notes_app/output/Batch - 3 - Final - Contact notes/0bdf8da3d089/notes/1561_en_US_notes_contacts___PART055_462.txt,None
0bdf8da3d089_1562,,0,skipped_missing_pair,/home/kamleshpatil/Desktop/Notes - PR and ontata/notes_app/output/Batch - 3 - Final - Contact notes/0bdf8da3d089/notes/1562_en_US_notes_contacts___PART055_463.txt,None
0bdf8da3d089_1563,,0,skipped_missing_pair,/home/kamleshpatil/Desktop/Notes - PR and ontata/notes_app/output/Batch - 3 - Final - Contact notes/0bdf8da3d089/notes/1563_en_US_notes_contacts___PART055_464.txt,None
0bdf8da3d089_1564,shreya whitfield,2,renamed,/home/kamleshpatil/Desktop/Notes - PR and ontata/notes_app/output/Batch - 3 - Final - Contact notes/0bdf8da3d089/notes/1564_en_US_notes_contacts___PART055_465.txt,/home/kamleshpatil/Desktop/Notes - PR and ontata/notes_app/output/Batch - 3 - Final - Contact notes/0bdf8da3d089/screenshots/1564 shreya Whitfield College Advisor Augusta.jpg
0bdf8da3d089_1565,,0,skipped_missing_pair,/home/kamleshpatil/Desktop/Notes - PR and ontata/notes_app/output/Batch - 3 - Final - Contact notes/0bdf8da3d089/notes/1565_en_US_notes_contacts___PART055_466.txt,None
0bdf8da3d089_1566,ava reegarding,2,renamed,/home/kamleshpatil/Desktop/Notes - PR and ontata/notes_app/output/Batch - 3 - Final - Contact notes/0bdf8da3d089/notes/1566_en_US_notes_contacts___PART055_467.txt,/home/kamleshpatil/Desktop/Notes - PR and ontata/notes_app/output/Batch - 3 - Final - Contact notes/0bdf8da3d089/screenshots/1566 ava - reegarding minor kitchen fire clai.jpg
0bdf8da3d089_1567,,0,skipped_missing_pair,/home/kamleshpatil/Desktop/Notes - PR and ontata/notes_app/output/Batch - 3 - Final - Contact notes/0bdf8da3d089/notes/1567_en_US_notes_contacts___PART055_468.txt,None
0bdf8da3d089_1568,,0,skipped_missing_pair,/home/kamleshpatil/Desktop/Notes - PR and ontata/notes_app/output/Batch - 3 - Final - Contact notes/0bdf8da3d089/notes/1568_en_US_notes_contacts___PART055_469.txt,None
0bdf8da3d089_1569,,0,skipped_missing_pair,/home/kamleshpatil/Desktop/Notes - PR and ontata/notes_app/output/Batch - 3 - Final - Contact notes/0bdf8da3d089/notes/1569_en_US_notes_contacts___PART055_470.txt,None
0bdf8da3d089_1570,,0,skipped_missing_pair,/home/kamleshpatil/Desktop/Notes - PR and ontata/notes_app/output/Batch - 3 - Final - Contact notes/0bdf8da3d089/notes/1570_en_US_notes_contacts___PART055_471.txt,None
0bdf8da3d089_1571,,0,skipped_missing_pair,/home/kamleshpatil/Desktop/Notes - PR and ontata/notes_app/output/Batch - 3 - Final - Contact notes/0bdf8da3d089/notes/1571_en_US_notes_contacts___PART055_472.txt,None
0bdf8da3d089_1572,thi gonzaleez,2,renamed,/home/kamleshpatil/Desktop/Notes - PR and ontata/notes_app/output/Batch - 3 - Final - Contact notes/0bdf8da3d089/notes/1572_en_US_notes_contacts___PART055_473.txt,/home/kamleshpatil/Desktop/Notes - PR and ontata/notes_app/output/Batch - 3 - Final - Contact notes/0bdf8da3d089/screenshots/1572 thi Gonzaleez Pickleball Group 720-340-4.jpg
0bdf8da3d089_1573,,0,skipped_missing_pair,/home/kamleshpatil/Desktop/Notes - PR and ontata/notes_app/output/Batch - 3 - Final - Contact notes/0bdf8da3d089/notes/1573_en_US_notes_contacts___PART055_474.txt,None
0bdf8da3d089_1574,asher ramos,2,renamed,/home/kamleshpatil/Desktop/Notes - PR and ontata/notes_app/output/Batch - 3 - Final - Contact notes/0bdf8da3d089/notes/1574_en_US_notes_contacts___PART055_475.txt,/home/kamleshpatil/Desktop/Notes - PR and ontata/notes_app/output/Batch - 3 - Final - Contact notes/0bdf8da3d089/screenshots/1574 asher Ramos - ask about puppy training s.jpg
0bdf8da3d089_1575,,0,skipped_missing_pair,/home/kamleshpatil/Desktop/Notes - PR and ontata/notes_app/output/Batch - 3 - Final - Contact notes/0bdf8da3d089/notes/1575_en_US_notes_contacts___PART055_476.txt,None
0bdf8da3d089_1576,,0,skipped_missing_pair,/home/kamleshpatil/Desktop/Notes - PR and ontata/notes_app/output/Batch - 3 - Final - Contact notes/0bdf8da3d089/notes/1576_en_US_notes_contacts___PART055_477.txt,None
0bdf8da3d089_1577,,0,skipped_missing_pair,/home/kamleshpatil/Desktop/Notes - PR and ontata/notes_app/output/Batch - 3 - Final - Contact notes/0bdf8da3d089/notes/1577_en_US_notes_contacts___PART055_478.txt,None
0bdf8da3d089_1578,,0,skipped_missing_pair,/home/kamleshpatil/Desktop/Notes - PR and ontata/notes_app/output/Batch - 3 - Final - Contact notes/0bdf8da3d089/notes/1578_en_US_notes_contacts___PART055_479.txt,None
0bdf8da3d089_1579,,0,skipped_missing_pair,/home/kamleshpatil/Desktop/Notes - PR and ontata/notes_app/output/Batch - 3 - Final - Contact notes/0bdf8da3d089/notes/1579_en_US_notes_contacts___PART055_480.txt,None
0bdf8da3d089_1580,,0,skipped_missing_pair,/home/kamleshpatil/Desktop/Notes - PR and ontata/notes_app/output/Batch - 3 - Final - Contact notes/0bdf8da3d089/notes/1580_en_US_notes_contacts___PART056_481.txt,None
0bdf8da3d089_1581,,0,skipped_missing_pair,/home/kamleshpatil/Desktop/Notes - PR and ontata/notes_app/output/Batch - 3 - Final - Contact notes/0bdf8da3d089/notes/1581_en_US_notes_contacts___PART056_482.txt,None
0bdf8da3d089_1582,lily gibson,2,renamed,/home/kamleshpatil/Desktop/Notes - PR and ontata/notes_app/output/Batch - 3 - Final - Contact notes/0bdf8da3d089/notes/1582_en_US_notes_contacts___PART056_483.txt,/home/kamleshpatil/Desktop/Notes - PR and ontata/notes_app/output/Batch - 3 - Final - Contact notes/0bdf8da3d089/screenshots/1582 Lily Gibson - video edit feedback needed.jpg
0bdf8da3d089_1583,,0,skipped_missing_pair,/home/kamleshpatil/Desktop/Notes - PR and ontata/notes_app/output/Batch - 3 - Final - Contact notes/0bdf8da3d089/notes/1583_en_US_notes_contacts___PART056_484.txt,None
0bdf8da3d089_1584,,0,skipped_missing_pair,/home/kamleshpatil/Desktop/Notes - PR and ontata/notes_app/output/Batch - 3 - Final - Contact notes/0bdf8da3d089/notes/1584_en_US_notes_contacts___PART056_485.txt,None
0bdf8da3d089_1585,lennox garrett,2,renamed,/home/kamleshpatil/Desktop/Notes - PR and ontata/notes_app/output/Batch - 3 - Final - Contact notes/0bdf8da3d089/notes/1585_en_US_notes_contacts___PART056_486.txt,/home/kamleshpatil/Desktop/Notes - PR and ontata/notes_app/output/Batch - 3 - Final - Contact notes/0bdf8da3d089/screenshots/1585 lennox Garrett - pickup from airport arr.jpg
0bdf8da3d089_1586,,0,skipped_missing_pair,/home/kamleshpatil/Desktop/Notes - PR and ontata/notes_app/output/Batch - 3 - Final - Contact notes/0bdf8da3d089/notes/1586_en_US_notes_contacts___PART056_487.txt,None
0bdf8da3d089_1587,,0,skipped_missing_pair,/home/kamleshpatil/Desktop/Notes - PR and ontata/notes_app/output/Batch - 3 - Final - Contact notes/0bdf8da3d089/notes/1587_en_US_notes_contacts___PART056_488.txt,None
0bdf8da3d089_1588,greyson sullivan,2,renamed,/home/kamleshpatil/Desktop/Notes - PR and ontata/notes_app/output/Batch - 3 - Final - Contact notes/0bdf8da3d089/notes/1588_en_US_notes_contacts___PART056_489.txt,/home/kamleshpatil/Desktop/Notes - PR and ontata/notes_app/output/Batch - 3 - Final - Contact notes/0bdf8da3d089/screenshots/1588 Greyson Sullivan - ask about chair renta.jpg
0bdf8da3d089_1589,,0,skipped_missing_pair,/home/kamleshpatil/Desktop/Notes - PR and ontata/notes_app/output/Batch - 3 - Final - Contact notes/0bdf8da3d089/notes/1589_en_US_notes_contacts___PART056_490.txt,None
0bdf8da3d089_1590,,0,skipped_missing_pair,/home/kamleshpatil/Desktop/Notes - PR and ontata/notes_app/output/Batch - 3 - Final - Contact notes/0bdf8da3d089/notes/1590_en_US_notes_contacts___PART056_491.txt,None
0bdf8da3d089_1591,estrella gibson,2,renamed,/home/kamleshpatil/Desktop/Notes - PR and ontata/notes_app/output/Batch - 3 - Final - Contact notes/0bdf8da3d089/notes/1591_en_US_notes_contacts___PART056_492.txt,/home/kamleshpatil/Desktop/Notes - PR and ontata/notes_app/output/Batch - 3 - Final - Contact notes/0bdf8da3d089/screenshots/1591 estrella Gibson - payeoll discrpancy to .jpg
0bdf8da3d089_1592,,0,skipped_missing_pair,/home/kamleshpatil/Desktop/Notes - PR and ontata/notes_app/output/Batch - 3 - Final - Contact notes/0bdf8da3d089/notes/1592_en_US_notes_contacts___PART056_493.txt,None
0bdf8da3d089_1593,,0,skipped_missing_pair,/home/kamleshpatil/Desktop/Notes - PR and ontata/notes_app/output/Batch - 3 - Final - Contact notes/0bdf8da3d089/notes/1593_en_US_notes_contacts___PART056_494.txt,None
0bdf8da3d089_1594,,0,skipped_missing_pair,/home/kamleshpatil/Desktop/Notes - PR and ontata/notes_app/output/Batch - 3 - Final - Contact notes/0bdf8da3d089/notes/1594_en_US_notes_contacts___PART056_495.txt,None
0bdf8da3d089_1595,,0,skipped_missing_pair,/home/kamleshpatil/Desktop/Notes - PR and ontata/notes_app/output/Batch - 3 - Final - Contact notes/0bdf8da3d089/notes/1595_en_US_notes_contacts___PART056_496.txt,None
0bdf8da3d089_1596,,0,skipped_missing_pair,/home/kamleshpatil/Desktop/Notes - PR and ontata/notes_app/output/Batch - 3 - Final - Contact notes/0bdf8da3d089/notes/1596_en_US_notes_contacts___PART056_497.txt,None
0bdf8da3d089_1597,,0,skipped_missing_pair,/home/kamleshpatil/Desktop/Notes - PR and ontata/notes_app/output/Batch - 3 - Final - Contact notes/0bdf8da3d089/notes/1597_en_US_notes_contacts___PART056_498.txt,None
b5be811d4125_1100,meeting with hector,3,renamed,/home/kamleshpatil/Desktop/Notes - PR and ontata/notes_app/output/Batch - 3 - Final - Contact notes/b5be811d4125/notes/1100_en_US_notes_contacts___PART032_1.txt,/home/kamleshpatil/Desktop/Notes - PR and ontata/notes_app/output/Batch - 3 - Final - Contact notes/b5be811d4125/screenshots/1100 meeting with Hector HR Rep from Murfrees.jpg
b5be811d4125_1101,deirdre classmate,2,renamed,/home/kamleshpatil/Desktop/Notes - PR and ontata/notes_app/output/Batch - 3 - Final - Contact notes/b5be811d4125/notes/1101_en_US_notes_contacts___PART032_2.txt,/home/kamleshpatil/Desktop/Notes - PR and ontata/notes_app/output/Batch - 3 - Final - Contact notes/b5be811d4125/screenshots/1101 deirdre Classmate 901 443 4208.jpg
b5be811d4125_1102,sent info to yates,4,renamed,/home/kamleshpatil/Desktop/Notes - PR and ontata/notes_app/output/Batch - 3 - Final - Contact notes/b5be811d4125/notes/1102_en_US_notes_contacts___PART032_3.txt,/home/kamleshpatil/Desktop/Notes - PR and ontata/notes_app/output/Batch - 3 - Final - Contact notes/b5be811d4125/screenshots/1102 Sent info to Yates Auto Shop from Nashvi.jpg
b5be811d4125_1103,wei league,2,renamed,/home/kamleshpatil/Desktop/Notes - PR and ontata/notes_app/output/Batch - 3 - Final - Contact notes/b5be811d4125/notes/1103_en_US_notes_contacts___PART032_4.txt,/home/kamleshpatil/Desktop/Notes - PR and ontata/notes_app/output/Batch - 3 - Final - Contact notes/b5be811d4125/screenshots/1103 wei - league fees due soon in Richmond.jpg
b5be811d4125_1104,skai send,2,renamed,/home/kamleshpatil/Desktop/Notes - PR and ontata/notes_app/output/Batch - 3 - Final - Contact notes/b5be811d4125/notes/1104_en_US_notes_contacts___PART032_5.txt,/home/kamleshpatil/Desktop/Notes - PR and ontata/notes_app/output/Batch - 3 - Final - Contact notes/b5be811d4125/screenshots/1104 skai.jpg
b5be811d4125_1105,amelia phone,2,renamed,/home/kamleshpatil/Desktop/Notes - PR and ontata/notes_app/output/Batch - 3 - Final - Contact notes/b5be811d4125/notes/1105_en_US_notes_contacts___PART032_6.txt,/home/kamleshpatil/Desktop/Notes - PR and ontata/notes_app/output/Batch - 3 - Final - Contact notes/b5be811d4125/screenshots/1105 amelia.jpg
b5be811d4125_1106,violet financiql,2,renamed,/home/kamleshpatil/Desktop/Notes - PR and ontata/notes_app/output/Batch - 3 - Final - Contact notes/b5be811d4125/notes/1106_en_US_notes_contacts___PART032_7.txt,/home/kamleshpatil/Desktop/Notes - PR and ontata/notes_app/output/Batch - 3 - Final - Contact notes/b5be811d4125/screenshots/1106 violet - financiql aid frm deadline.jpg
b5be811d4125_1107,pilra pilar,2,renamed,/home/kamleshpatil/Desktop/Notes - PR and ontata/notes_app/output/Batch - 3 - Final - Contact notes/b5be811d4125/notes/1107_en_US_notes_contacts___PART032_8.txt,/home/kamleshpatil/Desktop/Notes - PR and ontata/notes_app/output/Batch - 3 - Final - Contact notes/b5be811d4125/screenshots/1107 Pilra.jpg
b5be811d4125_1108,luis stanton,2,renamed,/home/kamleshpatil/Desktop/Notes - PR and ontata/notes_app/output/Batch - 3 - Final - Contact notes/b5be811d4125/notes/1108_en_US_notes_contacts___PART032_9.txt,/home/kamleshpatil/Desktop/Notes - PR and ontata/notes_app/output/Batch - 3 - Final - Contact notes/b5be811d4125/screenshots/1108 Luis Stanton.jpg
b5be811d4125_1109,briar joohnson,2,renamed,/home/kamleshpatil/Desktop/Notes - PR and ontata/notes_app/output/Batch - 3 - Final - Contact notes/b5be811d4125/notes/1109_en_US_notes_contacts___PART032_10.txt,/home/kamleshpatil/Desktop/Notes - PR and ontata/notes_app/output/Batch - 3 - Final - Contact notes/b5be811d4125/screenshots/1109 briar Joohnson Coworker 805-679-9252.jpg
b5be811d4125_1110,becca holt,2,renamed,/home/kamleshpatil/Desktop/Notes - PR and ontata/notes_app/output/Batch - 3 - Final - Contact notes/b5be811d4125/notes/1110_en_US_notes_contacts___PART032_11.txt,/home/kamleshpatil/Desktop/Notes - PR and ontata/notes_app/output/Batch - 3 - Final - Contact notes/b5be811d4125/screenshots/1110 becca Holt.jpg
b5be811d4125_1111,snaiyah classmate,2,renamed,/home/kamleshpatil/Desktop/Notes - PR and ontata/notes_app/output/Batch - 3 - Final - Contact notes/b5be811d4125/notes/1111_en_US_notes_contacts___PART032_12.txt,/home/kamleshpatil/Desktop/Notes - PR and ontata/notes_app/output/Batch - 3 - Final - Contact notes/b5be811d4125/screenshots/1111 snaiyah Classmate Salt Lake City 919 339.jpg
b5be811d4125_1112,miles thompson,2,renamed,/home/kamleshpatil/Desktop/Notes - PR and ontata/notes_app/output/Batch - 3 - Final - Contact notes/b5be811d4125/notes/1112_en_US_notes_contacts___PART032_13.txt,/home/kamleshpatil/Desktop/Notes - PR and ontata/notes_app/output/Batch - 3 - Final - Contact notes/b5be811d4125/screenshots/1112 miles Thompson Bowling League Contact 80.jpg
b5be811d4125_1113,walker rooss,2,renamed,/home/kamleshpatil/Desktop/Notes - PR and ontata/notes_app/output/Batch - 3 - Final - Contact notes/b5be811d4125/notes/1113_en_US_notes_contacts___PART032_14.txt,/home/kamleshpatil/Desktop/Notes - PR and ontata/notes_app/output/Batch - 3 - Final - Contact notes/b5be811d4125/screenshots/1113 walker Rooss Pet Sitter 8059027118.jpg
b5be811d4125_1114,greta nail,2,renamed,/home/kamleshpatil/Desktop/Notes - PR and ontata/notes_app/output/Batch - 3 - Final - Contact notes/b5be811d4125/notes/1114_en_US_notes_contacts___PART032_15.txt,/home/kamleshpatil/Desktop/Notes - PR and ontata/notes_app/output/Batch - 3 - Final - Contact notes/b5be811d4125/screenshots/1114 Greta Nail Tech 4153084909.jpg
b5be811d4125_1115,wesley soccer,2,renamed,/home/kamleshpatil/Desktop/Notes - PR and ontata/notes_app/output/Batch - 3 - Final - Contact notes/b5be811d4125/notes/1115_en_US_notes_contacts___PART032_16.txt,/home/kamleshpatil/Desktop/Notes - PR and ontata/notes_app/output/Batch - 3 - Final - Contact notes/b5be811d4125/screenshots/1115 Wesley Soccer Coach 303 513 9799.jpg
b5be811d4125_1116,tyler lopez,2,renamed,/home/kamleshpatil/Desktop/Notes - PR and ontata/notes_app/output/Batch - 3 - Final - Contact notes/b5be811d4125/notes/1116_en_US_notes_contacts___PART032_17.txt,/home/kamleshpatil/Desktop/Notes - PR and ontata/notes_app/output/Batch - 3 - Final - Contact notes/b5be811d4125/screenshots/1116 tyler Lopez Piano Teacjer Durham 801 975.jpg
b5be811d4125_1117,oliver tran,2,renamed,/home/kamleshpatil/Desktop/Notes - PR and ontata/notes_app/output/Batch - 3 - Final - Contact notes/b5be811d4125/notes/1117_en_US_notes_contacts___PART032_18.txt,/home/kamleshpatil/Desktop/Notes - PR and ontata/notes_app/output/Batch - 3 - Final - Contact notes/b5be811d4125/screenshots/1117 oliver Tran Paralegal 801 777 2812.jpg
b5be811d4125_1118,delia loan,2,renamed,/home/kamleshpatil/Desktop/Notes - PR and ontata/notes_app/output/Batch - 3 - Final - Contact notes/b5be811d4125/notes/1118_en_US_notes_contacts___PART032_19.txt,/home/kamleshpatil/Desktop/Notes - PR and ontata/notes_app/output/Batch - 3 - Final - Contact notes/b5be811d4125/screenshots/1118 delia - loan refnance paperwork.jpg
b5be811d4125_1119,talked to major,3,renamed,/home/kamleshpatil/Desktop/Notes - PR and ontata/notes_app/output/Batch - 3 - Final - Contact notes/b5be811d4125/notes/1119_en_US_notes_contacts___PART032_20.txt,/home/kamleshpatil/Desktop/Notes - PR and ontata/notes_app/output/Batch - 3 - Final - Contact notes/b5be811d4125/screenshots/1119 talked to Major Castillo Appliance Repai.jpg
b5be811d4125_1120,txtd adriana,2,renamed,/home/kamleshpatil/Desktop/Notes - PR and ontata/notes_app/output/Batch - 3 - Final - Contact notes/b5be811d4125/notes/1120_en_US_notes_contacts___PART033_21.txt,/home/kamleshpatil/Desktop/Notes - PR and ontata/notes_app/output/Batch - 3 - Final - Contact notes/b5be811d4125/screenshots/1120 txtd Adriana Barton Classmate about ask .jpg
b5be811d4125_1121,paid bodie,2,renamed,/home/kamleshpatil/Desktop/Notes - PR and ontata/notes_app/output/Batch - 3 - Final - Contact notes/b5be811d4125/notes/1121_en_US_notes_contacts___PART033_22.txt,/home/kamleshpatil/Desktop/Notes - PR and ontata/notes_app/output/Batch - 3 - Final - Contact notes/b5be811d4125/screenshots/1121 paid Bodie Mentor from Macon about can h.jpg
b5be811d4125_1122,drop off at serigo,4,renamed,/home/kamleshpatil/Desktop/Notes - PR and ontata/notes_app/output/Batch - 3 - Final - Contact notes/b5be811d4125/notes/1122_en_US_notes_contacts___PART033_23.txt,/home/kamleshpatil/Desktop/Notes - PR and ontata/notes_app/output/Batch - 3 - Final - Contact notes/b5be811d4125/screenshots/1122 drop off at Serigo Car Inspectin.jpg
b5be811d4125_1123,lowell milleer,2,renamed,/home/kamleshpatil/Desktop/Notes - PR and ontata/notes_app/output/Batch - 3 - Final - Contact notes/b5be811d4125/notes/1123_en_US_notes_contacts___PART033_24.txt,/home/kamleshpatil/Desktop/Notes - PR and ontata/notes_app/output/Batch - 3 - Final - Contact notes/b5be811d4125/screenshots/1123 lowell Milleer.jpg
b5be811d4125_1124,zariah failities,2,renamed,/home/kamleshpatil/Desktop/Notes - PR and ontata/notes_app/output/Batch - 3 - Final - Contact notes/b5be811d4125/notes/1124_en_US_notes_contacts___PART033_25.txt,/home/kamleshpatil/Desktop/Notes - PR and ontata/notes_app/output/Batch - 3 - Final - Contact notes/b5be811d4125/screenshots/1124 zariah - failities request for ac.jpg
b5be811d4125_1125,hiroshi munz,2,renamed,/home/kamleshpatil/Desktop/Notes - PR and ontata/notes_app/output/Batch - 3 - Final - Contact notes/b5be811d4125/notes/1125_en_US_notes_contacts___PART033_26.txt,/home/kamleshpatil/Desktop/Notes - PR and ontata/notes_app/output/Batch - 3 - Final - Contact notes/b5be811d4125/screenshots/1125 hiroshi Munz - swing beginner class on w.jpg
b5be811d4125_1126,hazel carter,2,renamed,/home/kamleshpatil/Desktop/Notes - PR and ontata/notes_app/output/Batch - 3 - Final - Contact notes/b5be811d4125/notes/1126_en_US_notes_contacts___PART033_27.txt,/home/kamleshpatil/Desktop/Notes - PR and ontata/notes_app/output/Batch - 3 - Final - Contact notes/b5be811d4125/screenshots/1126 Hazel Carter Club Organizer 2679724644.jpg
b5be811d4125_1127,sent imfo,2,renamed,/home/kamleshpatil/Desktop/Notes - PR and ontata/notes_app/output/Batch - 3 - Final - Contact notes/b5be811d4125/notes/1127_en_US_notes_contacts___PART033_28.txt,/home/kamleshpatil/Desktop/Notes - PR and ontata/notes_app/output/Batch - 3 - Final - Contact notes/b5be811d4125/screenshots/1127 Sent imfo to Ryder Morgan Pet Sitter abo.jpg
b5be811d4125_1128,imani professor,2,renamed,/home/kamleshpatil/Desktop/Notes - PR and ontata/notes_app/output/Batch - 3 - Final - Contact notes/b5be811d4125/notes/1128_en_US_notes_contacts___PART033_29.txt,/home/kamleshpatil/Desktop/Notes - PR and ontata/notes_app/output/Batch - 3 - Final - Contact notes/b5be811d4125/screenshots/1128 imani Professor Tuucson 7204878982.jpg
b5be811d4125_1129,marco sanchez,2,renamed,/home/kamleshpatil/Desktop/Notes - PR and ontata/notes_app/output/Batch - 3 - Final - Contact notes/b5be811d4125/notes/1129_en_US_notes_contacts___PART033_30.txt,/home/kamleshpatil/Desktop/Notes - PR and ontata/notes_app/output/Batch - 3 - Final - Contact notes/b5be811d4125/screenshots/1129 marco Sanchez Tailor 5168669693.jpg
b5be811d4125_1130,gianna haynes,2,renamed,/home/kamleshpatil/Desktop/Notes - PR and ontata/notes_app/output/Batch - 3 - Final - Contact notes/b5be811d4125/notes/1130_en_US_notes_contacts___PART033_31.txt,/home/kamleshpatil/Desktop/Notes - PR and ontata/notes_app/output/Batch - 3 - Final - Contact notes/b5be811d4125/screenshots/1130 gianna Haynes - payroll discrepancy to f.jpg
b5be811d4125_1131,beckett fsoer,2,renamed,/home/kamleshpatil/Desktop/Notes - PR and ontata/notes_app/output/Batch - 3 - Final - Contact notes/b5be811d4125/notes/1131_en_US_notes_contacts___PART033_32.txt,/home/kamleshpatil/Desktop/Notes - PR and ontata/notes_app/output/Batch - 3 - Final - Contact notes/b5be811d4125/screenshots/1131 beckett Fsoer Social Media Managger 215 .jpg
b5be811d4125_1132,milaan chen,2,renamed,/home/kamleshpatil/Desktop/Notes - PR and ontata/notes_app/output/Batch - 3 - Final - Contact notes/b5be811d4125/notes/1132_en_US_notes_contacts___PART033_33.txt,/home/kamleshpatil/Desktop/Notes - PR and ontata/notes_app/output/Batch - 3 - Final - Contact notes/b5be811d4125/screenshots/1132 milaan Chen Basketball Trainer 267 365 6.jpg
b5be811d4125_1133,luca dalton,2,renamed,/home/kamleshpatil/Desktop/Notes - PR and ontata/notes_app/output/Batch - 3 - Final - Contact notes/b5be811d4125/notes/1133_en_US_notes_contacts___PART033_34.txt,/home/kamleshpatil/Desktop/Notes - PR and ontata/notes_app/output/Batch - 3 - Final - Contact notes/b5be811d4125/screenshots/1133 luca Dalton DJ 2023202296.jpg
b5be811d4125_1134,evelyn website,2,renamed,/home/kamleshpatil/Desktop/Notes - PR and ontata/notes_app/output/Batch - 3 - Final - Contact notes/b5be811d4125/notes/1134_en_US_notes_contacts___PART033_35.txt,/home/kamleshpatil/Desktop/Notes - PR and ontata/notes_app/output/Batch - 3 - Final - Contact notes/b5be811d4125/screenshots/1134 evelyn - website launch checklist in Tuc.jpg
b5be811d4125_1135,zion mcdonadl,2,renamed,/home/kamleshpatil/Desktop/Notes - PR and ontata/notes_app/output/Batch - 3 - Final - Contact notes/b5be811d4125/notes/1135_en_US_notes_contacts___PART033_36.txt,/home/kamleshpatil/Desktop/Notes - PR and ontata/notes_app/output/Batch - 3 - Final - Contact notes/b5be811d4125/screenshots/1135 Zion McDonadl - ask aboyt chqir rental i.jpg
b5be811d4125_1136,fen martin,2,renamed,/home/kamleshpatil/Desktop/Notes - PR and ontata/notes_app/output/Batch - 3 - Final - Contact notes/b5be811d4125/notes/1136_en_US_notes_contacts___PART033_37.txt,/home/kamleshpatil/Desktop/Notes - PR and ontata/notes_app/output/Batch - 3 - Final - Contact notes/b5be811d4125/screenshots/1136 fen Martin Barber 5166922117.jpg
b5be811d4125_1137,miriam print,2,renamed,/home/kamleshpatil/Desktop/Notes - PR and ontata/notes_app/output/Batch - 3 - Final - Contact notes/b5be811d4125/notes/1137_en_US_notes_contacts___PART033_38.txt,/home/kamleshpatil/Desktop/Notes - PR and ontata/notes_app/output/Batch - 3 - Final - Contact notes/b5be811d4125/screenshots/1137 miriam Print Shoop 901 716 4350.jpg
b5be811d4125_1138,call mai,2,renamed,/home/kamleshpatil/Desktop/Notes - PR and ontata/notes_app/output/Batch - 3 - Final - Contact notes/b5be811d4125/notes/1138_en_US_notes_contacts___PART033_39.txt,/home/kamleshpatil/Desktop/Notes - PR and ontata/notes_app/output/Batch - 3 - Final - Contact notes/b5be811d4125/screenshots/1138 call Mai Bennett Print Shop.jpg
b5be811d4125_1139,indie hayes,2,renamed,/home/kamleshpatil/Desktop/Notes - PR and ontata/notes_app/output/Batch - 3 - Final - Contact notes/b5be811d4125/notes/1139_en_US_notes_contacts___PART033_40.txt,/home/kamleshpatil/Desktop/Notes - PR and ontata/notes_app/output/Batch - 3 - Final - Contact notes/b5be811d4125/screenshots/1139 indie Hayes.jpg
b5be811d4125_1140,beau phillis,2,renamed,/home/kamleshpatil/Desktop/Notes - PR and ontata/notes_app/output/Batch - 3 - Final - Contact notes/b5be811d4125/notes/1140_en_US_notes_contacts___PART034_41.txt,/home/kamleshpatil/Desktop/Notes - PR and ontata/notes_app/output/Batch - 3 - Final - Contact notes/b5be811d4125/screenshots/1140 Beau Phillis.jpg
b5be811d4125_1141,christopher stewart,2,renamed,/home/kamleshpatil/Desktop/Notes - PR and ontata/notes_app/output/Batch - 3 - Final - Contact notes/b5be811d4125/notes/1141_en_US_notes_contacts___PART034_42.txt,/home/kamleshpatil/Desktop/Notes - PR and ontata/notes_app/output/Batch - 3 - Final - Contact notes/b5be811d4125/screenshots/1141 christopher Stewart Home Security Macon .jpg
b5be811d4125_1142,ivann frost,2,renamed,/home/kamleshpatil/Desktop/Notes - PR and ontata/notes_app/output/Batch - 3 - Final - Contact notes/b5be811d4125/notes/1142_en_US_notes_contacts___PART034_43.txt,/home/kamleshpatil/Desktop/Notes - PR and ontata/notes_app/output/Batch - 3 - Final - Contact notes/b5be811d4125/screenshots/1142 Ivann Frost - office supply order.jpg
b5be811d4125_1143,theron mehta,2,renamed,/home/kamleshpatil/Desktop/Notes - PR and ontata/notes_app/output/Batch - 3 - Final - Contact notes/b5be811d4125/notes/1143_en_US_notes_contacts___PART034_44.txt,/home/kamleshpatil/Desktop/Notes - PR and ontata/notes_app/output/Batch - 3 - Final - Contact notes/b5be811d4125/screenshots/1143 theron Mehta - pt eval for knee pain.jpg
b5be811d4125_1144,camila pilates,2,renamed,/home/kamleshpatil/Desktop/Notes - PR and ontata/notes_app/output/Batch - 3 - Final - Contact notes/b5be811d4125/notes/1144_en_US_notes_contacts___PART034_45.txt,/home/kamleshpatil/Desktop/Notes - PR and ontata/notes_app/output/Batch - 3 - Final - Contact notes/b5be811d4125/screenshots/1144 camila Pilates Instructor 646 389 9618.jpg
b5be811d4125_1145,got a quote from reemy,5,renamed,/home/kamleshpatil/Desktop/Notes - PR and ontata/notes_app/output/Batch - 3 - Final - Contact notes/b5be811d4125/notes/1145_en_US_notes_contacts___PART034_46.txt,/home/kamleshpatil/Desktop/Notes - PR and ontata/notes_app/output/Batch - 3 - Final - Contact notes/b5be811d4125/screenshots/1145 got a quote from Reemy Rodriguez Tennis .jpg
b5be811d4125_1146,esperanza romero,2,renamed,/home/kamleshpatil/Desktop/Notes - PR and ontata/notes_app/output/Batch - 3 - Final - Contact notes/b5be811d4125/notes/1146_en_US_notes_contacts___PART034_47.txt,/home/kamleshpatil/Desktop/Notes - PR and ontata/notes_app/output/Batch - 3 - Final - Contact notes/b5be811d4125/screenshots/1146 Esperanza Romero - ask about parent-teac.jpg
b5be811d4125_1147,kennedi roberts,2,renamed,/home/kamleshpatil/Desktop/Notes - PR and ontata/notes_app/output/Batch - 3 - Final - Contact notes/b5be811d4125/notes/1147_en_US_notes_contacts___PART034_48.txt,/home/kamleshpatil/Desktop/Notes - PR and ontata/notes_app/output/Batch - 3 - Final - Contact notes/b5be811d4125/screenshots/1147 kennedi Roberts - scre sheet from last g.jpg
b5be811d4125_1148,harper flores,2,renamed,/home/kamleshpatil/Desktop/Notes - PR and ontata/notes_app/output/Batch - 3 - Final - Contact notes/b5be811d4125/notes/1148_en_US_notes_contacts___PART034_49.txt,/home/kamleshpatil/Desktop/Notes - PR and ontata/notes_app/output/Batch - 3 - Final - Contact notes/b5be811d4125/screenshots/1148 Harper Flores - dog meds refill.jpg
b5be811d4125_1149,daichi fisher,2,renamed,/home/kamleshpatil/Desktop/Notes - PR and ontata/notes_app/output/Batch - 3 - Final - Contact notes/b5be811d4125/notes/1149_en_US_notes_contacts___PART034_50.txt,/home/kamleshpatil/Desktop/Notes - PR and ontata/notes_app/output/Batch - 3 - Final - Contact notes/b5be811d4125/screenshots/1149 Daichi Fisher - business license renewal.jpg
b5be811d4125_1150,jacob campbrll,2,renamed,/home/kamleshpatil/Desktop/Notes - PR and ontata/notes_app/output/Batch - 3 - Final - Contact notes/b5be811d4125/notes/1150_en_US_notes_contacts___PART034_51.txt,/home/kamleshpatil/Desktop/Notes - PR and ontata/notes_app/output/Batch - 3 - Final - Contact notes/b5be811d4125/screenshots/1150 jacob Campbrll - beginner tenniis lesson.jpg
b5be811d4125_1151,eboni 602,2,renamed,/home/kamleshpatil/Desktop/Notes - PR and ontata/notes_app/output/Batch - 3 - Final - Contact notes/b5be811d4125/notes/1151_en_US_notes_contacts___PART034_52.txt,/home/kamleshpatil/Desktop/Notes - PR and ontata/notes_app/output/Batch - 3 - Final - Contact notes/b5be811d4125/screenshots/1151 eboni.jpg
b5be811d4125_1152,jaxo airport,2,renamed,/home/kamleshpatil/Desktop/Notes - PR and ontata/notes_app/output/Batch - 3 - Final - Contact notes/b5be811d4125/notes/1152_en_US_notes_contacts___PART034_53.txt,/home/kamleshpatil/Desktop/Notes - PR and ontata/notes_app/output/Batch - 3 - Final - Contact notes/b5be811d4125/screenshots/1152 Jaxo.jpg
b5be811d4125_1153,forrest clean,2,renamed,/home/kamleshpatil/Desktop/Notes - PR and ontata/notes_app/output/Batch - 3 - Final - Contact notes/b5be811d4125/notes/1153_en_US_notes_contacts___PART034_54.txt,/home/kamleshpatil/Desktop/Notes - PR and ontata/notes_app/output/Batch - 3 - Final - Contact notes/b5be811d4125/screenshots/1153 Forrest - clean gutters  downspouts in S.jpg
b5be811d4125_1154,trinity cleqn,2,renamed,/home/kamleshpatil/Desktop/Notes - PR and ontata/notes_app/output/Batch - 3 - Final - Contact notes/b5be811d4125/notes/1154_en_US_notes_contacts___PART034_55.txt,/home/kamleshpatil/Desktop/Notes - PR and ontata/notes_app/output/Batch - 3 - Final - Contact notes/b5be811d4125/screenshots/1154 trinity.jpg
b5be811d4125_1155,evan finanial,2,renamed,/home/kamleshpatil/Desktop/Notes - PR and ontata/notes_app/output/Batch - 3 - Final - Contact notes/b5be811d4125/notes/1155_en_US_notes_contacts___PART034_56.txt,/home/kamleshpatil/Desktop/Notes - PR and ontata/notes_app/output/Batch - 3 - Final - Contact notes/b5be811d4125/screenshots/1155 evan - finanial aid fom deadline in Colu.jpg
b5be811d4125_1156,booker grahma,2,renamed,/home/kamleshpatil/Desktop/Notes - PR and ontata/notes_app/output/Batch - 3 - Final - Contact notes/b5be811d4125/notes/1156_en_US_notes_contacts___PART034_57.txt,/home/kamleshpatil/Desktop/Notes - PR and ontata/notes_app/output/Batch - 3 - Final - Contact notes/b5be811d4125/screenshots/1156 booker Grahma - library books due questi.jpg
b5be811d4125_1157,wren allen,2,renamed,/home/kamleshpatil/Desktop/Notes - PR and ontata/notes_app/output/Batch - 3 - Final - Contact notes/b5be811d4125/notes/1157_en_US_notes_contacts___PART034_58.txt,/home/kamleshpatil/Desktop/Notes - PR and ontata/notes_app/output/Batch - 3 - Final - Contact notes/b5be811d4125/screenshots/1157 wren Allen - brand gude final version.jpg
b5be811d4125_1158,schedule w adriana,3,renamed,/home/kamleshpatil/Desktop/Notes - PR and ontata/notes_app/output/Batch - 3 - Final - Contact notes/b5be811d4125/notes/1158_en_US_notes_contacts___PART034_59.txt,/home/kamleshpatil/Desktop/Notes - PR and ontata/notes_app/output/Batch - 3 - Final - Contact notes/b5be811d4125/screenshots/1158 schedule w Adriana Knx Pet Sitter from A.jpg
b5be811d4125_1159,riley aguilar,2,renamed,/home/kamleshpatil/Desktop/Notes - PR and ontata/notes_app/output/Batch - 3 - Final - Contact notes/b5be811d4125/notes/1159_en_US_notes_contacts___PART034_60.txt,/home/kamleshpatil/Desktop/Notes - PR and ontata/notes_app/output/Batch - 3 - Final - Contact notes/b5be811d4125/screenshots/1159 Riley Aguilar.jpg
b5be811d4125_1160,reese financial,2,renamed,/home/kamleshpatil/Desktop/Notes - PR and ontata/notes_app/output/Batch - 3 - Final - Contact notes/b5be811d4125/notes/1160_en_US_notes_contacts___PART035_61.txt,/home/kamleshpatil/Desktop/Notes - PR and ontata/notes_app/output/Batch - 3 - Final - Contact notes/b5be811d4125/screenshots/1160 reese Financial Advisor 8012723889.jpg
b5be811d4125_1161,need to talk to pilar,5,renamed,/home/kamleshpatil/Desktop/Notes - PR and ontata/notes_app/output/Batch - 3 - Final - Contact notes/b5be811d4125/notes/1161_en_US_notes_contacts___PART035_62.txt,/home/kamleshpatil/Desktop/Notes - PR and ontata/notes_app/output/Batch - 3 - Final - Contact notes/b5be811d4125/screenshots/1161 Need to talk to Pilar Ramoos Banker abou.jpg
b5be811d4125_1162,grayson dog,2,renamed,/home/kamleshpatil/Desktop/Notes - PR and ontata/notes_app/output/Batch - 3 - Final - Contact notes/b5be811d4125/notes/1162_en_US_notes_contacts___PART035_63.txt,/home/kamleshpatil/Desktop/Notes - PR and ontata/notes_app/output/Batch - 3 - Final - Contact notes/b5be811d4125/screenshots/1162 Grayson - dog meds refill.jpg
b5be811d4125_1163,renata coleman,2,renamed,/home/kamleshpatil/Desktop/Notes - PR and ontata/notes_app/output/Batch - 3 - Final - Contact notes/b5be811d4125/notes/1163_en_US_notes_contacts___PART035_64.txt,/home/kamleshpatil/Desktop/Notes - PR and ontata/notes_app/output/Batch - 3 - Final - Contact notes/b5be811d4125/screenshots/1163 Renata Coleman DJ 305 450 3280.jpg
b5be811d4125_1164,declan driving,2,renamed,/home/kamleshpatil/Desktop/Notes - PR and ontata/notes_app/output/Batch - 3 - Final - Contact notes/b5be811d4125/notes/1164_en_US_notes_contacts___PART035_65.txt,/home/kamleshpatil/Desktop/Notes - PR and ontata/notes_app/output/Batch - 3 - Final - Contact notes/b5be811d4125/screenshots/1164 declan Driving Instructor St Louis 80196.jpg
b5be811d4125_1165,mireya photo,2,renamed,/home/kamleshpatil/Desktop/Notes - PR and ontata/notes_app/output/Batch - 3 - Final - Contact notes/b5be811d4125/notes/1165_en_US_notes_contacts___PART035_66.txt,/home/kamleshpatil/Desktop/Notes - PR and ontata/notes_app/output/Batch - 3 - Final - Contact notes/b5be811d4125/screenshots/1165 mireya - photo shoot locatiin list.jpg
b5be811d4125_1166,reached out to willa,4,renamed,/home/kamleshpatil/Desktop/Notes - PR and ontata/notes_app/output/Batch - 3 - Final - Contact notes/b5be811d4125/notes/1166_en_US_notes_contacts___PART035_67.txt,/home/kamleshpatil/Desktop/Notes - PR and ontata/notes_app/output/Batch - 3 - Final - Contact notes/b5be811d4125/screenshots/1166 Reached out to Willa Randall Mortgage Br.jpg
b5be811d4125_1167,reminder cyrs,2,renamed,/home/kamleshpatil/Desktop/Notes - PR and ontata/notes_app/output/Batch - 3 - Final - Contact notes/b5be811d4125/notes/1167_en_US_notes_contacts___PART035_68.txt,/home/kamleshpatil/Desktop/Notes - PR and ontata/notes_app/output/Batch - 3 - Final - Contact notes/b5be811d4125/screenshots/1167 reminder Cyrs Brown Eyebrow Threading fr.jpg
b5be811d4125_1168,called king,2,renamed,/home/kamleshpatil/Desktop/Notes - PR and ontata/notes_app/output/Batch - 3 - Final - Contact notes/b5be811d4125/notes/1168_en_US_notes_contacts___PART035_69.txt,/home/kamleshpatil/Desktop/Notes - PR and ontata/notes_app/output/Batch - 3 - Final - Contact notes/b5be811d4125/screenshots/1168 called King Dalton Financial Aid Contact.jpg
b5be811d4125_1169,shepherd stewart,2,renamed,/home/kamleshpatil/Desktop/Notes - PR and ontata/notes_app/output/Batch - 3 - Final - Contact notes/b5be811d4125/notes/1169_en_US_notes_contacts___PART035_70.txt,/home/kamleshpatil/Desktop/Notes - PR and ontata/notes_app/output/Batch - 3 - Final - Contact notes/b5be811d4125/screenshots/1169 shepherd Stewart - follow up on laptop t.jpg
b5be811d4125_1170,maya wilson,2,renamed,/home/kamleshpatil/Desktop/Notes - PR and ontata/notes_app/output/Batch - 3 - Final - Contact notes/b5be811d4125/notes/1170_en_US_notes_contacts___PART035_71.txt,/home/kamleshpatil/Desktop/Notes - PR and ontata/notes_app/output/Batch - 3 - Final - Contact notes/b5be811d4125/screenshots/1170 Maya Wilson - coordinate carpool.jpg
b5be811d4125_1171,met margot,2,renamed,/home/kamleshpatil/Desktop/Notes - PR and ontata/notes_app/output/Batch - 3 - Final - Contact notes/b5be811d4125/notes/1171_en_US_notes_contacts___PART035_72.txt,/home/kamleshpatil/Desktop/Notes - PR and ontata/notes_app/output/Batch - 3 - Final - Contact notes/b5be811d4125/screenshots/1171 met Margot Nguyen Election Vollunteer ab.jpg
b5be811d4125_1172,lucia thornon,2,renamed,/home/kamleshpatil/Desktop/Notes - PR and ontata/notes_app/output/Batch - 3 - Final - Contact notes/b5be811d4125/notes/1172_en_US_notes_contacts___PART035_73.txt,/home/kamleshpatil/Desktop/Notes - PR and ontata/notes_app/output/Batch - 3 - Final - Contact notes/b5be811d4125/screenshots/1172 lucia Thornon - dog mefs refill.jpg
b5be811d4125_1173,ingraf kumar,2,renamed,/home/kamleshpatil/Desktop/Notes - PR and ontata/notes_app/output/Batch - 3 - Final - Contact notes/b5be811d4125/notes/1173_en_US_notes_contacts___PART035_74.txt,/home/kamleshpatil/Desktop/Notes - PR and ontata/notes_app/output/Batch - 3 - Final - Contact notes/b5be811d4125/screenshots/1173 ingraf Kumar - ask about volunteer shiff.jpg
b5be811d4125_1174,hit up talia,3,renamed,/home/kamleshpatil/Desktop/Notes - PR and ontata/notes_app/output/Batch - 3 - Final - Contact notes/b5be811d4125/notes/1174_en_US_notes_contacts___PART035_75.txt,/home/kamleshpatil/Desktop/Notes - PR and ontata/notes_app/output/Batch - 3 - Final - Contact notes/b5be811d4125/screenshots/1174 hit up Talia Jordan Office Manager 75473.jpg
b5be811d4125_1175,brielle coordinate,2,renamed,/home/kamleshpatil/Desktop/Notes - PR and ontata/notes_app/output/Batch - 3 - Final - Contact notes/b5be811d4125/notes/1175_en_US_notes_contacts___PART035_76.txt,/home/kamleshpatil/Desktop/Notes - PR and ontata/notes_app/output/Batch - 3 - Final - Contact notes/b5be811d4125/screenshots/1175 Brielle - coordinate carpool in Moobile.jpg
b5be811d4125_1176,check with atticus,3,renamed,/home/kamleshpatil/Desktop/Notes - PR and ontata/notes_app/output/Batch - 3 - Final - Contact notes/b5be811d4125/notes/1176_en_US_notes_contacts___PART035_77.txt,/home/kamleshpatil/Desktop/Notes - PR and ontata/notes_app/output/Batch - 3 - Final - Contact notes/b5be811d4125/screenshots/1176 check with Atticus Financial Aid Contact.jpg
b5be811d4125_1177,stellan munoz,2,renamed,/home/kamleshpatil/Desktop/Notes - PR and ontata/notes_app/output/Batch - 3 - Final - Contact notes/b5be811d4125/notes/1177_en_US_notes_contacts___PART035_78.txt,/home/kamleshpatil/Desktop/Notes - PR and ontata/notes_app/output/Batch - 3 - Final - Contact notes/b5be811d4125/screenshots/1177 Stellan Munoz Notary Albuquerque 470 960.jpg
b5be811d4125_1178,emilio ask,2,renamed,/home/kamleshpatil/Desktop/Notes - PR and ontata/notes_app/output/Batch - 3 - Final - Contact notes/b5be811d4125/notes/1178_en_US_notes_contacts___PART035_79.txt,/home/kamleshpatil/Desktop/Notes - PR and ontata/notes_app/output/Batch - 3 - Final - Contact notes/b5be811d4125/screenshots/1178 emilio.jpg
b5be811d4125_1179,rige repair,2,renamed,/home/kamleshpatil/Desktop/Notes - PR and ontata/notes_app/output/Batch - 3 - Final - Contact notes/b5be811d4125/notes/1179_en_US_notes_contacts___PART035_80.txt,/home/kamleshpatil/Desktop/Notes - PR and ontata/notes_app/output/Batch - 3 - Final - Contact notes/b5be811d4125/screenshots/1179 rige - repair cracked phone sreen.jpg
b5be811d4125_1180,david guuerrero,2,renamed,/home/kamleshpatil/Desktop/Notes - PR and ontata/notes_app/output/Batch - 3 - Final - Contact notes/b5be811d4125/notes/1180_en_US_notes_contacts___PART036_81.txt,/home/kamleshpatil/Desktop/Notes - PR and ontata/notes_app/output/Batch - 3 - Final - Contact notes/b5be811d4125/screenshots/1180 david Guuerrero Pharmacy Tech 754 761 56.jpg
b5be811d4125_1181,blythe 6178575878,2,renamed,/home/kamleshpatil/Desktop/Notes - PR and ontata/notes_app/output/Batch - 3 - Final - Contact notes/b5be811d4125/notes/1181_en_US_notes_contacts___PART036_82.txt,/home/kamleshpatil/Desktop/Notes - PR and ontata/notes_app/output/Batch - 3 - Final - Contact notes/b5be811d4125/screenshots/1181 blythe.jpg
b5be811d4125_1182,kailani thompson,2,renamed,/home/kamleshpatil/Desktop/Notes - PR and ontata/notes_app/output/Batch - 3 - Final - Contact notes/b5be811d4125/notes/1182_en_US_notes_contacts___PART036_83.txt,/home/kamleshpatil/Desktop/Notes - PR and ontata/notes_app/output/Batch - 3 - Final - Contact notes/b5be811d4125/screenshots/1182 kailani Thompson - cerqmic coating next .jpg
b5be811d4125_1183,jayden kiing,2,renamed,/home/kamleshpatil/Desktop/Notes - PR and ontata/notes_app/output/Batch - 3 - Final - Contact notes/b5be811d4125/notes/1183_en_US_notes_contacts___PART036_84.txt,/home/kamleshpatil/Desktop/Notes - PR and ontata/notes_app/output/Batch - 3 - Final - Contact notes/b5be811d4125/screenshots/1183 jayden Kiing Dorm Office 919-931-7089.jpg
b5be811d4125_1184,sora tennis,2,renamed,/home/kamleshpatil/Desktop/Notes - PR and ontata/notes_app/output/Batch - 3 - Final - Contact notes/b5be811d4125/notes/1184_en_US_notes_contacts___PART036_85.txt,/home/kamleshpatil/Desktop/Notes - PR and ontata/notes_app/output/Batch - 3 - Final - Contact notes/b5be811d4125/screenshots/1184 Sora Tennis Instructor 5168884327.jpg
b5be811d4125_1185,dev car,2,renamed,/home/kamleshpatil/Desktop/Notes - PR and ontata/notes_app/output/Batch - 3 - Final - Contact notes/b5be811d4125/notes/1185_en_US_notes_contacts___PART036_86.txt,/home/kamleshpatil/Desktop/Notes - PR and ontata/notes_app/output/Batch - 3 - Final - Contact notes/b5be811d4125/screenshots/1185 Dev Car Inspection 3234774715.jpg
b5be811d4125_1186,nathan caje,2,renamed,/home/kamleshpatil/Desktop/Notes - PR and ontata/notes_app/output/Batch - 3 - Final - Contact notes/b5be811d4125/notes/1186_en_US_notes_contacts___PART036_87.txt,/home/kamleshpatil/Desktop/Notes - PR and ontata/notes_app/output/Batch - 3 - Final - Contact notes/b5be811d4125/screenshots/1186 nathan - caje order for birthday in Slt .jpg
b5be811d4125_1187,ask fiona,2,renamed,/home/kamleshpatil/Desktop/Notes - PR and ontata/notes_app/output/Batch - 3 - Final - Contact notes/b5be811d4125/notes/1187_en_US_notes_contacts___PART036_88.txt,/home/kamleshpatil/Desktop/Notes - PR and ontata/notes_app/output/Batch - 3 - Final - Contact notes/b5be811d4125/screenshots/1187 ask Fiona Edwards Illustrator about phot.jpg
b5be811d4125_1188,follow up w nikhil,4,renamed,/home/kamleshpatil/Desktop/Notes - PR and ontata/notes_app/output/Batch - 3 - Final - Contact notes/b5be811d4125/notes/1188_en_US_notes_contacts___PART036_89.txt,/home/kamleshpatil/Desktop/Notes - PR and ontata/notes_app/output/Batch - 3 - Final - Contact notes/b5be811d4125/screenshots/1188 follow up w Nikhil Aguilar Pest Control .jpg
b5be811d4125_1189,messaged janiyah,2,renamed,/home/kamleshpatil/Desktop/Notes - PR and ontata/notes_app/output/Batch - 3 - Final - Contact notes/b5be811d4125/notes/1189_en_US_notes_contacts___PART036_90.txt,/home/kamleshpatil/Desktop/Notes - PR and ontata/notes_app/output/Batch - 3 - Final - Contact notes/b5be811d4125/screenshots/1189 messaged Janiyah Pool Mainenance about a.jpg
b5be811d4125_1190,charlotte cark,2,renamed,/home/kamleshpatil/Desktop/Notes - PR and ontata/notes_app/output/Batch - 3 - Final - Contact notes/b5be811d4125/notes/1190_en_US_notes_contacts___PART036_91.txt,/home/kamleshpatil/Desktop/Notes - PR and ontata/notes_app/output/Batch - 3 - Final - Contact notes/b5be811d4125/screenshots/1190 charlotte Cark - ask about parent-teache.jpg
b5be811d4125_1191,zhuri bring,2,renamed,/home/kamleshpatil/Desktop/Notes - PR and ontata/notes_app/output/Batch - 3 - Final - Contact notes/b5be811d4125/notes/1191_en_US_notes_contacts___PART036_92.txt,/home/kamleshpatil/Desktop/Notes - PR and ontata/notes_app/output/Batch - 3 - Final - Contact notes/b5be811d4125/screenshots/1191 zhuri - bring old prescription glasses.jpg
b5be811d4125_1192,invoiced dante,2,renamed,/home/kamleshpatil/Desktop/Notes - PR and ontata/notes_app/output/Batch - 3 - Final - Contact notes/b5be811d4125/notes/1192_en_US_notes_contacts___PART036_93.txt,/home/kamleshpatil/Desktop/Notes - PR and ontata/notes_app/output/Batch - 3 - Final - Contact notes/b5be811d4125/screenshots/1192 invoiced Dante Kng Swim Instructor.jpg
b5be811d4125_1193,aria 9197947579,2,renamed,/home/kamleshpatil/Desktop/Notes - PR and ontata/notes_app/output/Batch - 3 - Final - Contact notes/b5be811d4125/notes/1193_en_US_notes_contacts___PART036_94.txt,/home/kamleshpatil/Desktop/Notes - PR and ontata/notes_app/output/Batch - 3 - Final - Contact notes/b5be811d4125/screenshots/1193 aria.jpg
b5be811d4125_1194,met rohan,2,renamed,/home/kamleshpatil/Desktop/Notes - PR and ontata/notes_app/output/Batch - 3 - Final - Contact notes/b5be811d4125/notes/1194_en_US_notes_contacts___PART036_95.txt,/home/kamleshpatil/Desktop/Notes - PR and ontata/notes_app/output/Batch - 3 - Final - Contact notes/b5be811d4125/screenshots/1194 met Rohan Photographer.jpg
b5be811d4125_1195,damian ortiz,2,renamed,/home/kamleshpatil/Desktop/Notes - PR and ontata/notes_app/output/Batch - 3 - Final - Contact notes/b5be811d4125/notes/1195_en_US_notes_contacts___PART036_96.txt,/home/kamleshpatil/Desktop/Notes - PR and ontata/notes_app/output/Batch - 3 - Final - Contact notes/b5be811d4125/screenshots/1195 damian Ortiz - beginner swm lesson times.jpg
b5be811d4125_1196,naomi nelson,2,renamed,/home/kamleshpatil/Desktop/Notes - PR and ontata/notes_app/output/Batch - 3 - Final - Contact notes/b5be811d4125/notes/1196_en_US_notes_contacts___PART036_97.txt,/home/kamleshpatil/Desktop/Notes - PR and ontata/notes_app/output/Batch - 3 - Final - Contact notes/b5be811d4125/screenshots/1196 naomi Nelson - ask about puppy training .jpg
b5be811d4125_1197,talked to aarav,3,renamed,/home/kamleshpatil/Desktop/Notes - PR and ontata/notes_app/output/Batch - 3 - Final - Contact notes/b5be811d4125/notes/1197_en_US_notes_contacts___PART036_98.txt,/home/kamleshpatil/Desktop/Notes - PR and ontata/notes_app/output/Batch - 3 - Final - Contact notes/b5be811d4125/screenshots/1197 Talked to Aarav Thompson Baker.jpg
b5be811d4125_1198,ask jasmiine,2,renamed,/home/kamleshpatil/Desktop/Notes - PR and ontata/notes_app/output/Batch - 3 - Final - Contact notes/b5be811d4125/notes/1198_en_US_notes_contacts___PART036_99.txt,/home/kamleshpatil/Desktop/Notes - PR and ontata/notes_app/output/Batch - 3 - Final - Contact notes/b5be811d4125/screenshots/1198 Ask Jasmiine Moore Music Instructor from.jpg
b5be811d4125_1199,checked with kavya,3,renamed,/home/kamleshpatil/Desktop/Notes - PR and ontata/notes_app/output/Batch - 3 - Final - Contact notes/b5be811d4125/notes/1199_en_US_notes_contacts___PART036_100.txt,/home/kamleshpatil/Desktop/Notes - PR and ontata/notes_app/output/Batch - 3 - Final - Contact notes/b5be811d4125/screenshots/1199 Checked with Kavya Sullivan Insurance Ag.jpg
b5be811d4125_1200,pablo ortiz,2,renamed,/home/kamleshpatil/Desktop/Notes - PR and ontata/notes_app/output/Batch - 3 - Final - Contact notes/b5be811d4125/notes/1200_en_US_notes_contacts___PART037_101.txt,/home/kamleshpatil/Desktop/Notes - PR and ontata/notes_app/output/Batch - 3 - Final - Contact notes/b5be811d4125/screenshots/1200 pablo Ortiz - send playlist for party.jpg
b5be811d4125_1201,benjamin 470,2,renamed,/home/kamleshpatil/Desktop/Notes - PR and ontata/notes_app/output/Batch - 3 - Final - Contact notes/b5be811d4125/notes/1201_en_US_notes_contacts___PART037_102.txt,/home/kamleshpatil/Desktop/Notes - PR and ontata/notes_app/output/Batch - 3 - Final - Contact notes/b5be811d4125/screenshots/1201 benjamin.jpg
b5be811d4125_1202,kingston byrd,2,renamed,/home/kamleshpatil/Desktop/Notes - PR and ontata/notes_app/output/Batch - 3 - Final - Contact notes/b5be811d4125/notes/1202_en_US_notes_contacts___PART037_103.txt,/home/kamleshpatil/Desktop/Notes - PR and ontata/notes_app/output/Batch - 3 - Final - Contact notes/b5be811d4125/screenshots/1202 Kingston Byrd.jpg
b5be811d4125_1203,leo aynes,2,renamed,/home/kamleshpatil/Desktop/Notes - PR and ontata/notes_app/output/Batch - 3 - Final - Contact notes/b5be811d4125/notes/1203_en_US_notes_contacts___PART037_104.txt,/home/kamleshpatil/Desktop/Notes - PR and ontata/notes_app/output/Batch - 3 - Final - Contact notes/b5be811d4125/screenshots/1203 leo aynes Swim Instructor 646 836 1310.jpg
b5be811d4125_1204,meeting with amara,3,renamed,/home/kamleshpatil/Desktop/Notes - PR and ontata/notes_app/output/Batch - 3 - Final - Contact notes/b5be811d4125/notes/1204_en_US_notes_contacts___PART037_105.txt,/home/kamleshpatil/Desktop/Notes - PR and ontata/notes_app/output/Batch - 3 - Final - Contact notes/b5be811d4125/screenshots/1204 meeting with Amara Pickleball Group.jpg
b5be811d4125_1205,checked with elizabeth,3,renamed,/home/kamleshpatil/Desktop/Notes - PR and ontata/notes_app/output/Batch - 3 - Final - Contact notes/b5be811d4125/notes/1205_en_US_notes_contacts___PART037_106.txt,/home/kamleshpatil/Desktop/Notes - PR and ontata/notes_app/output/Batch - 3 - Final - Contact notes/b5be811d4125/screenshots/1205 checked with Elizabeth Frost Tailor abou.jpg
b5be811d4125_1206,tucker ask,2,renamed,/home/kamleshpatil/Desktop/Notes - PR and ontata/notes_app/output/Batch - 3 - Final - Contact notes/b5be811d4125/notes/1206_en_US_notes_contacts___PART037_107.txt,/home/kamleshpatil/Desktop/Notes - PR and ontata/notes_app/output/Batch - 3 - Final - Contact notes/b5be811d4125/screenshots/1206 tucker - ask about volunteer shift.jpg
b5be811d4125_1207,need to talk to miiles,5,renamed,/home/kamleshpatil/Desktop/Notes - PR and ontata/notes_app/output/Batch - 3 - Final - Contact notes/b5be811d4125/notes/1207_en_US_notes_contacts___PART037_108.txt,/home/kamleshpatil/Desktop/Notes - PR and ontata/notes_app/output/Batch - 3 - Final - Contact notes/b5be811d4125/screenshots/1207 need to talk to Miiles Green Storage Off.jpg
b5be811d4125_1208,meeting with zachary,3,renamed,/home/kamleshpatil/Desktop/Notes - PR and ontata/notes_app/output/Batch - 3 - Final - Contact notes/b5be811d4125/notes/1208_en_US_notes_contacts___PART037_109.txt,/home/kamleshpatil/Desktop/Notes - PR and ontata/notes_app/output/Batch - 3 - Final - Contact notes/b5be811d4125/screenshots/1208 meeting with Zachary Jorrdan Loan Office.jpg
b5be811d4125_1209,nasir piano,2,renamed,/home/kamleshpatil/Desktop/Notes - PR and ontata/notes_app/output/Batch - 3 - Final - Contact notes/b5be811d4125/notes/1209_en_US_notes_contacts___PART037_110.txt,/home/kamleshpatil/Desktop/Notes - PR and ontata/notes_app/output/Batch - 3 - Final - Contact notes/b5be811d4125/screenshots/1209 nasir Piano Teacher 6174145345.jpg
b5be811d4125_1210,aiko sharma,2,renamed,/home/kamleshpatil/Desktop/Notes - PR and ontata/notes_app/output/Batch - 3 - Final - Contact notes/b5be811d4125/notes/1210_en_US_notes_contacts___PART037_111.txt,/home/kamleshpatil/Desktop/Notes - PR and ontata/notes_app/output/Batch - 3 - Final - Contact notes/b5be811d4125/screenshots/1210 Aiko Sharma - leagie fees due soon.jpg
b5be811d4125_1211,jamal gutierrez,2,renamed,/home/kamleshpatil/Desktop/Notes - PR and ontata/notes_app/output/Batch - 3 - Final - Contact notes/b5be811d4125/notes/1211_en_US_notes_contacts___PART037_112.txt,/home/kamleshpatil/Desktop/Notes - PR and ontata/notes_app/output/Batch - 3 - Final - Contact notes/b5be811d4125/screenshots/1211 Jamal Gutierrez.jpg
b5be811d4125_1212,sullivan paety,2,renamed,/home/kamleshpatil/Desktop/Notes - PR and ontata/notes_app/output/Batch - 3 - Final - Contact notes/b5be811d4125/notes/1212_en_US_notes_contacts___PART037_113.txt,/home/kamleshpatil/Desktop/Notes - PR and ontata/notes_app/output/Batch - 3 - Final - Contact notes/b5be811d4125/screenshots/1212 sullivan Paety Rental 415 504 6738.jpg
b5be811d4125_1213,aaron varrgas,2,renamed,/home/kamleshpatil/Desktop/Notes - PR and ontata/notes_app/output/Batch - 3 - Final - Contact notes/b5be811d4125/notes/1213_en_US_notes_contacts___PART037_114.txt,/home/kamleshpatil/Desktop/Notes - PR and ontata/notes_app/output/Batch - 3 - Final - Contact notes/b5be811d4125/screenshots/1213 aaron Varrgas Driving Instructor Miami 9.jpg
b5be811d4125_1214,eleanor hayes,2,renamed,/home/kamleshpatil/Desktop/Notes - PR and ontata/notes_app/output/Batch - 3 - Final - Contact notes/b5be811d4125/notes/1214_en_US_notes_contacts___PART037_115.txt,/home/kamleshpatil/Desktop/Notes - PR and ontata/notes_app/output/Batch - 3 - Final - Contact notes/b5be811d4125/screenshots/1214 eleanor Hayes.jpg
b5be811d4125_1215,checked with andre ford,4,renamed,/home/kamleshpatil/Desktop/Notes - PR and ontata/notes_app/output/Batch - 3 - Final - Contact notes/b5be811d4125/notes/1215_en_US_notes_contacts___PART037_116.txt,/home/kamleshpatil/Desktop/Notes - PR and ontata/notes_app/output/Batch - 3 - Final - Contact notes/b5be811d4125/screenshots/1215 checked with Andre Ford Guitar Tutor abo.jpg
b5be811d4125_1216,greyson will,2,renamed,/home/kamleshpatil/Desktop/Notes - PR and ontata/notes_app/output/Batch - 3 - Final - Contact notes/b5be811d4125/notes/1216_en_US_notes_contacts___PART037_117.txt,/home/kamleshpatil/Desktop/Notes - PR and ontata/notes_app/output/Batch - 3 - Final - Contact notes/b5be811d4125/screenshots/1216 Greyson - will and trust update.jpg
b5be811d4125_1217,luca ramos,2,renamed,/home/kamleshpatil/Desktop/Notes - PR and ontata/notes_app/output/Batch - 3 - Final - Contact notes/b5be811d4125/notes/1217_en_US_notes_contacts___PART037_118.txt,/home/kamleshpatil/Desktop/Notes - PR and ontata/notes_app/output/Batch - 3 - Final - Contact notes/b5be811d4125/screenshots/1217 Luca Ramos Notry 8182951660.jpg
b5be811d4125_1218,hit up sky,3,renamed,/home/kamleshpatil/Desktop/Notes - PR and ontata/notes_app/output/Batch - 3 - Final - Contact notes/b5be811d4125/notes/1218_en_US_notes_contacts___PART037_119.txt,/home/kamleshpatil/Desktop/Notes - PR and ontata/notes_app/output/Batch - 3 - Final - Contact notes/b5be811d4125/screenshots/1218 hit up Sky Rogers Print Shop.jpg
b5be811d4125_1219,lyric myers,2,renamed,/home/kamleshpatil/Desktop/Notes - PR and ontata/notes_app/output/Batch - 3 - Final - Contact notes/b5be811d4125/notes/1219_en_US_notes_contacts___PART037_120.txt,/home/kamleshpatil/Desktop/Notes - PR and ontata/notes_app/output/Batch - 3 - Final - Contact notes/b5be811d4125/screenshots/1219 lyric Myers - ira contribution question.jpg
b5be811d4125_1220,oscar loaan,2,renamed,/home/kamleshpatil/Desktop/Notes - PR and ontata/notes_app/output/Batch - 3 - Final - Contact notes/b5be811d4125/notes/1220_en_US_notes_contacts___PART038_121.txt,/home/kamleshpatil/Desktop/Notes - PR and ontata/notes_app/output/Batch - 3 - Final - Contact notes/b5be811d4125/screenshots/1220 Oscar.jpg
b5be811d4125_1221,sterling cake,2,renamed,/home/kamleshpatil/Desktop/Notes - PR and ontata/notes_app/output/Batch - 3 - Final - Contact notes/b5be811d4125/notes/1221_en_US_notes_contacts___PART038_122.txt,/home/kamleshpatil/Desktop/Notes - PR and ontata/notes_app/output/Batch - 3 - Final - Contact notes/b5be811d4125/screenshots/1221 sterling - cake order for birthday in Du.jpg
b5be811d4125_1222,greyson harrison,2,renamed,/home/kamleshpatil/Desktop/Notes - PR and ontata/notes_app/output/Batch - 3 - Final - Contact notes/b5be811d4125/notes/1222_en_US_notes_contacts___PART038_123.txt,/home/kamleshpatil/Desktop/Notes - PR and ontata/notes_app/output/Batch - 3 - Final - Contact notes/b5be811d4125/screenshots/1222 Greyson Harrison.jpg
b5be811d4125_1223,bets illustrator,2,renamed,/home/kamleshpatil/Desktop/Notes - PR and ontata/notes_app/output/Batch - 3 - Final - Contact notes/b5be811d4125/notes/1223_en_US_notes_contacts___PART038_124.txt,/home/kamleshpatil/Desktop/Notes - PR and ontata/notes_app/output/Batch - 3 - Final - Contact notes/b5be811d4125/screenshots/1223 bets Illustrator Norfolk 919 560 6657.jpg
b5be811d4125_1224,axel photo,2,renamed,/home/kamleshpatil/Desktop/Notes - PR and ontata/notes_app/output/Batch - 3 - Final - Contact notes/b5be811d4125/notes/1224_en_US_notes_contacts___PART038_125.txt,/home/kamleshpatil/Desktop/Notes - PR and ontata/notes_app/output/Batch - 3 - Final - Contact notes/b5be811d4125/screenshots/1224 axel - photo shoot locarion list.jpg
b5be811d4125_1225,bentley williams,2,renamed,/home/kamleshpatil/Desktop/Notes - PR and ontata/notes_app/output/Batch - 3 - Final - Contact notes/b5be811d4125/notes/1225_en_US_notes_contacts___PART038_126.txt,/home/kamleshpatil/Desktop/Notes - PR and ontata/notes_app/output/Batch - 3 - Final - Contact notes/b5be811d4125/screenshots/1225 bentley Williams Guitar Tutor 7047608912.jpg
b5be811d4125_1226,vdea vargas,2,renamed,/home/kamleshpatil/Desktop/Notes - PR and ontata/notes_app/output/Batch - 3 - Final - Contact notes/b5be811d4125/notes/1226_en_US_notes_contacts___PART038_127.txt,/home/kamleshpatil/Desktop/Notes - PR and ontata/notes_app/output/Batch - 3 - Final - Contact notes/b5be811d4125/screenshots/1226 Vdea Vargas.jpg
b5be811d4125_1227,kadien offiice,2,renamed,/home/kamleshpatil/Desktop/Notes - PR and ontata/notes_app/output/Batch - 3 - Final - Contact notes/b5be811d4125/notes/1227_en_US_notes_contacts___PART038_128.txt,/home/kamleshpatil/Desktop/Notes - PR and ontata/notes_app/output/Batch - 3 - Final - Contact notes/b5be811d4125/screenshots/1227 kadien Offiice Manager 4048251997.jpg
b5be811d4125_1228,ximena rogers,2,renamed,/home/kamleshpatil/Desktop/Notes - PR and ontata/notes_app/output/Batch - 3 - Final - Contact notes/b5be811d4125/notes/1228_en_US_notes_contacts___PART038_129.txt,/home/kamleshpatil/Desktop/Notes - PR and ontata/notes_app/output/Batch - 3 - Final - Contact notes/b5be811d4125/screenshots/1228 ximena Rogers.jpg
b5be811d4125_1229,adrian mechanic,2,renamed,/home/kamleshpatil/Desktop/Notes - PR and ontata/notes_app/output/Batch - 3 - Final - Contact notes/b5be811d4125/notes/1229_en_US_notes_contacts___PART038_130.txt,/home/kamleshpatil/Desktop/Notes - PR and ontata/notes_app/output/Batch - 3 - Final - Contact notes/b5be811d4125/screenshots/1229 Adrian Mechanic 7023109294.jpg
b5be811d4125_1230,deirdre waler,2,renamed,/home/kamleshpatil/Desktop/Notes - PR and ontata/notes_app/output/Batch - 3 - Final - Contact notes/b5be811d4125/notes/1230_en_US_notes_contacts___PART038_131.txt,/home/kamleshpatil/Desktop/Notes - PR and ontata/notes_app/output/Batch - 3 - Final - Contact notes/b5be811d4125/screenshots/1230 Deirdre Waler Paralegal Minneapolis 267 .jpg
b5be811d4125_1231,got a quote from carlotte,5,renamed,/home/kamleshpatil/Desktop/Notes - PR and ontata/notes_app/output/Batch - 3 - Final - Contact notes/b5be811d4125/notes/1231_en_US_notes_contacts___PART038_132.txt,/home/kamleshpatil/Desktop/Notes - PR and ontata/notes_app/output/Batch - 3 - Final - Contact notes/b5be811d4125/screenshots/1231 got a quote from Carlotte Evans Banker f.jpg
b5be811d4125_1232,cllista dog,2,renamed,/home/kamleshpatil/Desktop/Notes - PR and ontata/notes_app/output/Batch - 3 - Final - Contact notes/b5be811d4125/notes/1232_en_US_notes_contacts___PART038_133.txt,/home/kamleshpatil/Desktop/Notes - PR and ontata/notes_app/output/Batch - 3 - Final - Contact notes/b5be811d4125/screenshots/1232 cllista - dog meds refill.jpg
b5be811d4125_1233,soledad neighbor,2,renamed,/home/kamleshpatil/Desktop/Notes - PR and ontata/notes_app/output/Batch - 3 - Final - Contact notes/b5be811d4125/notes/1233_en_US_notes_contacts___PART038_134.txt,/home/kamleshpatil/Desktop/Notes - PR and ontata/notes_app/output/Batch - 3 - Final - Contact notes/b5be811d4125/screenshots/1233 soledad Neighbor 2028363898.jpg
b5be811d4125_1234,isaiah gibson,2,renamed,/home/kamleshpatil/Desktop/Notes - PR and ontata/notes_app/output/Batch - 3 - Final - Contact notes/b5be811d4125/notes/1234_en_US_notes_contacts___PART038_135.txt,/home/kamleshpatil/Desktop/Notes - PR and ontata/notes_app/output/Batch - 3 - Final - Contact notes/b5be811d4125/screenshots/1234 isaiah Gibson.jpg
b5be811d4125_1235,sariah beginner,2,renamed,/home/kamleshpatil/Desktop/Notes - PR and ontata/notes_app/output/Batch - 3 - Final - Contact notes/b5be811d4125/notes/1235_en_US_notes_contacts___PART038_136.txt,/home/kamleshpatil/Desktop/Notes - PR and ontata/notes_app/output/Batch - 3 - Final - Contact notes/b5be811d4125/screenshots/1235 Sariah.jpg
b5be811d4125_1236,nari photographer,2,renamed,/home/kamleshpatil/Desktop/Notes - PR and ontata/notes_app/output/Batch - 3 - Final - Contact notes/b5be811d4125/notes/1236_en_US_notes_contacts___PART038_137.txt,/home/kamleshpatil/Desktop/Notes - PR and ontata/notes_app/output/Batch - 3 - Final - Contact notes/b5be811d4125/screenshots/1236 nari Photographer 7207832765.jpg
b5be811d4125_1237,iris begnner,2,renamed,/home/kamleshpatil/Desktop/Notes - PR and ontata/notes_app/output/Batch - 3 - Final - Contact notes/b5be811d4125/notes/1237_en_US_notes_contacts___PART038_138.txt,/home/kamleshpatil/Desktop/Notes - PR and ontata/notes_app/output/Batch - 3 - Final - Contact notes/b5be811d4125/screenshots/1237 iris.jpg
b5be811d4125_1238,zion rotega,2,renamed,/home/kamleshpatil/Desktop/Notes - PR and ontata/notes_app/output/Batch - 3 - Final - Contact notes/b5be811d4125/notes/1238_en_US_notes_contacts___PART038_139.txt,/home/kamleshpatil/Desktop/Notes - PR and ontata/notes_app/output/Batch - 3 - Final - Contact notes/b5be811d4125/screenshots/1238 zion rOtega - brand guide final version .jpg
b5be811d4125_1239,nlya bryant,2,renamed,/home/kamleshpatil/Desktop/Notes - PR and ontata/notes_app/output/Batch - 3 - Final - Contact notes/b5be811d4125/notes/1239_en_US_notes_contacts___PART038_140.txt,/home/kamleshpatil/Desktop/Notes - PR and ontata/notes_app/output/Batch - 3 - Final - Contact notes/b5be811d4125/screenshots/1239 nlya Bryant Storage Office 3037358833.jpg
b5be811d4125_1240,meeting wiith,2,renamed,/home/kamleshpatil/Desktop/Notes - PR and ontata/notes_app/output/Batch - 3 - Final - Contact notes/b5be811d4125/notes/1240_en_US_notes_contacts___PART039_141.txt,/home/kamleshpatil/Desktop/Notes - PR and ontata/notes_app/output/Batch - 3 - Final - Contact notes/b5be811d4125/screenshots/1240 meeting wiith Archer Building Security f.jpg
b5be811d4125_1241,hit up beckett,3,renamed,/home/kamleshpatil/Desktop/Notes - PR and ontata/notes_app/output/Batch - 3 - Final - Contact notes/b5be811d4125/notes/1241_en_US_notes_contacts___PART039_142.txt,/home/kamleshpatil/Desktop/Notes - PR and ontata/notes_app/output/Batch - 3 - Final - Contact notes/b5be811d4125/screenshots/1241 hit up Beckett Baily Cat Sitting from Ri.jpg
b5be811d4125_1242,lucaas insurance,2,renamed,/home/kamleshpatil/Desktop/Notes - PR and ontata/notes_app/output/Batch - 3 - Final - Contact notes/b5be811d4125/notes/1242_en_US_notes_contacts___PART039_143.txt,/home/kamleshpatil/Desktop/Notes - PR and ontata/notes_app/output/Batch - 3 - Final - Contact notes/b5be811d4125/screenshots/1242 Lucaas Insurance Agwnt 323-582-5563.jpg
b5be811d4125_1243,tyrone follow,2,renamed,/home/kamleshpatil/Desktop/Notes - PR and ontata/notes_app/output/Batch - 3 - Final - Contact notes/b5be811d4125/notes/1243_en_US_notes_contacts___PART039_144.txt,/home/kamleshpatil/Desktop/Notes - PR and ontata/notes_app/output/Batch - 3 - Final - Contact notes/b5be811d4125/screenshots/1243 tyrone - follow up on laptop ticket.jpg
b5be811d4125_1244,bodie moore,2,renamed,/home/kamleshpatil/Desktop/Notes - PR and ontata/notes_app/output/Batch - 3 - Final - Contact notes/b5be811d4125/notes/1244_en_US_notes_contacts___PART039_145.txt,/home/kamleshpatil/Desktop/Notes - PR and ontata/notes_app/output/Batch - 3 - Final - Contact notes/b5be811d4125/screenshots/1244 bodie Moore - oil change  brake check du.jpg
b5be811d4125_1245,reminder ashere,2,renamed,/home/kamleshpatil/Desktop/Notes - PR and ontata/notes_app/output/Batch - 3 - Final - Contact notes/b5be811d4125/notes/1245_en_US_notes_contacts___PART039_146.txt,/home/kamleshpatil/Desktop/Notes - PR and ontata/notes_app/output/Batch - 3 - Final - Contact notes/b5be811d4125/screenshots/1245 reminder AsherE llis Yoga Coach from Mur.jpg
b5be811d4125_1246,leonardo nguyen,2,renamed,/home/kamleshpatil/Desktop/Notes - PR and ontata/notes_app/output/Batch - 3 - Final - Contact notes/b5be811d4125/notes/1246_en_US_notes_contacts___PART039_147.txt,/home/kamleshpatil/Desktop/Notes - PR and ontata/notes_app/output/Batch - 3 - Final - Contact notes/b5be811d4125/screenshots/1246 leonardo Nguyen.jpg
b5be811d4125_1247,carlos huang,2,renamed,/home/kamleshpatil/Desktop/Notes - PR and ontata/notes_app/output/Batch - 3 - Final - Contact notes/b5be811d4125/notes/1247_en_US_notes_contacts___PART039_148.txt,/home/kamleshpatil/Desktop/Notes - PR and ontata/notes_app/output/Batch - 3 - Final - Contact notes/b5be811d4125/screenshots/1247 Carlos Huang Landscaping Little Rck 415 .jpg
b5be811d4125_1248,ingram nguywn,2,renamed,/home/kamleshpatil/Desktop/Notes - PR and ontata/notes_app/output/Batch - 3 - Final - Contact notes/b5be811d4125/notes/1248_en_US_notes_contacts___PART039_149.txt,/home/kamleshpatil/Desktop/Notes - PR and ontata/notes_app/output/Batch - 3 - Final - Contact notes/b5be811d4125/screenshots/1248 ingram Nguywn.jpg
b5be811d4125_1249,txtd nolan,2,renamed,/home/kamleshpatil/Desktop/Notes - PR and ontata/notes_app/output/Batch - 3 - Final - Contact notes/b5be811d4125/notes/1249_en_US_notes_contacts___PART039_150.txt,/home/kamleshpatil/Desktop/Notes - PR and ontata/notes_app/output/Batch - 3 - Final - Contact notes/b5be811d4125/screenshots/1249 txtd Nolan McDonald Classmate from Chark.jpg
b5be811d4125_1250,derek marrtinez,2,renamed,/home/kamleshpatil/Desktop/Notes - PR and ontata/notes_app/output/Batch - 3 - Final - Contact notes/b5be811d4125/notes/1250_en_US_notes_contacts___PART039_151.txt,/home/kamleshpatil/Desktop/Notes - PR and ontata/notes_app/output/Batch - 3 - Final - Contact notes/b5be811d4125/screenshots/1250 Derek Marrtinez - bqdge access request i.jpg
b5be811d4125_1251,drop off at carter,4,renamed,/home/kamleshpatil/Desktop/Notes - PR and ontata/notes_app/output/Batch - 3 - Final - Contact notes/b5be811d4125/notes/1251_en_US_notes_contacts___PART039_152.txt,/home/kamleshpatil/Desktop/Notes - PR and ontata/notes_app/output/Batch - 3 - Final - Contact notes/b5be811d4125/screenshots/1251 drop off at Carter Nelson Pest Control.jpg
b5be811d4125_1252,isaac pt,2,renamed,/home/kamleshpatil/Desktop/Notes - PR and ontata/notes_app/output/Batch - 3 - Final - Contact notes/b5be811d4125/notes/1252_en_US_notes_contacts___PART039_153.txt,/home/kamleshpatil/Desktop/Notes - PR and ontata/notes_app/output/Batch - 3 - Final - Contact notes/b5be811d4125/screenshots/1252 isaac - pt eval for knee pain in Greensb.jpg
b5be811d4125_1253,ezra send,2,renamed,/home/kamleshpatil/Desktop/Notes - PR and ontata/notes_app/output/Batch - 3 - Final - Contact notes/b5be811d4125/notes/1253_en_US_notes_contacts___PART039_154.txt,/home/kamleshpatil/Desktop/Notes - PR and ontata/notes_app/output/Batch - 3 - Final - Contact notes/b5be811d4125/screenshots/1253 ezra - send tax docs over.jpg
b5be811d4125_1254,nalani 3109022098,2,renamed,/home/kamleshpatil/Desktop/Notes - PR and ontata/notes_app/output/Batch - 3 - Final - Contact notes/b5be811d4125/notes/1254_en_US_notes_contacts___PART039_155.txt,/home/kamleshpatil/Desktop/Notes - PR and ontata/notes_app/output/Batch - 3 - Final - Contact notes/b5be811d4125/screenshots/1254 nalani.jpg
b5be811d4125_1255,discussed josshua,2,renamed,/home/kamleshpatil/Desktop/Notes - PR and ontata/notes_app/output/Batch - 3 - Final - Contact notes/b5be811d4125/notes/1255_en_US_notes_contacts___PART039_156.txt,/home/kamleshpatil/Desktop/Notes - PR and ontata/notes_app/output/Batch - 3 - Final - Contact notes/b5be811d4125/screenshots/1255 discussed Josshua Hung Music Instructor .jpg
b5be811d4125_1256,contact valentina,2,renamed,/home/kamleshpatil/Desktop/Notes - PR and ontata/notes_app/output/Batch - 3 - Final - Contact notes/b5be811d4125/notes/1256_en_US_notes_contacts___PART039_157.txt,/home/kamleshpatil/Desktop/Notes - PR and ontata/notes_app/output/Batch - 3 - Final - Contact notes/b5be811d4125/screenshots/1256 Contact Valentina Rodriguez Dog Walker f.jpg
b5be811d4125_1257,atlas che,2,renamed,/home/kamleshpatil/Desktop/Notes - PR and ontata/notes_app/output/Batch - 3 - Final - Contact notes/b5be811d4125/notes/1257_en_US_notes_contacts___PART039_158.txt,/home/kamleshpatil/Desktop/Notes - PR and ontata/notes_app/output/Batch - 3 - Final - Contact notes/b5be811d4125/screenshots/1257 Atlas Che - sit alterations for the wedd.jpg
b5be811d4125_1258,khalil pilates,2,renamed,/home/kamleshpatil/Desktop/Notes - PR and ontata/notes_app/output/Batch - 3 - Final - Contact notes/b5be811d4125/notes/1258_en_US_notes_contacts___PART039_159.txt,/home/kamleshpatil/Desktop/Notes - PR and ontata/notes_app/output/Batch - 3 - Final - Contact notes/b5be811d4125/screenshots/1258 khalil Pilates Instructor 929 259 6977.jpg
b5be811d4125_1259,magdalena ortega,2,renamed,/home/kamleshpatil/Desktop/Notes - PR and ontata/notes_app/output/Batch - 3 - Final - Contact notes/b5be811d4125/notes/1259_en_US_notes_contacts___PART039_160.txt,/home/kamleshpatil/Desktop/Notes - PR and ontata/notes_app/output/Batch - 3 - Final - Contact notes/b5be811d4125/screenshots/1259 magdalena Ortega Chiropracyor Tampa 7048.jpg
b5be811d4125_1260,jin gtierrez,2,renamed,/home/kamleshpatil/Desktop/Notes - PR and ontata/notes_app/output/Batch - 3 - Final - Contact notes/b5be811d4125/notes/1260_en_US_notes_contacts___PART040_161.txt,/home/kamleshpatil/Desktop/Notes - PR and ontata/notes_app/output/Batch - 3 - Final - Contact notes/b5be811d4125/screenshots/1260 jin Gtierrez Graphic Designer 702 591 51.jpg
b5be811d4125_1261,nico repair,2,renamed,/home/kamleshpatil/Desktop/Notes - PR and ontata/notes_app/output/Batch - 3 - Final - Contact notes/b5be811d4125/notes/1261_en_US_notes_contacts___PART040_162.txt,/home/kamleshpatil/Desktop/Notes - PR and ontata/notes_app/output/Batch - 3 - Final - Contact notes/b5be811d4125/screenshots/1261 nico - repair cracked phone screen.jpg
b5be811d4125_1262,alexader collis,2,renamed,/home/kamleshpatil/Desktop/Notes - PR and ontata/notes_app/output/Batch - 3 - Final - Contact notes/b5be811d4125/notes/1262_en_US_notes_contacts___PART040_163.txt,/home/kamleshpatil/Desktop/Notes - PR and ontata/notes_app/output/Batch - 3 - Final - Contact notes/b5be811d4125/screenshots/1262 alexader Collis Tailor 3038647729.jpg
b5be811d4125_1263,got a quote from bythe,5,renamed,/home/kamleshpatil/Desktop/Notes - PR and ontata/notes_app/output/Batch - 3 - Final - Contact notes/b5be811d4125/notes/1263_en_US_notes_contacts___PART040_164.txt,/home/kamleshpatil/Desktop/Notes - PR and ontata/notes_app/output/Batch - 3 - Final - Contact notes/b5be811d4125/screenshots/1263 got a quote from Bythe Ramirez Club Orga.jpg
b5be811d4125_1264,remy coke,2,renamed,/home/kamleshpatil/Desktop/Notes - PR and ontata/notes_app/output/Batch - 3 - Final - Contact notes/b5be811d4125/notes/1264_en_US_notes_contacts___PART040_165.txt,/home/kamleshpatil/Desktop/Notes - PR and ontata/notes_app/output/Batch - 3 - Final - Contact notes/b5be811d4125/screenshots/1264 Remy Coke - league fees due soon.jpg
b5be811d4125_1265,stellan kapoor,2,renamed,/home/kamleshpatil/Desktop/Notes - PR and ontata/notes_app/output/Batch - 3 - Final - Contact notes/b5be811d4125/notes/1265_en_US_notes_contacts___PART040_166.txt,/home/kamleshpatil/Desktop/Notes - PR and ontata/notes_app/output/Batch - 3 - Final - Contact notes/b5be811d4125/screenshots/1265 Stellan Kapoor.jpg
b5be811d4125_1266,anthony physical,2,renamed,/home/kamleshpatil/Desktop/Notes - PR and ontata/notes_app/output/Batch - 3 - Final - Contact notes/b5be811d4125/notes/1266_en_US_notes_contacts___PART040_167.txt,/home/kamleshpatil/Desktop/Notes - PR and ontata/notes_app/output/Batch - 3 - Final - Contact notes/b5be811d4125/screenshots/1266 Anthony Physical Therapy 323 291 9531.jpg
b5be811d4125_1267,check with zeb,3,renamed,/home/kamleshpatil/Desktop/Notes - PR and ontata/notes_app/output/Batch - 3 - Final - Contact notes/b5be811d4125/notes/1267_en_US_notes_contacts___PART040_168.txt,/home/kamleshpatil/Desktop/Notes - PR and ontata/notes_app/output/Batch - 3 - Final - Contact notes/b5be811d4125/screenshots/1267 check with Zeb Phillips Driving Instruct.jpg
b5be811d4125_1268,odette sharma,2,renamed,/home/kamleshpatil/Desktop/Notes - PR and ontata/notes_app/output/Batch - 3 - Final - Contact notes/b5be811d4125/notes/1268_en_US_notes_contacts___PART040_169.txt,/home/kamleshpatil/Desktop/Notes - PR and ontata/notes_app/output/Batch - 3 - Final - Contact notes/b5be811d4125/screenshots/1268 Odette Sharma.jpg
b5be811d4125_1269,finley brooks,2,renamed,/home/kamleshpatil/Desktop/Notes - PR and ontata/notes_app/output/Batch - 3 - Final - Contact notes/b5be811d4125/notes/1269_en_US_notes_contacts___PART040_170.txt,/home/kamleshpatil/Desktop/Notes - PR and ontata/notes_app/output/Batch - 3 - Final - Contact notes/b5be811d4125/screenshots/1269 finley Brooks.jpg
b5be811d4125_1270,waiting on sanjay,3,renamed,/home/kamleshpatil/Desktop/Notes - PR and ontata/notes_app/output/Batch - 3 - Final - Contact notes/b5be811d4125/notes/1270_en_US_notes_contacts___PART040_171.txt,/home/kamleshpatil/Desktop/Notes - PR and ontata/notes_app/output/Batch - 3 - Final - Contact notes/b5be811d4125/screenshots/1270 waiting on Sanjay HR Rep about hr form n.jpg
b5be811d4125_1271,celese chandler,2,renamed,/home/kamleshpatil/Desktop/Notes - PR and ontata/notes_app/output/Batch - 3 - Final - Contact notes/b5be811d4125/notes/1271_en_US_notes_contacts___PART040_172.txt,/home/kamleshpatil/Desktop/Notes - PR and ontata/notes_app/output/Batch - 3 - Final - Contact notes/b5be811d4125/screenshots/1271 celese Chandler - offie supply orfer.jpg
b5be811d4125_1272,lex swim,2,renamed,/home/kamleshpatil/Desktop/Notes - PR and ontata/notes_app/output/Batch - 3 - Final - Contact notes/b5be811d4125/notes/1272_en_US_notes_contacts___PART040_173.txt,/home/kamleshpatil/Desktop/Notes - PR and ontata/notes_app/output/Batch - 3 - Final - Contact notes/b5be811d4125/screenshots/1272 lex Swim Instructor Durham 215 6442767.jpg
b5be811d4125_1273,beau diaz,2,renamed,/home/kamleshpatil/Desktop/Notes - PR and ontata/notes_app/output/Batch - 3 - Final - Contact notes/b5be811d4125/notes/1273_en_US_notes_contacts___PART040_174.txt,/home/kamleshpatil/Desktop/Notes - PR and ontata/notes_app/output/Batch - 3 - Final - Contact notes/b5be811d4125/screenshots/1273 beau Diaz - repair cracked phone screen.jpg
b5be811d4125_1274,contact joaquin,2,renamed,/home/kamleshpatil/Desktop/Notes - PR and ontata/notes_app/output/Batch - 3 - Final - Contact notes/b5be811d4125/notes/1274_en_US_notes_contacts___PART040_175.txt,/home/kamleshpatil/Desktop/Notes - PR and ontata/notes_app/output/Batch - 3 - Final - Contact notes/b5be811d4125/screenshots/1274 Contact Joaquin Thorntonn Bowling League.jpg
b5be811d4125_1275,paid dex,2,renamed,/home/kamleshpatil/Desktop/Notes - PR and ontata/notes_app/output/Batch - 3 - Final - Contact notes/b5be811d4125/notes/1275_en_US_notes_contacts___PART040_176.txt,/home/kamleshpatil/Desktop/Notes - PR and ontata/notes_app/output/Batch - 3 - Final - Contact notes/b5be811d4125/screenshots/1275 paid Dex Frst Libary Contact 9735364794.jpg
b5be811d4125_1276,talked to brody,3,renamed,/home/kamleshpatil/Desktop/Notes - PR and ontata/notes_app/output/Batch - 3 - Final - Contact notes/b5be811d4125/notes/1276_en_US_notes_contacts___PART040_177.txt,/home/kamleshpatil/Desktop/Notes - PR and ontata/notes_app/output/Batch - 3 - Final - Contact notes/b5be811d4125/screenshots/1276 talked to Brody Swing Dance Clss.jpg
b5be811d4125_1277,kingston rivera,2,renamed,/home/kamleshpatil/Desktop/Notes - PR and ontata/notes_app/output/Batch - 3 - Final - Contact notes/b5be811d4125/notes/1277_en_US_notes_contacts___PART040_178.txt,/home/kamleshpatil/Desktop/Notes - PR and ontata/notes_app/output/Batch - 3 - Final - Contact notes/b5be811d4125/screenshots/1277 kingston Rivera - dog meds refill in Hon.jpg
b5be811d4125_1278,lane garcia,2,renamed,/home/kamleshpatil/Desktop/Notes - PR and ontata/notes_app/output/Batch - 3 - Final - Contact notes/b5be811d4125/notes/1278_en_US_notes_contacts___PART040_179.txt,/home/kamleshpatil/Desktop/Notes - PR and ontata/notes_app/output/Batch - 3 - Final - Contact notes/b5be811d4125/screenshots/1278 lane Garcia - payroll discrepancy to fix.jpg
b5be811d4125_1279,ari weston,2,renamed,/home/kamleshpatil/Desktop/Notes - PR and ontata/notes_app/output/Batch - 3 - Final - Contact notes/b5be811d4125/notes/1279_en_US_notes_contacts___PART040_180.txt,/home/kamleshpatil/Desktop/Notes - PR and ontata/notes_app/output/Batch - 3 - Final - Contact notes/b5be811d4125/screenshots/1279 Ari Weston Driving Inatructor 7047178843.jpg
b5be811d4125_1280,anthony price,2,renamed,/home/kamleshpatil/Desktop/Notes - PR and ontata/notes_app/output/Batch - 3 - Final - Contact notes/b5be811d4125/notes/1280_en_US_notes_contacts___PART041_181.txt,/home/kamleshpatil/Desktop/Notes - PR and ontata/notes_app/output/Batch - 3 - Final - Contact notes/b5be811d4125/screenshots/1280 anthony Price Bike Shop 2152339080.jpg
b5be811d4125_1281,weldon sterling,2,renamed,/home/kamleshpatil/Desktop/Notes - PR and ontata/notes_app/output/Batch - 3 - Final - Contact notes/b5be811d4125/notes/1281_en_US_notes_contacts___PART041_182.txt,/home/kamleshpatil/Desktop/Notes - PR and ontata/notes_app/output/Batch - 3 - Final - Contact notes/b5be811d4125/screenshots/1281 weldon Sterling - brand guide final vers.jpg
b5be811d4125_1282,aliyah needs,2,renamed,/home/kamleshpatil/Desktop/Notes - PR and ontata/notes_app/output/Batch - 3 - Final - Contact notes/b5be811d4125/notes/1282_en_US_notes_contacts___PART041_183.txt,/home/kamleshpatil/Desktop/Notes - PR and ontata/notes_app/output/Batch - 3 - Final - Contact notes/b5be811d4125/screenshots/1282 Aliyah.jpg
b5be811d4125_1283,lysander staton,2,renamed,/home/kamleshpatil/Desktop/Notes - PR and ontata/notes_app/output/Batch - 3 - Final - Contact notes/b5be811d4125/notes/1283_en_US_notes_contacts___PART041_184.txt,/home/kamleshpatil/Desktop/Notes - PR and ontata/notes_app/output/Batch - 3 - Final - Contact notes/b5be811d4125/screenshots/1283 lysander Staton - practice schedule for .jpg
b5be811d4125_1284,ravi brand,2,renamed,/home/kamleshpatil/Desktop/Notes - PR and ontata/notes_app/output/Batch - 3 - Final - Contact notes/b5be811d4125/notes/1284_en_US_notes_contacts___PART041_185.txt,/home/kamleshpatil/Desktop/Notes - PR and ontata/notes_app/output/Batch - 3 - Final - Contact notes/b5be811d4125/screenshots/1284 ravi - brand guide final version.jpg
b5be811d4125_1285,grant lopez,2,renamed,/home/kamleshpatil/Desktop/Notes - PR and ontata/notes_app/output/Batch - 3 - Final - Contact notes/b5be811d4125/notes/1285_en_US_notes_contacts___PART041_186.txt,/home/kamleshpatil/Desktop/Notes - PR and ontata/notes_app/output/Batch - 3 - Final - Contact notes/b5be811d4125/screenshots/1285 grant Lopez Social Media Manager 650 845.jpg
b5be811d4125_1286,mina diaz,2,renamed,/home/kamleshpatil/Desktop/Notes - PR and ontata/notes_app/output/Batch - 3 - Final - Contact notes/b5be811d4125/notes/1286_en_US_notes_contacts___PART041_187.txt,/home/kamleshpatil/Desktop/Notes - PR and ontata/notes_app/output/Batch - 3 - Final - Contact notes/b5be811d4125/screenshots/1286 Mina Diaz - pint flyers for fundraiser i.jpg
b5be811d4125_1287,cruz smith,2,renamed,/home/kamleshpatil/Desktop/Notes - PR and ontata/notes_app/output/Batch - 3 - Final - Contact notes/b5be811d4125/notes/1287_en_US_notes_contacts___PART041_188.txt,/home/kamleshpatil/Desktop/Notes - PR and ontata/notes_app/output/Batch - 3 - Final - Contact notes/b5be811d4125/screenshots/1287 cruz Smith Nail Tech 9293167547.jpg
b5be811d4125_1288,brooks mehta,2,renamed,/home/kamleshpatil/Desktop/Notes - PR and ontata/notes_app/output/Batch - 3 - Final - Contact notes/b5be811d4125/notes/1288_en_US_notes_contacts___PART041_189.txt,/home/kamleshpatil/Desktop/Notes - PR and ontata/notes_app/output/Batch - 3 - Final - Contact notes/b5be811d4125/screenshots/1288 Brooks Mehta - confrm escrow details in .jpg
b5be811d4125_1289,theron harrisoon,2,renamed,/home/kamleshpatil/Desktop/Notes - PR and ontata/notes_app/output/Batch - 3 - Final - Contact notes/b5be811d4125/notes/1289_en_US_notes_contacts___PART041_190.txt,/home/kamleshpatil/Desktop/Notes - PR and ontata/notes_app/output/Batch - 3 - Final - Contact notes/b5be811d4125/screenshots/1289 theron Harrisoon Tax Prepaarer 303 706 8.jpg
b5be811d4125_1290,contact orion,2,renamed,/home/kamleshpatil/Desktop/Notes - PR and ontata/notes_app/output/Batch - 3 - Final - Contact notes/b5be811d4125/notes/1290_en_US_notes_contacts___PART041_191.txt,/home/kamleshpatil/Desktop/Notes - PR and ontata/notes_app/output/Batch - 3 - Final - Contact notes/b5be811d4125/screenshots/1290 contact Orion Bose Pickleball Group abou.jpg
b5be811d4125_1291,yolanda eye,2,renamed,/home/kamleshpatil/Desktop/Notes - PR and ontata/notes_app/output/Batch - 3 - Final - Contact notes/b5be811d4125/notes/1291_en_US_notes_contacts___PART041_192.txt,/home/kamleshpatil/Desktop/Notes - PR and ontata/notes_app/output/Batch - 3 - Final - Contact notes/b5be811d4125/screenshots/1291 Yolanda.jpg
b5be811d4125_1292,jade harris,2,renamed,/home/kamleshpatil/Desktop/Notes - PR and ontata/notes_app/output/Batch - 3 - Final - Contact notes/b5be811d4125/notes/1292_en_US_notes_contacts___PART041_193.txt,/home/kamleshpatil/Desktop/Notes - PR and ontata/notes_app/output/Batch - 3 - Final - Contact notes/b5be811d4125/screenshots/1292 jade Harris - send playlist for party.jpg
b5be811d4125_1293,kaliyah frost,2,renamed,/home/kamleshpatil/Desktop/Notes - PR and ontata/notes_app/output/Batch - 3 - Final - Contact notes/b5be811d4125/notes/1293_en_US_notes_contacts___PART041_194.txt,/home/kamleshpatil/Desktop/Notes - PR and ontata/notes_app/output/Batch - 3 - Final - Contact notes/b5be811d4125/screenshots/1293 kaliyah Frost Club Organizer Sacramento .jpg
b5be811d4125_1294,contact sky,2,renamed,/home/kamleshpatil/Desktop/Notes - PR and ontata/notes_app/output/Batch - 3 - Final - Contact notes/b5be811d4125/notes/1294_en_US_notes_contacts___PART041_195.txt,/home/kamleshpatil/Desktop/Notes - PR and ontata/notes_app/output/Batch - 3 - Final - Contact notes/b5be811d4125/screenshots/1294 contact Sky Walker Volunnteer Coordinato.jpg
b5be811d4125_1295,audrey rodriguez,2,renamed,/home/kamleshpatil/Desktop/Notes - PR and ontata/notes_app/output/Batch - 3 - Final - Contact notes/b5be811d4125/notes/1295_en_US_notes_contacts___PART041_196.txt,/home/kamleshpatil/Desktop/Notes - PR and ontata/notes_app/output/Batch - 3 - Final - Contact notes/b5be811d4125/screenshots/1295 Audrey Rodriguez.jpg
b5be811d4125_1296,deshawn photo,2,renamed,/home/kamleshpatil/Desktop/Notes - PR and ontata/notes_app/output/Batch - 3 - Final - Contact notes/b5be811d4125/notes/1296_en_US_notes_contacts___PART041_197.txt,/home/kamleshpatil/Desktop/Notes - PR and ontata/notes_app/output/Batch - 3 - Final - Contact notes/b5be811d4125/screenshots/1296 DeShawn.jpg
b5be811d4125_1297,invoiced sebastian,2,renamed,/home/kamleshpatil/Desktop/Notes - PR and ontata/notes_app/output/Batch - 3 - Final - Contact notes/b5be811d4125/notes/1297_en_US_notes_contacts___PART041_198.txt,/home/kamleshpatil/Desktop/Notes - PR and ontata/notes_app/output/Batch - 3 - Final - Contact notes/b5be811d4125/screenshots/1297 invoiced Sebastian Meedina Airport Picku.jpg
b5be811d4125_1298,caleb gonzalez,2,renamed,/home/kamleshpatil/Desktop/Notes - PR and ontata/notes_app/output/Batch - 3 - Final - Contact notes/b5be811d4125/notes/1298_en_US_notes_contacts___PART041_199.txt,/home/kamleshpatil/Desktop/Notes - PR and ontata/notes_app/output/Batch - 3 - Final - Contact notes/b5be811d4125/screenshots/1298 caleb Gonzalez - send playlist for party.jpg
b5be811d4125_1299,kavya garcia,2,renamed,/home/kamleshpatil/Desktop/Notes - PR and ontata/notes_app/output/Batch - 3 - Final - Contact notes/b5be811d4125/notes/1299_en_US_notes_contacts___PART041_200.txt,/home/kamleshpatil/Desktop/Notes - PR and ontata/notes_app/output/Batch - 3 - Final - Contact notes/b5be811d4125/screenshots/1299 Kavya Garcia - ask about storage unit ga.jpg
b5be811d4125_1300,check with soren,3,renamed,/home/kamleshpatil/Desktop/Notes - PR and ontata/notes_app/output/Batch - 3 - Final - Contact notes/b5be811d4125/notes/1300_en_US_notes_contacts___PART042_201.txt,/home/kamleshpatil/Desktop/Notes - PR and ontata/notes_app/output/Batch - 3 - Final - Contact notes/b5be811d4125/screenshots/1300 check with Soren Plumber from Arvada 213.jpg
b5be811d4125_1301,drop off at reid,4,renamed,/home/kamleshpatil/Desktop/Notes - PR and ontata/notes_app/output/Batch - 3 - Final - Contact notes/b5be811d4125/notes/1301_en_US_notes_contacts___PART042_202.txt,/home/kamleshpatil/Desktop/Notes - PR and ontata/notes_app/output/Batch - 3 - Final - Contact notes/b5be811d4125/screenshots/1301 drop off at Reid Mechanic abouut pickup .jpg
b5be811d4125_1302,kaliyah nguyen,2,renamed,/home/kamleshpatil/Desktop/Notes - PR and ontata/notes_app/output/Batch - 3 - Final - Contact notes/b5be811d4125/notes/1302_en_US_notes_contacts___PART042_203.txt,/home/kamleshpatil/Desktop/Notes - PR and ontata/notes_app/output/Batch - 3 - Final - Contact notes/b5be811d4125/screenshots/1302 kaliyah Nguyen Music Instrucor Nqshville.jpg
b5be811d4125_1303,reached out to emma,4,renamed,/home/kamleshpatil/Desktop/Notes - PR and ontata/notes_app/output/Batch - 3 - Final - Contact notes/b5be811d4125/notes/1303_en_US_notes_contacts___PART042_204.txt,/home/kamleshpatil/Desktop/Notes - PR and ontata/notes_app/output/Batch - 3 - Final - Contact notes/b5be811d4125/screenshots/1303 reached out to Emma Stanton Bowling Leag.jpg
b5be811d4125_1304,hit up daphne,3,renamed,/home/kamleshpatil/Desktop/Notes - PR and ontata/notes_app/output/Batch - 3 - Final - Contact notes/b5be811d4125/notes/1304_en_US_notes_contacts___PART042_205.txt,/home/kamleshpatil/Desktop/Notes - PR and ontata/notes_app/output/Batch - 3 - Final - Contact notes/b5be811d4125/screenshots/1304 hit up Daphne Wright Boxing Coach about .jpg
