original_id,new_name,words_used,status,txt_path,img_path
0b37ea562c46_1101,almost forgot to tell emma,5,renamed,/home/kamleshpatil/Desktop/Notes - PR and ontata/notes_app/output/Batch - 3 Final - P & R Notes/0b37ea562c46/notes/1101_en_US_notes_people relationships___PART032_2.txt,/home/kamleshpatil/Desktop/Notes - PR and ontata/notes_app/output/Batch - 3 Final - P & R Notes/0b37ea562c46/screenshots/1101 almost forgot to tell emma.jpg
0b37ea562c46_1102,dont forget abt car,4,renamed,/home/kamleshpatil/Desktop/Notes - PR and ontata/notes_app/output/Batch - 3 Final - P & R Notes/0b37ea562c46/notes/1102_en_US_notes_people relationships___PART032_3.txt,/home/kamleshpatil/Desktop/Notes - PR and ontata/notes_app/output/Batch - 3 Final - P & R Notes/0b37ea562c46/screenshots/1102 dont forget abt car registration.jpg
0b37ea562c46_1104,asked my group chat abt invoice tracker,3,renamed,/home/kamleshpatil/Desktop/Notes - PR and ontata/notes_app/output/Batch - 3 Final - P & R Notes/0b37ea562c46/notes/1104_en_US_notes_people relationships___PART032_5.txt,/home/kamleshpatil/Desktop/Notes - PR and ontata/notes_app/output/Batch - 3 Final - P & R Notes/0b37ea562c46/screenshots/1104 told my group chat abt invoice tracker.jpg
0b37ea562c46_1105,thinking abt flashcard,3,renamed,/home/kamleshpatil/Desktop/Notes - PR and ontata/notes_app/output/Batch - 3 Final - P & R Notes/0b37ea562c46/notes/1105_en_US_notes_people relationships___PART032_6.txt,/home/kamleshpatil/Desktop/Notes - PR and ontata/notes_app/output/Batch - 3 Final - P & R Notes/0b37ea562c46/screenshots/1105 thinking abt flashcard topics wiyh.jpg
0b37ea562c46_1106,low key worried abt bbq,5,renamed,/home/kamleshpatil/Desktop/Notes - PR and ontata/notes_app/output/Batch - 3 Final - P & R Notes/0b37ea562c46/notes/1106_en_US_notes_people relationships___PART032_7.txt,/home/kamleshpatil/Desktop/Notes - PR and ontata/notes_app/output/Batch - 3 Final - P & R Notes/0b37ea562c46/screenshots/1106 low key worried abt bbq at park bc.jpg
0b37ea562c46_1108,nearly forgot to tell,6,renamed,/home/kamleshpatil/Desktop/Notes - PR and ontata/notes_app/output/Batch - 3 Final - P & R Notes/0b37ea562c46/notes/1108_en_US_notes_people relationships___PART032_9.txt,/home/kamleshpatil/Desktop/Notes - PR and ontata/notes_app/output/Batch - 3 Final - P & R Notes/0b37ea562c46/screenshots/1108 almost forgot to tell.jpg
0b37ea562c46_1110,honestly realized i fixed that wiring is,4,renamed,/home/kamleshpatil/Desktop/Notes - PR and ontata/notes_app/output/Batch - 3 Final - P & R Notes/0b37ea562c46/notes/1110_en_US_notes_people relationships___PART032_11.txt,/home/kamleshpatil/Desktop/Notes - PR and ontata/notes_app/output/Batch - 3 Final - P & R Notes/0b37ea562c46/screenshots/1110 just realized i fixed that wiring issue .jpg
0b37ea562c46_1111,messaged my twitter friend lytic dont fo,3,renamed,/home/kamleshpatil/Desktop/Notes - PR and ontata/notes_app/output/Batch - 3 Final - P & R Notes/0b37ea562c46/notes/1111_en_US_notes_people relationships___PART032_12.txt,/home/kamleshpatil/Desktop/Notes - PR and ontata/notes_app/output/Batch - 3 Final - P & R Notes/0b37ea562c46/screenshots/1111 told my twitter friend lytic dont forget.jpg
0b37ea562c46_1113,apparently realized i need to,4,renamed,/home/kamleshpatil/Desktop/Notes - PR and ontata/notes_app/output/Batch - 3 Final - P & R Notes/0b37ea562c46/notes/1113_en_US_notes_people relationships___PART032_14.txt,/home/kamleshpatil/Desktop/Notes - PR and ontata/notes_app/output/Batch - 3 Final - P & R Notes/0b37ea562c46/screenshots/1113 just realized i need to.jpg
0b37ea562c46_1115,honestly meaning to talk to julia,6,renamed,/home/kamleshpatil/Desktop/Notes - PR and ontata/notes_app/output/Batch - 3 Final - P & R Notes/0b37ea562c46/notes/1115_en_US_notes_people relationships___PART032_16.txt,/home/kamleshpatil/Desktop/Notes - PR and ontata/notes_app/output/Batch - 3 Final - P & R Notes/0b37ea562c46/screenshots/1115 been meaning to talk to julia.jpg
0b37ea562c46_1116,aiming to go to post office tmrw,3,renamed,/home/kamleshpatil/Desktop/Notes - PR and ontata/notes_app/output/Batch - 3 Final - P & R Notes/0b37ea562c46/notes/1116_en_US_notes_people relationships___PART032_17.txt,/home/kamleshpatil/Desktop/Notes - PR and ontata/notes_app/output/Batch - 3 Final - P & R Notes/0b37ea562c46/screenshots/1116 need to go to post office tmrw.jpg
0b37ea562c46_1117,just heard from julia,4,renamed,/home/kamleshpatil/Desktop/Notes - PR and ontata/notes_app/output/Batch - 3 Final - P & R Notes/0b37ea562c46/notes/1117_en_US_notes_people relationships___PART032_18.txt,/home/kamleshpatil/Desktop/Notes - PR and ontata/notes_app/output/Batch - 3 Final - P & R Notes/0b37ea562c46/screenshots/1117 just heard from julia.jpg
0b37ea562c46_1118,planning to bring up ticket prices,4,renamed,/home/kamleshpatil/Desktop/Notes - PR and ontata/notes_app/output/Batch - 3 Final - P & R Notes/0b37ea562c46/notes/1118_en_US_notes_people relationships___PART032_19.txt,/home/kamleshpatil/Desktop/Notes - PR and ontata/notes_app/output/Batch - 3 Final - P & R Notes/0b37ea562c46/screenshots/1118 gonna bring up ticket prices.jpg
0b37ea562c46_1121,meant to call jacob my chosen,3,renamed,/home/kamleshpatil/Desktop/Notes - PR and ontata/notes_app/output/Batch - 3 Final - P & R Notes/0b37ea562c46/notes/1121_en_US_notes_people relationships___PART033_22.txt,/home/kamleshpatil/Desktop/Notes - PR and ontata/notes_app/output/Batch - 3 Final - P & R Notes/0b37ea562c46/screenshots/1121 gotta call jacob my chosen.jpg
0b37ea562c46_1122,wanna ask,2,renamed,/home/kamleshpatil/Desktop/Notes - PR and ontata/notes_app/output/Batch - 3 Final - P & R Notes/0b37ea562c46/notes/1122_en_US_notes_people relationships___PART033_23.txt,/home/kamleshpatil/Desktop/Notes - PR and ontata/notes_app/output/Batch - 3 Final - P & R Notes/0b37ea562c46/screenshots/1122 wanna ask brandon if hes driving to alba.jpg
0b37ea562c46_1123,low key worried abt marketing,5,renamed,/home/kamleshpatil/Desktop/Notes - PR and ontata/notes_app/output/Batch - 3 Final - P & R Notes/0b37ea562c46/notes/1123_en_US_notes_people relationships___PART033_24.txt,/home/kamleshpatil/Desktop/Notes - PR and ontata/notes_app/output/Batch - 3 Final - P & R Notes/0b37ea562c46/screenshots/1123 low key worried abt marketing pan draft .jpg
0b37ea562c46_1125,nearly forgot to tell rashad,5,renamed,/home/kamleshpatil/Desktop/Notes - PR and ontata/notes_app/output/Batch - 3 Final - P & R Notes/0b37ea562c46/notes/1125_en_US_notes_people relationships___PART033_26.txt,/home/kamleshpatil/Desktop/Notes - PR and ontata/notes_app/output/Batch - 3 Final - P & R Notes/0b37ea562c46/screenshots/1125 almost forgot to tell rashad.jpg
0b37ea562c46_1128,texted my cousiin claire i need help wit,3,renamed,/home/kamleshpatil/Desktop/Notes - PR and ontata/notes_app/output/Batch - 3 Final - P & R Notes/0b37ea562c46/notes/1128_en_US_notes_people relationships___PART033_29.txt,/home/kamleshpatil/Desktop/Notes - PR and ontata/notes_app/output/Batch - 3 Final - P & R Notes/0b37ea562c46/screenshots/1128 told my cousiin claire i need help with .jpg
0b37ea562c46_1129,been meaning to ask skylar,5,renamed,/home/kamleshpatil/Desktop/Notes - PR and ontata/notes_app/output/Batch - 3 Final - P & R Notes/0b37ea562c46/notes/1129_en_US_notes_people relationships___PART033_30.txt,/home/kamleshpatil/Desktop/Notes - PR and ontata/notes_app/output/Batch - 3 Final - P & R Notes/0b37ea562c46/screenshots/1129 been meaning to ask skylar.jpg
0b37ea562c46_1131,cant know how nova expects me to drive,2,renamed,/home/kamleshpatil/Desktop/Notes - PR and ontata/notes_app/output/Batch - 3 Final - P & R Notes/0b37ea562c46/notes/1131_en_US_notes_people relationships___PART033_32.txt,/home/kamleshpatil/Desktop/Notes - PR and ontata/notes_app/output/Batch - 3 Final - P & R Notes/0b37ea562c46/screenshots/1131 dont know how nova expects me to drive.jpg
0b37ea562c46_1134,lunch ideas,2,renamed,/home/kamleshpatil/Desktop/Notes - PR and ontata/notes_app/output/Batch - 3 Final - P & R Notes/0b37ea562c46/notes/1134_en_US_notes_people relationships___PART033_35.txt,/home/kamleshpatil/Desktop/Notes - PR and ontata/notes_app/output/Batch - 3 Final - P & R Notes/0b37ea562c46/screenshots/1134 lunch ideas running low sister suggested.jpg
16c12c41b1c4 - b2 - 3_1100,fyi my work bestie sloan thinks,3,renamed,/home/kamleshpatil/Desktop/Notes - PR and ontata/notes_app/output/Batch - 3 Final - P & R Notes/16c12c41b1c4 - b2 - 3/notes/1100_en_US_notes_people relationships___PART032_1.txt,/home/kamleshpatil/Desktop/Notes - PR and ontata/notes_app/output/Batch - 3 Final - P & R Notes/16c12c41b1c4 - b2 - 3/screenshots/1100 so my work bestie sloan thinks.jpg
16c12c41b1c4 - b2 - 3_1101,btw realized i nwed to send damian an up,4,renamed,/home/kamleshpatil/Desktop/Notes - PR and ontata/notes_app/output/Batch - 3 Final - P & R Notes/16c12c41b1c4 - b2 - 3/notes/1101_en_US_notes_people relationships___PART032_2.txt,/home/kamleshpatil/Desktop/Notes - PR and ontata/notes_app/output/Batch - 3 Final - P & R Notes/16c12c41b1c4 - b2 - 3/screenshots/1101 just realized i nwed to send damian an u.jpg
16c12c41b1c4 - b2 - 3_1102,actually realized i left,4,renamed,/home/kamleshpatil/Desktop/Notes - PR and ontata/notes_app/output/Batch - 3 Final - P & R Notes/16c12c41b1c4 - b2 - 3/notes/1102_en_US_notes_people relationships___PART032_3.txt,/home/kamleshpatil/Desktop/Notes - PR and ontata/notes_app/output/Batch - 3 Final - P & R Notes/16c12c41b1c4 - b2 - 3/screenshots/1102 just realized i left.jpg
16c12c41b1c4 - b2 - 3_1103,low key worried abt geyting,5,renamed,/home/kamleshpatil/Desktop/Notes - PR and ontata/notes_app/output/Batch - 3 Final - P & R Notes/16c12c41b1c4 - b2 - 3/notes/1103_en_US_notes_people relationships___PART032_4.txt,/home/kamleshpatil/Desktop/Notes - PR and ontata/notes_app/output/Batch - 3 Final - P & R Notes/16c12c41b1c4 - b2 - 3/screenshots/1103 low key worried abt geyting to.jpg
16c12c41b1c4 - b2 - 3_1104,dont forget abt tank,4,renamed,/home/kamleshpatil/Desktop/Notes - PR and ontata/notes_app/output/Batch - 3 Final - P & R Notes/16c12c41b1c4 - b2 - 3/notes/1104_en_US_notes_people relationships___PART032_5.txt,/home/kamleshpatil/Desktop/Notes - PR and ontata/notes_app/output/Batch - 3 Final - P & R Notes/16c12c41b1c4 - b2 - 3/screenshots/1104 dont forget abt tank cleaning tmrw.jpg
16c12c41b1c4 - b2 - 3_1105,ok so imari,3,renamed,/home/kamleshpatil/Desktop/Notes - PR and ontata/notes_app/output/Batch - 3 Final - P & R Notes/16c12c41b1c4 - b2 - 3/notes/1105_en_US_notes_people relationships___PART032_6.txt,/home/kamleshpatil/Desktop/Notes - PR and ontata/notes_app/output/Batch - 3 Final - P & R Notes/16c12c41b1c4 - b2 - 3/screenshots/1105 ok so imari my nana needs.jpg
16c12c41b1c4 - b2 - 3_1106,actually realized my cousin lyra said,4,renamed,/home/kamleshpatil/Desktop/Notes - PR and ontata/notes_app/output/Batch - 3 Final - P & R Notes/16c12c41b1c4 - b2 - 3/notes/1106_en_US_notes_people relationships___PART032_7.txt,/home/kamleshpatil/Desktop/Notes - PR and ontata/notes_app/output/Batch - 3 Final - P & R Notes/16c12c41b1c4 - b2 - 3/screenshots/1106 just realized my cousin lyra said.jpg
16c12c41b1c4 - b2 - 3_1107,bout to bring up the case with,5,renamed,/home/kamleshpatil/Desktop/Notes - PR and ontata/notes_app/output/Batch - 3 Final - P & R Notes/16c12c41b1c4 - b2 - 3/notes/1107_en_US_notes_people relationships___PART032_8.txt,/home/kamleshpatil/Desktop/Notes - PR and ontata/notes_app/output/Batch - 3 Final - P & R Notes/16c12c41b1c4 - b2 - 3/screenshots/1107 gonna bring up the case with.jpg
16c12c41b1c4 - b2 - 3_1108,have to send async update asap,4,renamed,/home/kamleshpatil/Desktop/Notes - PR and ontata/notes_app/output/Batch - 3 Final - P & R Notes/16c12c41b1c4 - b2 - 3/notes/1108_en_US_notes_people relationships___PART032_9.txt,/home/kamleshpatil/Desktop/Notes - PR and ontata/notes_app/output/Batch - 3 Final - P & R Notes/16c12c41b1c4 - b2 - 3/screenshots/1108 need to send async update asap.jpg
16c12c41b1c4 - b2 - 3_1109,saw my mechanic,3,renamed,/home/kamleshpatil/Desktop/Notes - PR and ontata/notes_app/output/Batch - 3 Final - P & R Notes/16c12c41b1c4 - b2 - 3/notes/1109_en_US_notes_people relationships___PART032_10.txt,/home/kamleshpatil/Desktop/Notes - PR and ontata/notes_app/output/Batch - 3 Final - P & R Notes/16c12c41b1c4 - b2 - 3/screenshots/1109 saw my mechanic josephine today and.jpg
16c12c41b1c4 - b2 - 3_1110,debating if i got,3,renamed,/home/kamleshpatil/Desktop/Notes - PR and ontata/notes_app/output/Batch - 3 Final - P & R Notes/16c12c41b1c4 - b2 - 3/notes/1110_en_US_notes_people relationships___PART032_11.txt,/home/kamleshpatil/Desktop/Notes - PR and ontata/notes_app/output/Batch - 3 Final - P & R Notes/16c12c41b1c4 - b2 - 3/screenshots/1110 wondering if i got.jpg
16c12c41b1c4 - b2 - 3_1111,sidebar so sariah is bringing burgers,3,renamed,/home/kamleshpatil/Desktop/Notes - PR and ontata/notes_app/output/Batch - 3 Final - P & R Notes/16c12c41b1c4 - b2 - 3/notes/1111_en_US_notes_people relationships___PART032_12.txt,/home/kamleshpatil/Desktop/Notes - PR and ontata/notes_app/output/Batch - 3 Final - P & R Notes/16c12c41b1c4 - b2 - 3/screenshots/1111 ok so sariah is bringing burgers.jpg
16c12c41b1c4 - b2 - 3_1112,have to tell keon babysitter gate,4,renamed,/home/kamleshpatil/Desktop/Notes - PR and ontata/notes_app/output/Batch - 3 Final - P & R Notes/16c12c41b1c4 - b2 - 3/notes/1112_en_US_notes_people relationships___PART032_13.txt,/home/kamleshpatil/Desktop/Notes - PR and ontata/notes_app/output/Batch - 3 Final - P & R Notes/16c12c41b1c4 - b2 - 3/screenshots/1112 need to tell keon babysitter gate.jpg
16c12c41b1c4 - b2 - 3_1113,reminded my apartment neighbor oliver sc,3,renamed,/home/kamleshpatil/Desktop/Notes - PR and ontata/notes_app/output/Batch - 3 Final - P & R Notes/16c12c41b1c4 - b2 - 3/notes/1113_en_US_notes_people relationships___PART032_14.txt,/home/kamleshpatil/Desktop/Notes - PR and ontata/notes_app/output/Batch - 3 Final - P & R Notes/16c12c41b1c4 - b2 - 3/screenshots/1113 told my apartment neighbor oliver school.jpg
16c12c41b1c4 - b2 - 3_1114,tryna call milan my best friend,3,renamed,/home/kamleshpatil/Desktop/Notes - PR and ontata/notes_app/output/Batch - 3 Final - P & R Notes/16c12c41b1c4 - b2 - 3/notes/1114_en_US_notes_people relationships___PART032_15.txt,/home/kamleshpatil/Desktop/Notes - PR and ontata/notes_app/output/Batch - 3 Final - P & R Notes/16c12c41b1c4 - b2 - 3/screenshots/1114 gotta call milan my best friend.jpg
16c12c41b1c4 - b2 - 3_1115,tryna call reid about new product ideas,3,renamed,/home/kamleshpatil/Desktop/Notes - PR and ontata/notes_app/output/Batch - 3 Final - P & R Notes/16c12c41b1c4 - b2 - 3/notes/1115_en_US_notes_people relationships___PART032_16.txt,/home/kamleshpatil/Desktop/Notes - PR and ontata/notes_app/output/Batch - 3 Final - P & R Notes/16c12c41b1c4 - b2 - 3/screenshots/1115 gotta call reid about new product ideas.jpg
16c12c41b1c4 - b2 - 3_1116,thinking abt all,3,renamed,/home/kamleshpatil/Desktop/Notes - PR and ontata/notes_app/output/Batch - 3 Final - P & R Notes/16c12c41b1c4 - b2 - 3/notes/1116_en_US_notes_people relationships___PART032_17.txt,/home/kamleshpatil/Desktop/Notes - PR and ontata/notes_app/output/Batch - 3 Final - P & R Notes/16c12c41b1c4 - b2 - 3/screenshots/1116 thinking abt all the tass.jpg
16c12c41b1c4 - b2 - 3_1117,asked sister dej about luunch drop off,2,renamed,/home/kamleshpatil/Desktop/Notes - PR and ontata/notes_app/output/Batch - 3 Final - P & R Notes/16c12c41b1c4 - b2 - 3/notes/1117_en_US_notes_people relationships___PART032_18.txt,/home/kamleshpatil/Desktop/Notes - PR and ontata/notes_app/output/Batch - 3 Final - P & R Notes/16c12c41b1c4 - b2 - 3/screenshots/1117 told sister dej about luunch drop off.jpg
16c12c41b1c4 - b2 - 3_1118,meant to bring up plumbing quote with so,4,renamed,/home/kamleshpatil/Desktop/Notes - PR and ontata/notes_app/output/Batch - 3 Final - P & R Notes/16c12c41b1c4 - b2 - 3/notes/1118_en_US_notes_people relationships___PART032_19.txt,/home/kamleshpatil/Desktop/Notes - PR and ontata/notes_app/output/Batch - 3 Final - P & R Notes/16c12c41b1c4 - b2 - 3/screenshots/1118 gonna bring up plumbing quote with sooph.jpg
16c12c41b1c4 - b2 - 3_1119,hoping to review q3 goals with ainsley,3,renamed,/home/kamleshpatil/Desktop/Notes - PR and ontata/notes_app/output/Batch - 3 Final - P & R Notes/16c12c41b1c4 - b2 - 3/notes/1119_en_US_notes_people relationships___PART032_20.txt,/home/kamleshpatil/Desktop/Notes - PR and ontata/notes_app/output/Batch - 3 Final - P & R Notes/16c12c41b1c4 - b2 - 3/screenshots/1119 need to review q3 goals with ainsley.jpg
16c12c41b1c4 - b2 - 3_1120,gonna bring up new,4,renamed,/home/kamleshpatil/Desktop/Notes - PR and ontata/notes_app/output/Batch - 3 Final - P & R Notes/16c12c41b1c4 - b2 - 3/notes/1120_en_US_notes_people relationships___PART033_21.txt,/home/kamleshpatil/Desktop/Notes - PR and ontata/notes_app/output/Batch - 3 Final - P & R Notes/16c12c41b1c4 - b2 - 3/screenshots/1120 gonna bring up new song.jpg
16c12c41b1c4 - b2 - 3_1121,wondering abt getting rylee a gift,3,renamed,/home/kamleshpatil/Desktop/Notes - PR and ontata/notes_app/output/Batch - 3 Final - P & R Notes/16c12c41b1c4 - b2 - 3/notes/1121_en_US_notes_people relationships___PART033_22.txt,/home/kamleshpatil/Desktop/Notes - PR and ontata/notes_app/output/Batch - 3 Final - P & R Notes/16c12c41b1c4 - b2 - 3/screenshots/1121 thinking abt getting rylee a gift.jpg
16c12c41b1c4 - b2 - 3_1122,schedule time w my sisster,5,renamed,/home/kamleshpatil/Desktop/Notes - PR and ontata/notes_app/output/Batch - 3 Final - P & R Notes/16c12c41b1c4 - b2 - 3/notes/1122_en_US_notes_people relationships___PART033_23.txt,/home/kamleshpatil/Desktop/Notes - PR and ontata/notes_app/output/Batch - 3 Final - P & R Notes/16c12c41b1c4 - b2 - 3/screenshots/1122 schedule time w my sisster lydia to.jpg
16c12c41b1c4 - b2 - 3_1123,keep putting off pickups from hospital b,4,renamed,/home/kamleshpatil/Desktop/Notes - PR and ontata/notes_app/output/Batch - 3 Final - P & R Notes/16c12c41b1c4 - b2 - 3/notes/1123_en_US_notes_people relationships___PART033_24.txt,/home/kamleshpatil/Desktop/Notes - PR and ontata/notes_app/output/Batch - 3 Final - P & R Notes/16c12c41b1c4 - b2 - 3/screenshots/1123 been putting off pickups from hospital b.jpg
16c12c41b1c4 - b2 - 3_1124,update on cuz,3,renamed,/home/kamleshpatil/Desktop/Notes - PR and ontata/notes_app/output/Batch - 3 Final - P & R Notes/16c12c41b1c4 - b2 - 3/notes/1124_en_US_notes_people relationships___PART033_25.txt,/home/kamleshpatil/Desktop/Notes - PR and ontata/notes_app/output/Batch - 3 Final - P & R Notes/16c12c41b1c4 - b2 - 3/screenshots/1124 update on cuz lydia she got a sweet new .jpg
16c12c41b1c4 - b2 - 3_1125,ask dentist,2,renamed,/home/kamleshpatil/Desktop/Notes - PR and ontata/notes_app/output/Batch - 3 Final - P & R Notes/16c12c41b1c4 - b2 - 3/notes/1125_en_US_notes_people relationships___PART033_26.txt,/home/kamleshpatil/Desktop/Notes - PR and ontata/notes_app/output/Batch - 3 Final - P & R Notes/16c12c41b1c4 - b2 - 3/screenshots/1125 ask dentist annabelle about massive cost.jpg
16c12c41b1c4 - b2 - 3_1126,texted personal trainer abt issues with,2,renamed,/home/kamleshpatil/Desktop/Notes - PR and ontata/notes_app/output/Batch - 3 Final - P & R Notes/16c12c41b1c4 - b2 - 3/notes/1126_en_US_notes_people relationships___PART033_27.txt,/home/kamleshpatil/Desktop/Notes - PR and ontata/notes_app/output/Batch - 3 Final - P & R Notes/16c12c41b1c4 - b2 - 3/screenshots/1126 told personal trainer abt issues with do.jpg
16c12c41b1c4 - b2 - 3_1127,wondering if annabelle,3,renamed,/home/kamleshpatil/Desktop/Notes - PR and ontata/notes_app/output/Batch - 3 Final - P & R Notes/16c12c41b1c4 - b2 - 3/notes/1127_en_US_notes_people relationships___PART033_28.txt,/home/kamleshpatil/Desktop/Notes - PR and ontata/notes_app/output/Batch - 3 Final - P & R Notes/16c12c41b1c4 - b2 - 3/screenshots/1127 wondering if annabelle forgot locker com.jpg
16c12c41b1c4 - b2 - 3_1128,ask my neighbor,3,renamed,/home/kamleshpatil/Desktop/Notes - PR and ontata/notes_app/output/Batch - 3 Final - P & R Notes/16c12c41b1c4 - b2 - 3/notes/1128_en_US_notes_people relationships___PART033_29.txt,/home/kamleshpatil/Desktop/Notes - PR and ontata/notes_app/output/Batch - 3 Final - P & R Notes/16c12c41b1c4 - b2 - 3/screenshots/1128 ask my neighbor about baby shower.jpg
16c12c41b1c4 - b2 - 3_1129,thinking abt feelipe,3,renamed,/home/kamleshpatil/Desktop/Notes - PR and ontata/notes_app/output/Batch - 3 Final - P & R Notes/16c12c41b1c4 - b2 - 3/notes/1129_en_US_notes_people relationships___PART033_30.txt,/home/kamleshpatil/Desktop/Notes - PR and ontata/notes_app/output/Batch - 3 Final - P & R Notes/16c12c41b1c4 - b2 - 3/screenshots/1129 thinking abt feelipe.jpg
16c12c41b1c4 - b2 - 3_1130,tiana my,2,renamed,/home/kamleshpatil/Desktop/Notes - PR and ontata/notes_app/output/Batch - 3 Final - P & R Notes/16c12c41b1c4 - b2 - 3/notes/1130_en_US_notes_people relationships___PART033_31.txt,/home/kamleshpatil/Desktop/Notes - PR and ontata/notes_app/output/Batch - 3 Final - P & R Notes/16c12c41b1c4 - b2 - 3/screenshots/1130 tiana my best friend said.jpg
16c12c41b1c4 - b2 - 3_1131,anyway Piper my dental hygienist is runn,2,renamed,/home/kamleshpatil/Desktop/Notes - PR and ontata/notes_app/output/Batch - 3 Final - P & R Notes/16c12c41b1c4 - b2 - 3/notes/1131_en_US_notes_people relationships___PART033_32.txt,/home/kamleshpatil/Desktop/Notes - PR and ontata/notes_app/output/Batch - 3 Final - P & R Notes/16c12c41b1c4 - b2 - 3/screenshots/1131 so Piper my dental hygienist is running .jpg
16c12c41b1c4 - b2 - 3_1132,keep meaning to plan something for,4,renamed,/home/kamleshpatil/Desktop/Notes - PR and ontata/notes_app/output/Batch - 3 Final - P & R Notes/16c12c41b1c4 - b2 - 3/notes/1132_en_US_notes_people relationships___PART033_33.txt,/home/kamleshpatil/Desktop/Notes - PR and ontata/notes_app/output/Batch - 3 Final - P & R Notes/16c12c41b1c4 - b2 - 3/screenshots/1132 been meaning to plan something for.jpg
16c12c41b1c4 - b2 - 3_1133,messaged my girl bff emily,3,renamed,/home/kamleshpatil/Desktop/Notes - PR and ontata/notes_app/output/Batch - 3 Final - P & R Notes/16c12c41b1c4 - b2 - 3/notes/1133_en_US_notes_people relationships___PART033_34.txt,/home/kamleshpatil/Desktop/Notes - PR and ontata/notes_app/output/Batch - 3 Final - P & R Notes/16c12c41b1c4 - b2 - 3/screenshots/1133 told my girl bff emily.jpg
16c12c41b1c4 - b2 - 3_1134,supposed to call esmeralda my aunt figue,3,renamed,/home/kamleshpatil/Desktop/Notes - PR and ontata/notes_app/output/Batch - 3 Final - P & R Notes/16c12c41b1c4 - b2 - 3/notes/1134_en_US_notes_people relationships___PART033_35.txt,/home/kamleshpatil/Desktop/Notes - PR and ontata/notes_app/output/Batch - 3 Final - P & R Notes/16c12c41b1c4 - b2 - 3/screenshots/1134 gotta call esmeralda my aunt figue rn ab.jpg
16c12c41b1c4 - b2 - 3_1135,heads up abt spectrum,4,renamed,/home/kamleshpatil/Desktop/Notes - PR and ontata/notes_app/output/Batch - 3 Final - P & R Notes/16c12c41b1c4 - b2 - 3/notes/1135_en_US_notes_people relationships___PART033_36.txt,/home/kamleshpatil/Desktop/Notes - PR and ontata/notes_app/output/Batch - 3 Final - P & R Notes/16c12c41b1c4 - b2 - 3/screenshots/1135 heads up abt spectrum bill dispute ask.jpg
16c12c41b1c4 - b2 - 3_1136,set up tome w my nephew to decide on pai,2,renamed,/home/kamleshpatil/Desktop/Notes - PR and ontata/notes_app/output/Batch - 3 Final - P & R Notes/16c12c41b1c4 - b2 - 3/notes/1136_en_US_notes_people relationships___PART033_37.txt,/home/kamleshpatil/Desktop/Notes - PR and ontata/notes_app/output/Batch - 3 Final - P & R Notes/16c12c41b1c4 - b2 - 3/screenshots/1136 schedule tome w my nephew to decide on p.jpg
16c12c41b1c4 - b2 - 3_1137,should probably send,3,renamed,/home/kamleshpatil/Desktop/Notes - PR and ontata/notes_app/output/Batch - 3 Final - P & R Notes/16c12c41b1c4 - b2 - 3/notes/1137_en_US_notes_people relationships___PART033_38.txt,/home/kamleshpatil/Desktop/Notes - PR and ontata/notes_app/output/Batch - 3 Final - P & R Notes/16c12c41b1c4 - b2 - 3/screenshots/1137 should probably send ticket info to.jpg
16c12c41b1c4 - b2 - 3_1138,ok so ontx,3,renamed,/home/kamleshpatil/Desktop/Notes - PR and ontata/notes_app/output/Batch - 3 Final - P & R Notes/16c12c41b1c4 - b2 - 3/notes/1138_en_US_notes_people relationships___PART033_39.txt,/home/kamleshpatil/Desktop/Notes - PR and ontata/notes_app/output/Batch - 3 Final - P & R Notes/16c12c41b1c4 - b2 - 3/screenshots/1138 ok so ontx my buddy said check.jpg
16c12c41b1c4 - b2 - 3_1139,schedule time w my bro,5,renamed,/home/kamleshpatil/Desktop/Notes - PR and ontata/notes_app/output/Batch - 3 Final - P & R Notes/16c12c41b1c4 - b2 - 3/notes/1139_en_US_notes_people relationships___PART033_40.txt,/home/kamleshpatil/Desktop/Notes - PR and ontata/notes_app/output/Batch - 3 Final - P & R Notes/16c12c41b1c4 - b2 - 3/screenshots/1139 schedule time w my bro jameson to grab c.jpg
16c12c41b1c4 - b2 - 3_1140,ask my dental,3,renamed,/home/kamleshpatil/Desktop/Notes - PR and ontata/notes_app/output/Batch - 3 Final - P & R Notes/16c12c41b1c4 - b2 - 3/notes/1140_en_US_notes_people relationships___PART034_41.txt,/home/kamleshpatil/Desktop/Notes - PR and ontata/notes_app/output/Batch - 3 Final - P & R Notes/16c12c41b1c4 - b2 - 3/screenshots/1140 ask my dental hygieniist isabelle.jpg
16c12c41b1c4 - b2 - 3_1141,honestly putting off telling andre but,4,renamed,/home/kamleshpatil/Desktop/Notes - PR and ontata/notes_app/output/Batch - 3 Final - P & R Notes/16c12c41b1c4 - b2 - 3/notes/1141_en_US_notes_people relationships___PART034_42.txt,/home/kamleshpatil/Desktop/Notes - PR and ontata/notes_app/output/Batch - 3 Final - P & R Notes/16c12c41b1c4 - b2 - 3/screenshots/1141 been putting off telling andre but.jpg
16c12c41b1c4 - b2 - 3_1142,caroline my,2,renamed,/home/kamleshpatil/Desktop/Notes - PR and ontata/notes_app/output/Batch - 3 Final - P & R Notes/16c12c41b1c4 - b2 - 3/notes/1142_en_US_notes_people relationships___PART034_43.txt,/home/kamleshpatil/Desktop/Notes - PR and ontata/notes_app/output/Batch - 3 Final - P & R Notes/16c12c41b1c4 - b2 - 3/screenshots/1142 caroline my dog park friend said vet app.jpg
16c12c41b1c4 - b2 - 3_1143,lowkey worried,2,renamed,/home/kamleshpatil/Desktop/Notes - PR and ontata/notes_app/output/Batch - 3 Final - P & R Notes/16c12c41b1c4 - b2 - 3/notes/1143_en_US_notes_people relationships___PART034_44.txt,/home/kamleshpatil/Desktop/Notes - PR and ontata/notes_app/output/Batch - 3 Final - P & R Notes/16c12c41b1c4 - b2 - 3/screenshots/1143 lowkey worried abt utility bill due tmrw.jpg
16c12c41b1c4 - b2 - 3_1144,told jasper,2,renamed,/home/kamleshpatil/Desktop/Notes - PR and ontata/notes_app/output/Batch - 3 Final - P & R Notes/16c12c41b1c4 - b2 - 3/notes/1144_en_US_notes_people relationships___PART034_45.txt,/home/kamleshpatil/Desktop/Notes - PR and ontata/notes_app/output/Batch - 3 Final - P & R Notes/16c12c41b1c4 - b2 - 3/screenshots/1144 told jasper someethin.jpg
16c12c41b1c4 - b2 - 3_1145,debating if saniyah has the game schedul,3,renamed,/home/kamleshpatil/Desktop/Notes - PR and ontata/notes_app/output/Batch - 3 Final - P & R Notes/16c12c41b1c4 - b2 - 3/notes/1145_en_US_notes_people relationships___PART034_46.txt,/home/kamleshpatil/Desktop/Notes - PR and ontata/notes_app/output/Batch - 3 Final - P & R Notes/16c12c41b1c4 - b2 - 3/screenshots/1145 wondering if saniyah has the game schedu.jpg
16c12c41b1c4 - b2 - 3_1146,stressin about,2,renamed,/home/kamleshpatil/Desktop/Notes - PR and ontata/notes_app/output/Batch - 3 Final - P & R Notes/16c12c41b1c4 - b2 - 3/notes/1146_en_US_notes_people relationships___PART034_47.txt,/home/kamleshpatil/Desktop/Notes - PR and ontata/notes_app/output/Batch - 3 Final - P & R Notes/16c12c41b1c4 - b2 - 3/screenshots/1146 stressin about dmv appt tmrw.jpg
16c12c41b1c4 - b2 - 3_1147,got news feom,3,renamed,/home/kamleshpatil/Desktop/Notes - PR and ontata/notes_app/output/Batch - 3 Final - P & R Notes/16c12c41b1c4 - b2 - 3/notes/1147_en_US_notes_people relationships___PART034_48.txt,/home/kamleshpatil/Desktop/Notes - PR and ontata/notes_app/output/Batch - 3 Final - P & R Notes/16c12c41b1c4 - b2 - 3/screenshots/1147 got news feom my old group chat friend.jpg
16c12c41b1c4 - b2 - 3_1148,finally talked to caleb,4,renamed,/home/kamleshpatil/Desktop/Notes - PR and ontata/notes_app/output/Batch - 3 Final - P & R Notes/16c12c41b1c4 - b2 - 3/notes/1148_en_US_notes_people relationships___PART034_49.txt,/home/kamleshpatil/Desktop/Notes - PR and ontata/notes_app/output/Batch - 3 Final - P & R Notes/16c12c41b1c4 - b2 - 3/screenshots/1148 finally talked to caleb my intern about .jpg
227217cb0413 B2 - 3_1100,update on landscaper,3,renamed,/home/kamleshpatil/Desktop/Notes - PR and ontata/notes_app/output/Batch - 3 Final - P & R Notes/227217cb0413 B2 - 3/notes/1100_en_US_notes_people relationships___PART032_1.txt,/home/kamleshpatil/Desktop/Notes - PR and ontata/notes_app/output/Batch - 3 Final - P & R Notes/227217cb0413 B2 - 3/screenshots/1100 update on landscaper onyx didnt show up .jpg
227217cb0413 B2 - 3_1101,shouldnt forget to pause netflix subscri,3,renamed,/home/kamleshpatil/Desktop/Notes - PR and ontata/notes_app/output/Batch - 3 Final - P & R Notes/227217cb0413 B2 - 3/notes/1101_en_US_notes_people relationships___PART032_2.txt,/home/kamleshpatil/Desktop/Notes - PR and ontata/notes_app/output/Batch - 3 Final - P & R Notes/227217cb0413 B2 - 3/screenshots/1101 dont forget to pause netflix subscriptio.jpg
227217cb0413 B2 - 3_1102,debating abt runing to Wilmington vinyl,3,renamed,/home/kamleshpatil/Desktop/Notes - PR and ontata/notes_app/output/Batch - 3 Final - P & R Notes/227217cb0413 B2 - 3/notes/1102_en_US_notes_people relationships___PART032_3.txt,/home/kamleshpatil/Desktop/Notes - PR and ontata/notes_app/output/Batch - 3 Final - P & R Notes/227217cb0413 B2 - 3/screenshots/1102 thinking abt runing to Wilmington vinyl .jpg
227217cb0413 B2 - 3_1103,nearly forgot to tell 1,6,renamed,/home/kamleshpatil/Desktop/Notes - PR and ontata/notes_app/output/Batch - 3 Final - P & R Notes/227217cb0413 B2 - 3/notes/1103_en_US_notes_people relationships___PART032_4.txt,/home/kamleshpatil/Desktop/Notes - PR and ontata/notes_app/output/Batch - 3 Final - P & R Notes/227217cb0413 B2 - 3/screenshots/1103 almost forgot to tell.jpg
227217cb0413 B2 - 3_1104,have to reminnd my sister-in-law bodhi a,3,renamed,/home/kamleshpatil/Desktop/Notes - PR and ontata/notes_app/output/Batch - 3 Final - P & R Notes/227217cb0413 B2 - 3/notes/1104_en_US_notes_people relationships___PART032_5.txt,/home/kamleshpatil/Desktop/Notes - PR and ontata/notes_app/output/Batch - 3 Final - P & R Notes/227217cb0413 B2 - 3/screenshots/1104 need to reminnd my sister-in-law bodhi a.jpg
227217cb0413 B2 - 3_1105,tbh so tatum my realtor didnt trll me,3,renamed,/home/kamleshpatil/Desktop/Notes - PR and ontata/notes_app/output/Batch - 3 Final - P & R Notes/227217cb0413 B2 - 3/notes/1105_en_US_notes_people relationships___PART032_6.txt,/home/kamleshpatil/Desktop/Notes - PR and ontata/notes_app/output/Batch - 3 Final - P & R Notes/227217cb0413 B2 - 3/screenshots/1105 ok so tatum my realtor didnt trll me.jpg
227217cb0413 B2 - 3_1106,maybe ask my recruiter,4,renamed,/home/kamleshpatil/Desktop/Notes - PR and ontata/notes_app/output/Batch - 3 Final - P & R Notes/227217cb0413 B2 - 3/notes/1106_en_US_notes_people relationships___PART032_7.txt,/home/kamleshpatil/Desktop/Notes - PR and ontata/notes_app/output/Batch - 3 Final - P & R Notes/227217cb0413 B2 - 3/screenshots/1106 maybe ask my recruiter royal about backp.jpg
227217cb0413 B2 - 3_1107,saw francisco,2,renamed,/home/kamleshpatil/Desktop/Notes - PR and ontata/notes_app/output/Batch - 3 Final - P & R Notes/227217cb0413 B2 - 3/notes/1107_en_US_notes_people relationships___PART032_8.txt,/home/kamleshpatil/Desktop/Notes - PR and ontata/notes_app/output/Batch - 3 Final - P & R Notes/227217cb0413 B2 - 3/screenshots/1107 saw francisco today and.jpg
227217cb0413 B2 - 3_1108,fyi realied i gotta be there for piper,2,renamed,/home/kamleshpatil/Desktop/Notes - PR and ontata/notes_app/output/Batch - 3 Final - P & R Notes/227217cb0413 B2 - 3/notes/1108_en_US_notes_people relationships___PART032_9.txt,/home/kamleshpatil/Desktop/Notes - PR and ontata/notes_app/output/Batch - 3 Final - P & R Notes/227217cb0413 B2 - 3/screenshots/1108 just realied i gotta be there for piper.jpg
227217cb0413 B2 - 3_1109,trying to plan bday party for kids rn,3,renamed,/home/kamleshpatil/Desktop/Notes - PR and ontata/notes_app/output/Batch - 3 Final - P & R Notes/227217cb0413 B2 - 3/notes/1109_en_US_notes_people relationships___PART032_10.txt,/home/kamleshpatil/Desktop/Notes - PR and ontata/notes_app/output/Batch - 3 Final - P & R Notes/227217cb0413 B2 - 3/screenshots/1109 need to plan bday party for kids rn.jpg
227217cb0413 B2 - 3_1110,debating abt lyra my granny wanna make,3,renamed,/home/kamleshpatil/Desktop/Notes - PR and ontata/notes_app/output/Batch - 3 Final - P & R Notes/227217cb0413 B2 - 3/notes/1110_en_US_notes_people relationships___PART032_11.txt,/home/kamleshpatil/Desktop/Notes - PR and ontata/notes_app/output/Batch - 3 Final - P & R Notes/227217cb0413 B2 - 3/screenshots/1110 thinking abt lyra my granny wanna make.jpg
227217cb0413 B2 - 3_1111,actually heard from ximena,5,renamed,/home/kamleshpatil/Desktop/Notes - PR and ontata/notes_app/output/Batch - 3 Final - P & R Notes/227217cb0413 B2 - 3/notes/1111_en_US_notes_people relationships___PART032_12.txt,/home/kamleshpatil/Desktop/Notes - PR and ontata/notes_app/output/Batch - 3 Final - P & R Notes/227217cb0413 B2 - 3/screenshots/1111 just heard from ximena.jpg
227217cb0413 B2 - 3_1112,bout to call Paloma about lockeer combo,3,renamed,/home/kamleshpatil/Desktop/Notes - PR and ontata/notes_app/output/Batch - 3 Final - P & R Notes/227217cb0413 B2 - 3/notes/1112_en_US_notes_people relationships___PART032_13.txt,/home/kamleshpatil/Desktop/Notes - PR and ontata/notes_app/output/Batch - 3 Final - P & R Notes/227217cb0413 B2 - 3/screenshots/1112 gotta call Paloma about lockeer combo id.jpg
227217cb0413 B2 - 3_1113,cant stop thinking abt journee,5,renamed,/home/kamleshpatil/Desktop/Notes - PR and ontata/notes_app/output/Batch - 3 Final - P & R Notes/227217cb0413 B2 - 3/notes/1113_en_US_notes_people relationships___PART032_14.txt,/home/kamleshpatil/Desktop/Notes - PR and ontata/notes_app/output/Batch - 3 Final - P & R Notes/227217cb0413 B2 - 3/screenshots/1113 cant stop thinking abt journee and her n.jpg
227217cb0413 B2 - 3_1114,got news from kaia,4,renamed,/home/kamleshpatil/Desktop/Notes - PR and ontata/notes_app/output/Batch - 3 Final - P & R Notes/227217cb0413 B2 - 3/notes/1114_en_US_notes_people relationships___PART032_15.txt,/home/kamleshpatil/Desktop/Notes - PR and ontata/notes_app/output/Batch - 3 Final - P & R Notes/227217cb0413 B2 - 3/screenshots/1114 got news from kaia.jpg
227217cb0413 B2 - 3_1115,hoping to get oil changed tnrw bc,4,renamed,/home/kamleshpatil/Desktop/Notes - PR and ontata/notes_app/output/Batch - 3 Final - P & R Notes/227217cb0413 B2 - 3/notes/1115_en_US_notes_people relationships___PART032_16.txt,/home/kamleshpatil/Desktop/Notes - PR and ontata/notes_app/output/Batch - 3 Final - P & R Notes/227217cb0413 B2 - 3/screenshots/1115 need to get oil changed tnrw bc.jpg
227217cb0413 B2 - 3_1116,meant to call phoenix,3,renamed,/home/kamleshpatil/Desktop/Notes - PR and ontata/notes_app/output/Batch - 3 Final - P & R Notes/227217cb0413 B2 - 3/notes/1116_en_US_notes_people relationships___PART032_17.txt,/home/kamleshpatil/Desktop/Notes - PR and ontata/notes_app/output/Batch - 3 Final - P & R Notes/227217cb0413 B2 - 3/screenshots/1116 gotta call phoenix.jpg
227217cb0413 B2 - 3_1117,told babe,2,renamed,/home/kamleshpatil/Desktop/Notes - PR and ontata/notes_app/output/Batch - 3 Final - P & R Notes/227217cb0413 B2 - 3/notes/1117_en_US_notes_people relationships___PART032_18.txt,/home/kamleshpatil/Desktop/Notes - PR and ontata/notes_app/output/Batch - 3 Final - P & R Notes/227217cb0413 B2 - 3/screenshots/1117 told babe abt the tension at work and.jpg
227217cb0413 B2 - 3_1118,planning to bring up pluumbing issue wut,4,renamed,/home/kamleshpatil/Desktop/Notes - PR and ontata/notes_app/output/Batch - 3 Final - P & R Notes/227217cb0413 B2 - 3/notes/1118_en_US_notes_people relationships___PART032_19.txt,/home/kamleshpatil/Desktop/Notes - PR and ontata/notes_app/output/Batch - 3 Final - P & R Notes/227217cb0413 B2 - 3/screenshots/1118 gonna bring up pluumbing issue wuth my b.jpg
227217cb0413 B2 - 3_1119,told eli,2,renamed,/home/kamleshpatil/Desktop/Notes - PR and ontata/notes_app/output/Batch - 3 Final - P & R Notes/227217cb0413 B2 - 3/notes/1119_en_US_notes_people relationships___PART032_20.txt,/home/kamleshpatil/Desktop/Notes - PR and ontata/notes_app/output/Batch - 3 Final - P & R Notes/227217cb0413 B2 - 3/screenshots/1119 told eli dont wanna fght.jpg
227217cb0413 B2 - 3_1120,fyi heard from my pilates friebd alondra,5,renamed,/home/kamleshpatil/Desktop/Notes - PR and ontata/notes_app/output/Batch - 3 Final - P & R Notes/227217cb0413 B2 - 3/notes/1120_en_US_notes_people relationships___PART033_21.txt,/home/kamleshpatil/Desktop/Notes - PR and ontata/notes_app/output/Batch - 3 Final - P & R Notes/227217cb0413 B2 - 3/screenshots/1120 just heard from my pilates friebd alondr.jpg
227217cb0413 B2 - 3_1121,wondering abt lydias new phone,3,renamed,/home/kamleshpatil/Desktop/Notes - PR and ontata/notes_app/output/Batch - 3 Final - P & R Notes/227217cb0413 B2 - 3/notes/1121_en_US_notes_people relationships___PART033_22.txt,/home/kamleshpatil/Desktop/Notes - PR and ontata/notes_app/output/Batch - 3 Final - P & R Notes/227217cb0413 B2 - 3/screenshots/1121 thinking abt lydias new phone.jpg
227217cb0413 B2 - 3_1122,gonna bring up netfllix,4,renamed,/home/kamleshpatil/Desktop/Notes - PR and ontata/notes_app/output/Batch - 3 Final - P & R Notes/227217cb0413 B2 - 3/notes/1122_en_US_notes_people relationships___PART033_23.txt,/home/kamleshpatil/Desktop/Notes - PR and ontata/notes_app/output/Batch - 3 Final - P & R Notes/227217cb0413 B2 - 3/screenshots/1122 gonna bring up netfllix login with.jpg
227217cb0413 B2 - 3_1123,messaged my bestie abt staff shortage at,3,renamed,/home/kamleshpatil/Desktop/Notes - PR and ontata/notes_app/output/Batch - 3 Final - P & R Notes/227217cb0413 B2 - 3/notes/1123_en_US_notes_people relationships___PART033_24.txt,/home/kamleshpatil/Desktop/Notes - PR and ontata/notes_app/output/Batch - 3 Final - P & R Notes/227217cb0413 B2 - 3/screenshots/1123 told my bestie abt staff shortage attics.jpg
227217cb0413 B2 - 3_1124,tryna call sophia about parking pass for,3,renamed,/home/kamleshpatil/Desktop/Notes - PR and ontata/notes_app/output/Batch - 3 Final - P & R Notes/227217cb0413 B2 - 3/notes/1124_en_US_notes_people relationships___PART033_25.txt,/home/kamleshpatil/Desktop/Notes - PR and ontata/notes_app/output/Batch - 3 Final - P & R Notes/227217cb0413 B2 - 3/screenshots/1124 gotta call sophia about parking pass for.jpg
227217cb0413 B2 - 3_1125,dont forget abt food,4,renamed,/home/kamleshpatil/Desktop/Notes - PR and ontata/notes_app/output/Batch - 3 Final - P & R Notes/227217cb0413 B2 - 3/notes/1125_en_US_notes_people relationships___PART033_26.txt,/home/kamleshpatil/Desktop/Notes - PR and ontata/notes_app/output/Batch - 3 Final - P & R Notes/227217cb0413 B2 - 3/screenshots/1125 dont forget abt food truck tmrw.jpg
227217cb0413 B2 - 3_1126,lowkey worrried abt my internet bill,5,renamed,/home/kamleshpatil/Desktop/Notes - PR and ontata/notes_app/output/Batch - 3 Final - P & R Notes/227217cb0413 B2 - 3/notes/1126_en_US_notes_people relationships___PART033_27.txt,/home/kamleshpatil/Desktop/Notes - PR and ontata/notes_app/output/Batch - 3 Final - P & R Notes/227217cb0413 B2 - 3/screenshots/1126 low key worrried abt my internet bill.jpg
227217cb0413 B2 - 3_1128,gonna bring up expensse,4,renamed,/home/kamleshpatil/Desktop/Notes - PR and ontata/notes_app/output/Batch - 3 Final - P & R Notes/227217cb0413 B2 - 3/notes/1128_en_US_notes_people relationships___PART033_29.txt,/home/kamleshpatil/Desktop/Notes - PR and ontata/notes_app/output/Batch - 3 Final - P & R Notes/227217cb0413 B2 - 3/screenshots/1128 gonna bring up expensse log with my real.jpg
227217cb0413 B2 - 3_1129,saw my work,3,renamed,/home/kamleshpatil/Desktop/Notes - PR and ontata/notes_app/output/Batch - 3 Final - P & R Notes/227217cb0413 B2 - 3/notes/1129_en_US_notes_people relationships___PART033_30.txt,/home/kamleshpatil/Desktop/Notes - PR and ontata/notes_app/output/Batch - 3 Final - P & R Notes/227217cb0413 B2 - 3/screenshots/1129 saw my work wiife robert today.jpg
227217cb0413 B2 - 3_1130,ask hoousemate,2,renamed,/home/kamleshpatil/Desktop/Notes - PR and ontata/notes_app/output/Batch - 3 Final - P & R Notes/227217cb0413 B2 - 3/notes/1130_en_US_notes_people relationships___PART033_31.txt,/home/kamleshpatil/Desktop/Notes - PR and ontata/notes_app/output/Batch - 3 Final - P & R Notes/227217cb0413 B2 - 3/screenshots/1130 ask hoousemate about dental appt tmrw.jpg
227217cb0413 B2 - 3_1131,so father didnt,3,renamed,/home/kamleshpatil/Desktop/Notes - PR and ontata/notes_app/output/Batch - 3 Final - P & R Notes/227217cb0413 B2 - 3/notes/1131_en_US_notes_people relationships___PART033_32.txt,/home/kamleshpatil/Desktop/Notes - PR and ontata/notes_app/output/Batch - 3 Final - P & R Notes/227217cb0413 B2 - 3/screenshots/1131 so father didnt send booking.jpg
227217cb0413 B2 - 3_1132,still putting off puppy training,4,renamed,/home/kamleshpatil/Desktop/Notes - PR and ontata/notes_app/output/Batch - 3 Final - P & R Notes/227217cb0413 B2 - 3/notes/1132_en_US_notes_people relationships___PART033_33.txt,/home/kamleshpatil/Desktop/Notes - PR and ontata/notes_app/output/Batch - 3 Final - P & R Notes/227217cb0413 B2 - 3/screenshots/1132 been putting off puppy training.jpg
227217cb0413 B2 - 3_1133,got news from ezekiel,4,renamed,/home/kamleshpatil/Desktop/Notes - PR and ontata/notes_app/output/Batch - 3 Final - P & R Notes/227217cb0413 B2 - 3/notes/1133_en_US_notes_people relationships___PART033_34.txt,/home/kamleshpatil/Desktop/Notes - PR and ontata/notes_app/output/Batch - 3 Final - P & R Notes/227217cb0413 B2 - 3/screenshots/1133 got news from ezekiel.jpg
227217cb0413 B2 - 3_1134,anyway talked to victoria,4,renamed,/home/kamleshpatil/Desktop/Notes - PR and ontata/notes_app/output/Batch - 3 Final - P & R Notes/227217cb0413 B2 - 3/notes/1134_en_US_notes_people relationships___PART033_35.txt,/home/kamleshpatil/Desktop/Notes - PR and ontata/notes_app/output/Batch - 3 Final - P & R Notes/227217cb0413 B2 - 3/screenshots/1134 finally talked to victoria.jpg
227217cb0413 B2 - 3_1135,spotted sster today dodnt like,2,renamed,/home/kamleshpatil/Desktop/Notes - PR and ontata/notes_app/output/Batch - 3 Final - P & R Notes/227217cb0413 B2 - 3/notes/1135_en_US_notes_people relationships___PART033_36.txt,/home/kamleshpatil/Desktop/Notes - PR and ontata/notes_app/output/Batch - 3 Final - P & R Notes/227217cb0413 B2 - 3/screenshots/1135 saw sster today dodnt like.jpg
227217cb0413 B2 - 3_1136,almost forgot to ask,4,renamed,/home/kamleshpatil/Desktop/Notes - PR and ontata/notes_app/output/Batch - 3 Final - P & R Notes/227217cb0413 B2 - 3/notes/1136_en_US_notes_people relationships___PART033_37.txt,/home/kamleshpatil/Desktop/Notes - PR and ontata/notes_app/output/Batch - 3 Final - P & R Notes/227217cb0413 B2 - 3/screenshots/1136 almost forgot to ask.jpg
227217cb0413 B2 - 3_1137,ok so carolina,3,renamed,/home/kamleshpatil/Desktop/Notes - PR and ontata/notes_app/output/Batch - 3 Final - P & R Notes/227217cb0413 B2 - 3/notes/1137_en_US_notes_people relationships___PART033_38.txt,/home/kamleshpatil/Desktop/Notes - PR and ontata/notes_app/output/Batch - 3 Final - P & R Notes/227217cb0413 B2 - 3/screenshots/1137 ok so carolina avail tmrw.jpg
227217cb0413 B2 - 3_1138,latest with my shrink,4,renamed,/home/kamleshpatil/Desktop/Notes - PR and ontata/notes_app/output/Batch - 3 Final - P & R Notes/227217cb0413 B2 - 3/notes/1138_en_US_notes_people relationships___PART033_39.txt,/home/kamleshpatil/Desktop/Notes - PR and ontata/notes_app/output/Batch - 3 Final - P & R Notes/227217cb0413 B2 - 3/screenshots/1138 latest with my shrink dmian.jpg
227217cb0413 B2 - 3_1139,ask my brunch,3,renamed,/home/kamleshpatil/Desktop/Notes - PR and ontata/notes_app/output/Batch - 3 Final - P & R Notes/227217cb0413 B2 - 3/notes/1139_en_US_notes_people relationships___PART033_40.txt,/home/kamleshpatil/Desktop/Notes - PR and ontata/notes_app/output/Batch - 3 Final - P & R Notes/227217cb0413 B2 - 3/screenshots/1139 ask my brunch girl mateo about amazon or.jpg
227217cb0413 B2 - 3_1140,schedule time w amarra,4,renamed,/home/kamleshpatil/Desktop/Notes - PR and ontata/notes_app/output/Batch - 3 Final - P & R Notes/227217cb0413 B2 - 3/notes/1140_en_US_notes_people relationships___PART034_41.txt,/home/kamleshpatil/Desktop/Notes - PR and ontata/notes_app/output/Batch - 3 Final - P & R Notes/227217cb0413 B2 - 3/screenshots/1140 schedule time w amarra my nana.jpg
227217cb0413 B2 - 3_1141,ask my uncle,3,renamed,/home/kamleshpatil/Desktop/Notes - PR and ontata/notes_app/output/Batch - 3 Final - P & R Notes/227217cb0413 B2 - 3/notes/1141_en_US_notes_people relationships___PART034_42.txt,/home/kamleshpatil/Desktop/Notes - PR and ontata/notes_app/output/Batch - 3 Final - P & R Notes/227217cb0413 B2 - 3/screenshots/1141 ask my uncle lamar bout those 3 compartm.jpg
227217cb0413 B2 - 3_1142,ok so mauro,3,renamed,/home/kamleshpatil/Desktop/Notes - PR and ontata/notes_app/output/Batch - 3 Final - P & R Notes/227217cb0413 B2 - 3/notes/1142_en_US_notes_people relationships___PART034_43.txt,/home/kamleshpatil/Desktop/Notes - PR and ontata/notes_app/output/Batch - 3 Final - P & R Notes/227217cb0413 B2 - 3/screenshots/1142 ok so mauro my housemate helped me updat.jpg
227217cb0413 B2 - 3_1143,anyway small group leader mateo said rev,2,renamed,/home/kamleshpatil/Desktop/Notes - PR and ontata/notes_app/output/Batch - 3 Final - P & R Notes/227217cb0413 B2 - 3/notes/1143_en_US_notes_people relationships___PART034_44.txt,/home/kamleshpatil/Desktop/Notes - PR and ontata/notes_app/output/Batch - 3 Final - P & R Notes/227217cb0413 B2 - 3/screenshots/1143 so small group leader mateo said review .jpg
227217cb0413 B2 - 3_1145,planning to forgot to tell nalani to boo,5,renamed,/home/kamleshpatil/Desktop/Notes - PR and ontata/notes_app/output/Batch - 3 Final - P & R Notes/227217cb0413 B2 - 3/notes/1145_en_US_notes_people relationships___PART034_46.txt,/home/kamleshpatil/Desktop/Notes - PR and ontata/notes_app/output/Batch - 3 Final - P & R Notes/227217cb0413 B2 - 3/screenshots/1145 almost forgot to tell nalani to book app.jpg
227217cb0413 B2 - 3_1146,kayden my,2,renamed,/home/kamleshpatil/Desktop/Notes - PR and ontata/notes_app/output/Batch - 3 Final - P & R Notes/227217cb0413 B2 - 3/notes/1146_en_US_notes_people relationships___PART034_47.txt,/home/kamleshpatil/Desktop/Notes - PR and ontata/notes_app/output/Batch - 3 Final - P & R Notes/227217cb0413 B2 - 3/screenshots/1146 kayden my trail friend sid.jpg
227217cb0413 B2 - 3_1148,finally talked to dontae,4,renamed,/home/kamleshpatil/Desktop/Notes - PR and ontata/notes_app/output/Batch - 3 Final - P & R Notes/227217cb0413 B2 - 3/notes/1148_en_US_notes_people relationships___PART034_49.txt,/home/kamleshpatil/Desktop/Notes - PR and ontata/notes_app/output/Batch - 3 Final - P & R Notes/227217cb0413 B2 - 3/screenshots/1148 finally talked to dontae my mother in la.jpg
227217cb0413 B2 - 3_1149,remind me to call amira,5,renamed,/home/kamleshpatil/Desktop/Notes - PR and ontata/notes_app/output/Batch - 3 Final - P & R Notes/227217cb0413 B2 - 3/notes/1149_en_US_notes_people relationships___PART034_50.txt,/home/kamleshpatil/Desktop/Notes - PR and ontata/notes_app/output/Batch - 3 Final - P & R Notes/227217cb0413 B2 - 3/screenshots/1149 remind me to call amira.jpg
227217cb0413 B2 - 3_1150,tomas and,2,renamed,/home/kamleshpatil/Desktop/Notes - PR and ontata/notes_app/output/Batch - 3 Final - P & R Notes/227217cb0413 B2 - 3/notes/1150_en_US_notes_people relationships___PART034_51.txt,/home/kamleshpatil/Desktop/Notes - PR and ontata/notes_app/output/Batch - 3 Final - P & R Notes/227217cb0413 B2 - 3/screenshots/1150 tomas and my business partner didnt fina.jpg
227217cb0413 B2 - 3_1151,remind me to call ari,5,renamed,/home/kamleshpatil/Desktop/Notes - PR and ontata/notes_app/output/Batch - 3 Final - P & R Notes/227217cb0413 B2 - 3/notes/1151_en_US_notes_people relationships___PART034_52.txt,/home/kamleshpatil/Desktop/Notes - PR and ontata/notes_app/output/Batch - 3 Final - P & R Notes/227217cb0413 B2 - 3/screenshots/1151 remind me to call ari abbout est time fo.jpg
227217cb0413 B2 - 3_1152,ngl worried abt our road,5,renamed,/home/kamleshpatil/Desktop/Notes - PR and ontata/notes_app/output/Batch - 3 Final - P & R Notes/227217cb0413 B2 - 3/notes/1152_en_US_notes_people relationships___PART034_53.txt,/home/kamleshpatil/Desktop/Notes - PR and ontata/notes_app/output/Batch - 3 Final - P & R Notes/227217cb0413 B2 - 3/screenshots/1152 low key worried abt our road.jpg
227217cb0413 B2 - 3_1153,low key worried abt credit,5,renamed,/home/kamleshpatil/Desktop/Notes - PR and ontata/notes_app/output/Batch - 3 Final - P & R Notes/227217cb0413 B2 - 3/notes/1153_en_US_notes_people relationships___PART034_54.txt,/home/kamleshpatil/Desktop/Notes - PR and ontata/notes_app/output/Batch - 3 Final - P & R Notes/227217cb0413 B2 - 3/screenshots/1153 low key worried abt credit caard debt rn.jpg
227217cb0413 B2 - 3_1154,messaged tomas my pet siter to get mobil,2,renamed,/home/kamleshpatil/Desktop/Notes - PR and ontata/notes_app/output/Batch - 3 Final - P & R Notes/227217cb0413 B2 - 3/notes/1154_en_US_notes_people relationships___PART034_55.txt,/home/kamleshpatil/Desktop/Notes - PR and ontata/notes_app/output/Batch - 3 Final - P & R Notes/227217cb0413 B2 - 3/screenshots/1154 told tomas my pet siter to get mobile gr.jpg
227217cb0413 B2 - 3_1155,told bro,2,renamed,/home/kamleshpatil/Desktop/Notes - PR and ontata/notes_app/output/Batch - 3 Final - P & R Notes/227217cb0413 B2 - 3/notes/1155_en_US_notes_people relationships___PART034_56.txt,/home/kamleshpatil/Desktop/Notes - PR and ontata/notes_app/output/Batch - 3 Final - P & R Notes/227217cb0413 B2 - 3/screenshots/1155 told bro abt my flighht tmrw.jpg
227217cb0413 B2 - 3_1157,diret report,2,renamed,/home/kamleshpatil/Desktop/Notes - PR and ontata/notes_app/output/Batch - 3 Final - P & R Notes/227217cb0413 B2 - 3/notes/1157_en_US_notes_people relationships___PART034_58.txt,/home/kamleshpatil/Desktop/Notes - PR and ontata/notes_app/output/Batch - 3 Final - P & R Notes/227217cb0413 B2 - 3/screenshots/1157 diret report aurora habing baby shower t.jpg
2e254cfed734_1100,fyi realized i still have jasons favprit,4,renamed,/home/kamleshpatil/Desktop/Notes - PR and ontata/notes_app/output/Batch - 3 Final - P & R Notes/2e254cfed734/notes/1100_en_US_notes_people relationships___PART032_1.txt,/home/kamleshpatil/Desktop/Notes - PR and ontata/notes_app/output/Batch - 3 Final - P & R Notes/2e254cfed734/screenshots/1100 just realized i still have jasons favpri.jpg
2e254cfed734_1101,texted sooledad aka my grandma,2,renamed,/home/kamleshpatil/Desktop/Notes - PR and ontata/notes_app/output/Batch - 3 Final - P & R Notes/2e254cfed734/notes/1101_en_US_notes_people relationships___PART032_2.txt,/home/kamleshpatil/Desktop/Notes - PR and ontata/notes_app/output/Batch - 3 Final - P & R Notes/2e254cfed734/screenshots/1101 told sooledad aka my grandma.jpg
2e254cfed734_1102,hoping to send spotify playlist link to,4,renamed,/home/kamleshpatil/Desktop/Notes - PR and ontata/notes_app/output/Batch - 3 Final - P & R Notes/2e254cfed734/notes/1102_en_US_notes_people relationships___PART032_3.txt,/home/kamleshpatil/Desktop/Notes - PR and ontata/notes_app/output/Batch - 3 Final - P & R Notes/2e254cfed734/screenshots/1102 need to send spotify playlist link to ai.jpg
2e254cfed734_1103,thinking abt call,3,renamed,/home/kamleshpatil/Desktop/Notes - PR and ontata/notes_app/output/Batch - 3 Final - P & R Notes/2e254cfed734/notes/1103_en_US_notes_people relationships___PART032_4.txt,/home/kamleshpatil/Desktop/Notes - PR and ontata/notes_app/output/Batch - 3 Final - P & R Notes/2e254cfed734/screenshots/1103 thinking abt call with my recruiter.jpg
2e254cfed734_1104,gotta call briar,3,renamed,/home/kamleshpatil/Desktop/Notes - PR and ontata/notes_app/output/Batch - 3 Final - P & R Notes/2e254cfed734/notes/1104_en_US_notes_people relationships___PART032_5.txt,/home/kamleshpatil/Desktop/Notes - PR and ontata/notes_app/output/Batch - 3 Final - P & R Notes/2e254cfed734/screenshots/1104 gotta call briar asap.jpg
2e254cfed734_1105,actually talked to nasir our cleaner abo,4,renamed,/home/kamleshpatil/Desktop/Notes - PR and ontata/notes_app/output/Batch - 3 Final - P & R Notes/2e254cfed734/notes/1105_en_US_notes_people relationships___PART032_6.txt,/home/kamleshpatil/Desktop/Notes - PR and ontata/notes_app/output/Batch - 3 Final - P & R Notes/2e254cfed734/screenshots/1105 finally talked to nasir our cleaner abou.jpg
2e254cfed734_1106,got my,2,renamed,/home/kamleshpatil/Desktop/Notes - PR and ontata/notes_app/output/Batch - 3 Final - P & R Notes/2e254cfed734/notes/1106_en_US_notes_people relationships___PART032_7.txt,/home/kamleshpatil/Desktop/Notes - PR and ontata/notes_app/output/Batch - 3 Final - P & R Notes/2e254cfed734/screenshots/1106 got my flight boarding pass rn ask.jpg
2e254cfed734_1107,basically sister didnt forget zoey bday,2,renamed,/home/kamleshpatil/Desktop/Notes - PR and ontata/notes_app/output/Batch - 3 Final - P & R Notes/2e254cfed734/notes/1107_en_US_notes_people relationships___PART032_8.txt,/home/kamleshpatil/Desktop/Notes - PR and ontata/notes_app/output/Batch - 3 Final - P & R Notes/2e254cfed734/screenshots/1107 so sister didnt forget zoey bday is tmrw.jpg
2e254cfed734_1108,asked my childhood friend tessa abt dmv,3,renamed,/home/kamleshpatil/Desktop/Notes - PR and ontata/notes_app/output/Batch - 3 Final - P & R Notes/2e254cfed734/notes/1108_en_US_notes_people relationships___PART032_9.txt,/home/kamleshpatil/Desktop/Notes - PR and ontata/notes_app/output/Batch - 3 Final - P & R Notes/2e254cfed734/screenshots/1108 told my childhood friend tessa abt dmv a.jpg
2e254cfed734_1109,gonna bring up couples,4,renamed,/home/kamleshpatil/Desktop/Notes - PR and ontata/notes_app/output/Batch - 3 Final - P & R Notes/2e254cfed734/notes/1109_en_US_notes_people relationships___PART032_10.txt,/home/kamleshpatil/Desktop/Notes - PR and ontata/notes_app/output/Batch - 3 Final - P & R Notes/2e254cfed734/screenshots/1109 gonna bring up couples activity plan wit.jpg
2e254cfed734_1110,ok so omari,3,renamed,/home/kamleshpatil/Desktop/Notes - PR and ontata/notes_app/output/Batch - 3 Final - P & R Notes/2e254cfed734/notes/1110_en_US_notes_people relationships___PART032_11.txt,/home/kamleshpatil/Desktop/Notes - PR and ontata/notes_app/output/Batch - 3 Final - P & R Notes/2e254cfed734/screenshots/1110 ok so omari my.jpg
2e254cfed734_1111,gotta call colton,3,renamed,/home/kamleshpatil/Desktop/Notes - PR and ontata/notes_app/output/Batch - 3 Final - P & R Notes/2e254cfed734/notes/1111_en_US_notes_people relationships___PART032_12.txt,/home/kamleshpatil/Desktop/Notes - PR and ontata/notes_app/output/Batch - 3 Final - P & R Notes/2e254cfed734/screenshots/1111 gotta call colton aka.jpg
2e254cfed734_1112,still putting off asing,4,renamed,/home/kamleshpatil/Desktop/Notes - PR and ontata/notes_app/output/Batch - 3 Final - P & R Notes/2e254cfed734/notes/1112_en_US_notes_people relationships___PART032_13.txt,/home/kamleshpatil/Desktop/Notes - PR and ontata/notes_app/output/Batch - 3 Final - P & R Notes/2e254cfed734/screenshots/1112 been putting off asing.jpg
2e254cfed734_1113,also work friend cooper sent meeting not,2,renamed,/home/kamleshpatil/Desktop/Notes - PR and ontata/notes_app/output/Batch - 3 Final - P & R Notes/2e254cfed734/notes/1113_en_US_notes_people relationships___PART032_14.txt,/home/kamleshpatil/Desktop/Notes - PR and ontata/notes_app/output/Batch - 3 Final - P & R Notes/2e254cfed734/screenshots/1113 so work friend cooper sent meeting notes.jpg
2e254cfed734_1114,tryna call zariah my petsitter,3,renamed,/home/kamleshpatil/Desktop/Notes - PR and ontata/notes_app/output/Batch - 3 Final - P & R Notes/2e254cfed734/notes/1114_en_US_notes_people relationships___PART032_15.txt,/home/kamleshpatil/Desktop/Notes - PR and ontata/notes_app/output/Batch - 3 Final - P & R Notes/2e254cfed734/screenshots/1114 gotta call zariah my petsitter.jpg
2e254cfed734_1115,fixing to meet with my fiancée sadie tmr,3,renamed,/home/kamleshpatil/Desktop/Notes - PR and ontata/notes_app/output/Batch - 3 Final - P & R Notes/2e254cfed734/notes/1115_en_US_notes_people relationships___PART032_16.txt,/home/kamleshpatil/Desktop/Notes - PR and ontata/notes_app/output/Batch - 3 Final - P & R Notes/2e254cfed734/screenshots/1115 need to meet with my fiancée sadie tmrw.jpg
2e254cfed734_1116,cant stop thinking abt carpool,5,renamed,/home/kamleshpatil/Desktop/Notes - PR and ontata/notes_app/output/Batch - 3 Final - P & R Notes/2e254cfed734/notes/1116_en_US_notes_people relationships___PART032_17.txt,/home/kamleshpatil/Desktop/Notes - PR and ontata/notes_app/output/Batch - 3 Final - P & R Notes/2e254cfed734/screenshots/1116 cant stop thinking abt carpool.jpg
2e254cfed734_1117,remind me to get,4,renamed,/home/kamleshpatil/Desktop/Notes - PR and ontata/notes_app/output/Batch - 3 Final - P & R Notes/2e254cfed734/notes/1117_en_US_notes_people relationships___PART032_18.txt,/home/kamleshpatil/Desktop/Notes - PR and ontata/notes_app/output/Batch - 3 Final - P & R Notes/2e254cfed734/screenshots/1117 remind me to get ariana.jpg
2e254cfed734_1118,hoping to pick up kids from soccer pract,2,renamed,/home/kamleshpatil/Desktop/Notes - PR and ontata/notes_app/output/Batch - 3 Final - P & R Notes/2e254cfed734/notes/1118_en_US_notes_people relationships___PART032_19.txt,/home/kamleshpatil/Desktop/Notes - PR and ontata/notes_app/output/Batch - 3 Final - P & R Notes/2e254cfed734/screenshots/1118 gonna pick up kids from soccer practice .jpg
2e254cfed734_1119,low key worried abt introducing,5,renamed,/home/kamleshpatil/Desktop/Notes - PR and ontata/notes_app/output/Batch - 3 Final - P & R Notes/2e254cfed734/notes/1119_en_US_notes_people relationships___PART032_20.txt,/home/kamleshpatil/Desktop/Notes - PR and ontata/notes_app/output/Batch - 3 Final - P & R Notes/2e254cfed734/screenshots/1119 low key worried abt introducing beau to .jpg
313fe7674b9e - b2 - 2_1100,meant to call eastton at 7408230198,3,renamed,/home/kamleshpatil/Desktop/Notes - PR and ontata/notes_app/output/Batch - 3 Final - P & R Notes/313fe7674b9e - b2 - 2/notes/1100_en_US_notes_people relationships___PART032_1.txt,/home/kamleshpatil/Desktop/Notes - PR and ontata/notes_app/output/Batch - 3 Final - P & R Notes/313fe7674b9e - b2 - 2/screenshots/1100 gotta call eastton at 7408230198.jpg
313fe7674b9e - b2 - 2_1101,nearly got Booker on vitmins,4,renamed,/home/kamleshpatil/Desktop/Notes - PR and ontata/notes_app/output/Batch - 3 Final - P & R Notes/313fe7674b9e - b2 - 2/notes/1101_en_US_notes_people relationships___PART032_2.txt,/home/kamleshpatil/Desktop/Notes - PR and ontata/notes_app/output/Batch - 3 Final - P & R Notes/313fe7674b9e - b2 - 2/screenshots/1101 need to get Booker on vitmins.jpg
313fe7674b9e - b2 - 2_1102,aiming to talk to,3,renamed,/home/kamleshpatil/Desktop/Notes - PR and ontata/notes_app/output/Batch - 3 Final - P & R Notes/313fe7674b9e - b2 - 2/notes/1102_en_US_notes_people relationships___PART032_3.txt,/home/kamleshpatil/Desktop/Notes - PR and ontata/notes_app/output/Batch - 3 Final - P & R Notes/313fe7674b9e - b2 - 2/screenshots/1102 need to talk to.jpg
313fe7674b9e - b2 - 2_1103,planning to tell my friend isiah,4,renamed,/home/kamleshpatil/Desktop/Notes - PR and ontata/notes_app/output/Batch - 3 Final - P & R Notes/313fe7674b9e - b2 - 2/notes/1103_en_US_notes_people relationships___PART032_4.txt,/home/kamleshpatil/Desktop/Notes - PR and ontata/notes_app/output/Batch - 3 Final - P & R Notes/313fe7674b9e - b2 - 2/screenshots/1103 need to tell my friend isiah.jpg
313fe7674b9e - b2 - 2_1104,love that my,3,renamed,/home/kamleshpatil/Desktop/Notes - PR and ontata/notes_app/output/Batch - 3 Final - P & R Notes/313fe7674b9e - b2 - 2/notes/1104_en_US_notes_people relationships___PART032_5.txt,/home/kamleshpatil/Desktop/Notes - PR and ontata/notes_app/output/Batch - 3 Final - P & R Notes/313fe7674b9e - b2 - 2/screenshots/1104 love that my main man trevon helped.jpg
313fe7674b9e - b2 - 2_1105,supposed to drop dog off at 3 ask,2,renamed,/home/kamleshpatil/Desktop/Notes - PR and ontata/notes_app/output/Batch - 3 Final - P & R Notes/313fe7674b9e - b2 - 2/notes/1105_en_US_notes_people relationships___PART032_6.txt,/home/kamleshpatil/Desktop/Notes - PR and ontata/notes_app/output/Batch - 3 Final - P & R Notes/313fe7674b9e - b2 - 2/screenshots/1105 gotta drop dog off at 3 ask.jpg
313fe7674b9e - b2 - 2_1106,tryna tell aurora about new forklift,2,renamed,/home/kamleshpatil/Desktop/Notes - PR and ontata/notes_app/output/Batch - 3 Final - P & R Notes/313fe7674b9e - b2 - 2/notes/1106_en_US_notes_people relationships___PART032_7.txt,/home/kamleshpatil/Desktop/Notes - PR and ontata/notes_app/output/Batch - 3 Final - P & R Notes/313fe7674b9e - b2 - 2/screenshots/1106 gotta tell aurora about new forklift.jpg
313fe7674b9e - b2 - 2_1107,need to check in,4,renamed,/home/kamleshpatil/Desktop/Notes - PR and ontata/notes_app/output/Batch - 3 Final - P & R Notes/313fe7674b9e - b2 - 2/notes/1107_en_US_notes_people relationships___PART032_8.txt,/home/kamleshpatil/Desktop/Notes - PR and ontata/notes_app/output/Batch - 3 Final - P & R Notes/313fe7674b9e - b2 - 2/screenshots/1107 need to check in with ezra.jpg
313fe7674b9e - b2 - 2_1108,so grateful,2,renamed,/home/kamleshpatil/Desktop/Notes - PR and ontata/notes_app/output/Batch - 3 Final - P & R Notes/313fe7674b9e - b2 - 2/notes/1108_en_US_notes_people relationships___PART032_9.txt,/home/kamleshpatil/Desktop/Notes - PR and ontata/notes_app/output/Batch - 3 Final - P & R Notes/313fe7674b9e - b2 - 2/screenshots/1108 so grateful for my sudy partner brielle.jpg
313fe7674b9e - b2 - 2_1109,planning to review zoom call notes,2,renamed,/home/kamleshpatil/Desktop/Notes - PR and ontata/notes_app/output/Batch - 3 Final - P & R Notes/313fe7674b9e - b2 - 2/notes/1109_en_US_notes_people relationships___PART032_10.txt,/home/kamleshpatil/Desktop/Notes - PR and ontata/notes_app/output/Batch - 3 Final - P & R Notes/313fe7674b9e - b2 - 2/screenshots/1109 gotta review zoom call notes.jpg
313fe7674b9e - b2 - 2_1110,supposed to call valentina,3,renamed,/home/kamleshpatil/Desktop/Notes - PR and ontata/notes_app/output/Batch - 3 Final - P & R Notes/313fe7674b9e - b2 - 2/notes/1110_en_US_notes_people relationships___PART032_11.txt,/home/kamleshpatil/Desktop/Notes - PR and ontata/notes_app/output/Batch - 3 Final - P & R Notes/313fe7674b9e - b2 - 2/screenshots/1110 gotta call valentina.jpg
313fe7674b9e - b2 - 2_1111,need to book,3,renamed,/home/kamleshpatil/Desktop/Notes - PR and ontata/notes_app/output/Batch - 3 Final - P & R Notes/313fe7674b9e - b2 - 2/notes/1111_en_US_notes_people relationships___PART032_12.txt,/home/kamleshpatil/Desktop/Notes - PR and ontata/notes_app/output/Batch - 3 Final - P & R Notes/313fe7674b9e - b2 - 2/screenshots/1111 need to book hotel in denver.jpg
313fe7674b9e - b2 - 2_1112,hoping to find food truck ner me bc,3,renamed,/home/kamleshpatil/Desktop/Notes - PR and ontata/notes_app/output/Batch - 3 Final - P & R Notes/313fe7674b9e - b2 - 2/notes/1112_en_US_notes_people relationships___PART032_13.txt,/home/kamleshpatil/Desktop/Notes - PR and ontata/notes_app/output/Batch - 3 Final - P & R Notes/313fe7674b9e - b2 - 2/screenshots/1112 need to find food truck ner me bc.jpg
313fe7674b9e - b2 - 2_1113,worrying abbout,2,renamed,/home/kamleshpatil/Desktop/Notes - PR and ontata/notes_app/output/Batch - 3 Final - P & R Notes/313fe7674b9e - b2 - 2/notes/1113_en_US_notes_people relationships___PART032_14.txt,/home/kamleshpatil/Desktop/Notes - PR and ontata/notes_app/output/Batch - 3 Final - P & R Notes/313fe7674b9e - b2 - 2/screenshots/1113 worrying abbout hoa meeting tonight.jpg
313fe7674b9e - b2 - 2_1114,gotta ask,2,renamed,/home/kamleshpatil/Desktop/Notes - PR and ontata/notes_app/output/Batch - 3 Final - P & R Notes/313fe7674b9e - b2 - 2/notes/1114_en_US_notes_people relationships___PART032_15.txt,/home/kamleshpatil/Desktop/Notes - PR and ontata/notes_app/output/Batch - 3 Final - P & R Notes/313fe7674b9e - b2 - 2/screenshots/1114 gotta ask my housekeeper keon to print.jpg
313fe7674b9e - b2 - 2_1115,close to finalize diy project list,2,renamed,/home/kamleshpatil/Desktop/Notes - PR and ontata/notes_app/output/Batch - 3 Final - P & R Notes/313fe7674b9e - b2 - 2/notes/1115_en_US_notes_people relationships___PART032_16.txt,/home/kamleshpatil/Desktop/Notes - PR and ontata/notes_app/output/Batch - 3 Final - P & R Notes/313fe7674b9e - b2 - 2/screenshots/1115 gotta finalize diy project list.jpg
313fe7674b9e - b2 - 2_1116,about to pay tuition rn,3,renamed,/home/kamleshpatil/Desktop/Notes - PR and ontata/notes_app/output/Batch - 3 Final - P & R Notes/313fe7674b9e - b2 - 2/notes/1116_en_US_notes_people relationships___PART032_17.txt,/home/kamleshpatil/Desktop/Notes - PR and ontata/notes_app/output/Batch - 3 Final - P & R Notes/313fe7674b9e - b2 - 2/screenshots/1116 need to pay tuition rn.jpg
313fe7674b9e - b2 - 2_1117,supposed to meet Clara my buddy at,2,renamed,/home/kamleshpatil/Desktop/Notes - PR and ontata/notes_app/output/Batch - 3 Final - P & R Notes/313fe7674b9e - b2 - 2/notes/1117_en_US_notes_people relationships___PART032_18.txt,/home/kamleshpatil/Desktop/Notes - PR and ontata/notes_app/output/Batch - 3 Final - P & R Notes/313fe7674b9e - b2 - 2/screenshots/1117 gotta meet Clara my buddy at.jpg
313fe7674b9e - b2 - 2_1118,sidebar talkked to marlowe my landscaper,2,renamed,/home/kamleshpatil/Desktop/Notes - PR and ontata/notes_app/output/Batch - 3 Final - P & R Notes/313fe7674b9e - b2 - 2/notes/1118_en_US_notes_people relationships___PART032_19.txt,/home/kamleshpatil/Desktop/Notes - PR and ontata/notes_app/output/Batch - 3 Final - P & R Notes/313fe7674b9e - b2 - 2/screenshots/1118 just talkked to marlowe my landscaper.jpg
313fe7674b9e - b2 - 2_1119,need to check on,4,renamed,/home/kamleshpatil/Desktop/Notes - PR and ontata/notes_app/output/Batch - 3 Final - P & R Notes/313fe7674b9e - b2 - 2/notes/1119_en_US_notes_people relationships___PART032_20.txt,/home/kamleshpatil/Desktop/Notes - PR and ontata/notes_app/output/Batch - 3 Final - P & R Notes/313fe7674b9e - b2 - 2/screenshots/1119 need to check on.jpg
313fe7674b9e - b2 - 2_1120,trying to cinfirm band practice 2nite tg,3,renamed,/home/kamleshpatil/Desktop/Notes - PR and ontata/notes_app/output/Batch - 3 Final - P & R Notes/313fe7674b9e - b2 - 2/notes/1120_en_US_notes_people relationships___PART033_21.txt,/home/kamleshpatil/Desktop/Notes - PR and ontata/notes_app/output/Batch - 3 Final - P & R Notes/313fe7674b9e - b2 - 2/screenshots/1120 need to cinfirm band practice 2nite tgan.jpg
313fe7674b9e - b2 - 2_1121,apparently talked to vivian my auntie,4,renamed,/home/kamleshpatil/Desktop/Notes - PR and ontata/notes_app/output/Batch - 3 Final - P & R Notes/313fe7674b9e - b2 - 2/notes/1121_en_US_notes_people relationships___PART033_22.txt,/home/kamleshpatil/Desktop/Notes - PR and ontata/notes_app/output/Batch - 3 Final - P & R Notes/313fe7674b9e - b2 - 2/screenshots/1121 just talked to vivian my auntie.jpg
313fe7674b9e - b2 - 2_1122,just booked,2,renamed,/home/kamleshpatil/Desktop/Notes - PR and ontata/notes_app/output/Batch - 3 Final - P & R Notes/313fe7674b9e - b2 - 2/notes/1122_en_US_notes_people relationships___PART033_23.txt,/home/kamleshpatil/Desktop/Notes - PR and ontata/notes_app/output/Batch - 3 Final - P & R Notes/313fe7674b9e - b2 - 2/screenshots/1122 just booked disney cruise.jpg
313fe7674b9e - b2 - 2_1123,got jury,2,renamed,/home/kamleshpatil/Desktop/Notes - PR and ontata/notes_app/output/Batch - 3 Final - P & R Notes/313fe7674b9e - b2 - 2/notes/1123_en_US_notes_people relationships___PART033_24.txt,/home/kamleshpatil/Desktop/Notes - PR and ontata/notes_app/output/Batch - 3 Final - P & R Notes/313fe7674b9e - b2 - 2/screenshots/1123 got jury duty tmrw.jpg
313fe7674b9e - b2 - 2_1124,tryna paxk snacks for roaad trip ask,2,renamed,/home/kamleshpatil/Desktop/Notes - PR and ontata/notes_app/output/Batch - 3 Final - P & R Notes/313fe7674b9e - b2 - 2/notes/1124_en_US_notes_people relationships___PART033_25.txt,/home/kamleshpatil/Desktop/Notes - PR and ontata/notes_app/output/Batch - 3 Final - P & R Notes/313fe7674b9e - b2 - 2/screenshots/1124 gotta paxk snacks for roaad trip ask.jpg
313fe7674b9e - b2 - 2_1125,excited to,2,renamed,/home/kamleshpatil/Desktop/Notes - PR and ontata/notes_app/output/Batch - 3 Final - P & R Notes/313fe7674b9e - b2 - 2/notes/1125_en_US_notes_people relationships___PART033_26.txt,/home/kamleshpatil/Desktop/Notes - PR and ontata/notes_app/output/Batch - 3 Final - P & R Notes/313fe7674b9e - b2 - 2/screenshots/1125 excited to get Amara a gift.jpg
313fe7674b9e - b2 - 2_1126,have to,2,renamed,/home/kamleshpatil/Desktop/Notes - PR and ontata/notes_app/output/Batch - 3 Final - P & R Notes/313fe7674b9e - b2 - 2/notes/1126_en_US_notes_people relationships___PART033_27.txt,/home/kamleshpatil/Desktop/Notes - PR and ontata/notes_app/output/Batch - 3 Final - P & R Notes/313fe7674b9e - b2 - 2/screenshots/1126 have to talk to supervisor today dont wa.jpg
313fe7674b9e - b2 - 2_1127,bout to check wiyh my aunt skylar about,2,renamed,/home/kamleshpatil/Desktop/Notes - PR and ontata/notes_app/output/Batch - 3 Final - P & R Notes/313fe7674b9e - b2 - 2/notes/1127_en_US_notes_people relationships___PART033_28.txt,/home/kamleshpatil/Desktop/Notes - PR and ontata/notes_app/output/Batch - 3 Final - P & R Notes/313fe7674b9e - b2 - 2/screenshots/1127 gotta check wiyh my aunt skylar about th.jpg
313fe7674b9e - b2 - 2_1128,gettin to help marrley with math homewor,3,renamed,/home/kamleshpatil/Desktop/Notes - PR and ontata/notes_app/output/Batch - 3 Final - P & R Notes/313fe7674b9e - b2 - 2/notes/1128_en_US_notes_people relationships___PART033_29.txt,/home/kamleshpatil/Desktop/Notes - PR and ontata/notes_app/output/Batch - 3 Final - P & R Notes/313fe7674b9e - b2 - 2/screenshots/1128 need to help marrley with math homework .jpg
313fe7674b9e - b2 - 2_1129,trying to prep for convo with yesnia,3,renamed,/home/kamleshpatil/Desktop/Notes - PR and ontata/notes_app/output/Batch - 3 Final - P & R Notes/313fe7674b9e - b2 - 2/notes/1129_en_US_notes_people relationships___PART033_30.txt,/home/kamleshpatil/Desktop/Notes - PR and ontata/notes_app/output/Batch - 3 Final - P & R Notes/313fe7674b9e - b2 - 2/screenshots/1129 need to prep for convo with yesnia.jpg
313fe7674b9e - b2 - 2_1130,fixing to revew est claims process with,3,renamed,/home/kamleshpatil/Desktop/Notes - PR and ontata/notes_app/output/Batch - 3 Final - P & R Notes/313fe7674b9e - b2 - 2/notes/1130_en_US_notes_people relationships___PART033_31.txt,/home/kamleshpatil/Desktop/Notes - PR and ontata/notes_app/output/Batch - 3 Final - P & R Notes/313fe7674b9e - b2 - 2/screenshots/1130 need to revew est claims process with.jpg
313fe7674b9e - b2 - 2_1131,gotta call ana about,4,renamed,/home/kamleshpatil/Desktop/Notes - PR and ontata/notes_app/output/Batch - 3 Final - P & R Notes/313fe7674b9e - b2 - 2/notes/1131_en_US_notes_people relationships___PART033_32.txt,/home/kamleshpatil/Desktop/Notes - PR and ontata/notes_app/output/Batch - 3 Final - P & R Notes/313fe7674b9e - b2 - 2/screenshots/1131 gotta call ana about splitting.jpg
5c4bdaf3ffb6_1100,just heard from makenzie,4,renamed,/home/kamleshpatil/Desktop/Notes - PR and ontata/notes_app/output/Batch - 3 Final - P & R Notes/5c4bdaf3ffb6/notes/1100_en_US_notes_people relationships___PART032_1.txt,/home/kamleshpatil/Desktop/Notes - PR and ontata/notes_app/output/Batch - 3 Final - P & R Notes/5c4bdaf3ffb6/screenshots/1100 just heard from makenzie my coousin.jpg
5c4bdaf3ffb6_1101,bout to bring up walker for,4,renamed,/home/kamleshpatil/Desktop/Notes - PR and ontata/notes_app/output/Batch - 3 Final - P & R Notes/5c4bdaf3ffb6/notes/1101_en_US_notes_people relationships___PART032_2.txt,/home/kamleshpatil/Desktop/Notes - PR and ontata/notes_app/output/Batch - 3 Final - P & R Notes/5c4bdaf3ffb6/screenshots/1101 gonna bring up walker for.jpg
5c4bdaf3ffb6_1102,gotta call adriana,3,renamed,/home/kamleshpatil/Desktop/Notes - PR and ontata/notes_app/output/Batch - 3 Final - P & R Notes/5c4bdaf3ffb6/notes/1102_en_US_notes_people relationships___PART032_3.txt,/home/kamleshpatil/Desktop/Notes - PR and ontata/notes_app/output/Batch - 3 Final - P & R Notes/5c4bdaf3ffb6/screenshots/1102 gotta call adriana my baby.jpg
5c4bdaf3ffb6_1103,honestly heard from rosa,4,renamed,/home/kamleshpatil/Desktop/Notes - PR and ontata/notes_app/output/Batch - 3 Final - P & R Notes/5c4bdaf3ffb6/notes/1103_en_US_notes_people relationships___PART032_4.txt,/home/kamleshpatil/Desktop/Notes - PR and ontata/notes_app/output/Batch - 3 Final - P & R Notes/5c4bdaf3ffb6/screenshots/1103 just heard from rosa.jpg
5c4bdaf3ffb6_1104,basically the lady next door juniper tol,2,renamed,/home/kamleshpatil/Desktop/Notes - PR and ontata/notes_app/output/Batch - 3 Final - P & R Notes/5c4bdaf3ffb6/notes/1104_en_US_notes_people relationships___PART032_5.txt,/home/kamleshpatil/Desktop/Notes - PR and ontata/notes_app/output/Batch - 3 Final - P & R Notes/5c4bdaf3ffb6/screenshots/1104 so the lady next door juniper told me.jpg
5c4bdaf3ffb6_1105,thinking abt diego,3,renamed,/home/kamleshpatil/Desktop/Notes - PR and ontata/notes_app/output/Batch - 3 Final - P & R Notes/5c4bdaf3ffb6/notes/1105_en_US_notes_people relationships___PART032_6.txt,/home/kamleshpatil/Desktop/Notes - PR and ontata/notes_app/output/Batch - 3 Final - P & R Notes/5c4bdaf3ffb6/screenshots/1105 thinking abt diego my brother sayinng.jpg
5c4bdaf3ffb6_1106,bout to call fernanda my work husband ab,3,renamed,/home/kamleshpatil/Desktop/Notes - PR and ontata/notes_app/output/Batch - 3 Final - P & R Notes/5c4bdaf3ffb6/notes/1106_en_US_notes_people relationships___PART032_7.txt,/home/kamleshpatil/Desktop/Notes - PR and ontata/notes_app/output/Batch - 3 Final - P & R Notes/5c4bdaf3ffb6/screenshots/1106 gotta call fernanda my work husband abou.jpg
5c4bdaf3ffb6_1107,apparently heard from ximena we nwed new,5,renamed,/home/kamleshpatil/Desktop/Notes - PR and ontata/notes_app/output/Batch - 3 Final - P & R Notes/5c4bdaf3ffb6/notes/1107_en_US_notes_people relationships___PART032_8.txt,/home/kamleshpatil/Desktop/Notes - PR and ontata/notes_app/output/Batch - 3 Final - P & R Notes/5c4bdaf3ffb6/screenshots/1107 just heard from ximena we nwed new air f.jpg
5c4bdaf3ffb6_1108,finally talked to forrest,4,renamed,/home/kamleshpatil/Desktop/Notes - PR and ontata/notes_app/output/Batch - 3 Final - P & R Notes/5c4bdaf3ffb6/notes/1108_en_US_notes_people relationships___PART032_9.txt,/home/kamleshpatil/Desktop/Notes - PR and ontata/notes_app/output/Batch - 3 Final - P & R Notes/5c4bdaf3ffb6/screenshots/1108 finally talked to forrest my dog walker .jpg
5c4bdaf3ffb6_1109,told fanily,2,renamed,/home/kamleshpatil/Desktop/Notes - PR and ontata/notes_app/output/Batch - 3 Final - P & R Notes/5c4bdaf3ffb6/notes/1109_en_US_notes_people relationships___PART032_10.txt,/home/kamleshpatil/Desktop/Notes - PR and ontata/notes_app/output/Batch - 3 Final - P & R Notes/5c4bdaf3ffb6/screenshots/1109 told fanily friend abt playdate at our p.jpg
5c4bdaf3ffb6_1110,wondering abt tiktok idea,3,renamed,/home/kamleshpatil/Desktop/Notes - PR and ontata/notes_app/output/Batch - 3 Final - P & R Notes/5c4bdaf3ffb6/notes/1110_en_US_notes_people relationships___PART032_11.txt,/home/kamleshpatil/Desktop/Notes - PR and ontata/notes_app/output/Batch - 3 Final - P & R Notes/5c4bdaf3ffb6/screenshots/1110 thinking abt tiktok idea.jpg
5c4bdaf3ffb6_1111,considering abt kitten adoption fees rn,3,renamed,/home/kamleshpatil/Desktop/Notes - PR and ontata/notes_app/output/Batch - 3 Final - P & R Notes/5c4bdaf3ffb6/notes/1111_en_US_notes_people relationships___PART032_12.txt,/home/kamleshpatil/Desktop/Notes - PR and ontata/notes_app/output/Batch - 3 Final - P & R Notes/5c4bdaf3ffb6/screenshots/1111 thinking abt kitten adoption fees rn.jpg
5c4bdaf3ffb6_1112,bout to call ricaro my family friend,3,renamed,/home/kamleshpatil/Desktop/Notes - PR and ontata/notes_app/output/Batch - 3 Final - P & R Notes/5c4bdaf3ffb6/notes/1112_en_US_notes_people relationships___PART032_13.txt,/home/kamleshpatil/Desktop/Notes - PR and ontata/notes_app/output/Batch - 3 Final - P & R Notes/5c4bdaf3ffb6/screenshots/1112 gotta call ricaro my family friend.jpg
5c4bdaf3ffb6_1113,messiah reminded,2,renamed,/home/kamleshpatil/Desktop/Notes - PR and ontata/notes_app/output/Batch - 3 Final - P & R Notes/5c4bdaf3ffb6/notes/1113_en_US_notes_people relationships___PART032_14.txt,/home/kamleshpatil/Desktop/Notes - PR and ontata/notes_app/output/Batch - 3 Final - P & R Notes/5c4bdaf3ffb6/screenshots/1113 messiah reminded me.jpg
5c4bdaf3ffb6_1114,ask dad,2,renamed,/home/kamleshpatil/Desktop/Notes - PR and ontata/notes_app/output/Batch - 3 Final - P & R Notes/5c4bdaf3ffb6/notes/1114_en_US_notes_people relationships___PART032_15.txt,/home/kamleshpatil/Desktop/Notes - PR and ontata/notes_app/output/Batch - 3 Final - P & R Notes/5c4bdaf3ffb6/screenshots/1114 ask dad about launch plan ideas takked t.jpg
5c4bdaf3ffb6_1115,been daling,2,renamed,/home/kamleshpatil/Desktop/Notes - PR and ontata/notes_app/output/Batch - 3 Final - P & R Notes/5c4bdaf3ffb6/notes/1115_en_US_notes_people relationships___PART032_16.txt,/home/kamleshpatil/Desktop/Notes - PR and ontata/notes_app/output/Batch - 3 Final - P & R Notes/5c4bdaf3ffb6/screenshots/1115 been daling with dylan all wknd.jpg
5c4bdaf3ffb6_1116,close to remember appt wuth daruis tmrw,3,renamed,/home/kamleshpatil/Desktop/Notes - PR and ontata/notes_app/output/Batch - 3 Final - P & R Notes/5c4bdaf3ffb6/notes/1116_en_US_notes_people relationships___PART032_17.txt,/home/kamleshpatil/Desktop/Notes - PR and ontata/notes_app/output/Batch - 3 Final - P & R Notes/5c4bdaf3ffb6/screenshots/1116 need to remember appt wuth daruis tmrw.jpg
5c4bdaf3ffb6_1117,almost forgot to review,4,renamed,/home/kamleshpatil/Desktop/Notes - PR and ontata/notes_app/output/Batch - 3 Final - P & R Notes/5c4bdaf3ffb6/notes/1117_en_US_notes_people relationships___PART032_18.txt,/home/kamleshpatil/Desktop/Notes - PR and ontata/notes_app/output/Batch - 3 Final - P & R Notes/5c4bdaf3ffb6/screenshots/1117 almost forgot to review.jpg
5c4bdaf3ffb6_1118,latest with my band,4,renamed,/home/kamleshpatil/Desktop/Notes - PR and ontata/notes_app/output/Batch - 3 Final - P & R Notes/5c4bdaf3ffb6/notes/1118_en_US_notes_people relationships___PART032_19.txt,/home/kamleshpatil/Desktop/Notes - PR and ontata/notes_app/output/Batch - 3 Final - P & R Notes/5c4bdaf3ffb6/screenshots/1118 latest with my band maye piper she is to.jpg
5c4bdaf3ffb6_1119,fyi up so tyler my son said,3,renamed,/home/kamleshpatil/Desktop/Notes - PR and ontata/notes_app/output/Batch - 3 Final - P & R Notes/5c4bdaf3ffb6/notes/1119_en_US_notes_people relationships___PART032_20.txt,/home/kamleshpatil/Desktop/Notes - PR and ontata/notes_app/output/Batch - 3 Final - P & R Notes/5c4bdaf3ffb6/screenshots/1119 ok so tyler my son said.jpg
5c4bdaf3ffb6_1120,gonna bring up mobile,4,renamed,/home/kamleshpatil/Desktop/Notes - PR and ontata/notes_app/output/Batch - 3 Final - P & R Notes/5c4bdaf3ffb6/notes/1120_en_US_notes_people relationships___PART033_21.txt,/home/kamleshpatil/Desktop/Notes - PR and ontata/notes_app/output/Batch - 3 Final - P & R Notes/5c4bdaf3ffb6/screenshots/1120 gonna bring up mobile groomer thing with.jpg
5c4bdaf3ffb6_1121,saw my grew,3,renamed,/home/kamleshpatil/Desktop/Notes - PR and ontata/notes_app/output/Batch - 3 Final - P & R Notes/5c4bdaf3ffb6/notes/1121_en_US_notes_people relationships___PART033_22.txt,/home/kamleshpatil/Desktop/Notes - PR and ontata/notes_app/output/Batch - 3 Final - P & R Notes/5c4bdaf3ffb6/screenshots/1121 saw my grew up with alexa today and.jpg
5c4bdaf3ffb6_1122,note me to tell lyda about game night,5,renamed,/home/kamleshpatil/Desktop/Notes - PR and ontata/notes_app/output/Batch - 3 Final - P & R Notes/5c4bdaf3ffb6/notes/1122_en_US_notes_people relationships___PART033_23.txt,/home/kamleshpatil/Desktop/Notes - PR and ontata/notes_app/output/Batch - 3 Final - P & R Notes/5c4bdaf3ffb6/screenshots/1122 remind me to tell lyda about game night.jpg
5c4bdaf3ffb6_1123,kaiden my,2,renamed,/home/kamleshpatil/Desktop/Notes - PR and ontata/notes_app/output/Batch - 3 Final - P & R Notes/5c4bdaf3ffb6/notes/1123_en_US_notes_people relationships___PART033_24.txt,/home/kamleshpatil/Desktop/Notes - PR and ontata/notes_app/output/Batch - 3 Final - P & R Notes/5c4bdaf3ffb6/screenshots/1123 kaiden my main client wants 2moro.jpg
5c4bdaf3ffb6_1125,messaged roommate abt performance review,2,renamed,/home/kamleshpatil/Desktop/Notes - PR and ontata/notes_app/output/Batch - 3 Final - P & R Notes/5c4bdaf3ffb6/notes/1125_en_US_notes_people relationships___PART033_26.txt,/home/kamleshpatil/Desktop/Notes - PR and ontata/notes_app/output/Batch - 3 Final - P & R Notes/5c4bdaf3ffb6/screenshots/1125 told roommate abt performance review.jpg
5c4bdaf3ffb6_1126,have to hit costco tmrw for diapers ask,3,renamed,/home/kamleshpatil/Desktop/Notes - PR and ontata/notes_app/output/Batch - 3 Final - P & R Notes/5c4bdaf3ffb6/notes/1126_en_US_notes_people relationships___PART033_27.txt,/home/kamleshpatil/Desktop/Notes - PR and ontata/notes_app/output/Batch - 3 Final - P & R Notes/5c4bdaf3ffb6/screenshots/1126 need to hit costco tmrw for diapers ask.jpg
5c4bdaf3ffb6_1127,need to cgange,3,renamed,/home/kamleshpatil/Desktop/Notes - PR and ontata/notes_app/output/Batch - 3 Final - P & R Notes/5c4bdaf3ffb6/notes/1127_en_US_notes_people relationships___PART033_28.txt,/home/kamleshpatil/Desktop/Notes - PR and ontata/notes_app/output/Batch - 3 Final - P & R Notes/5c4bdaf3ffb6/screenshots/1127 need to cgange wifi password bc cruz.jpg
5c4bdaf3ffb6_1128,thx cuz,2,renamed,/home/kamleshpatil/Desktop/Notes - PR and ontata/notes_app/output/Batch - 3 Final - P & R Notes/5c4bdaf3ffb6/notes/1128_en_US_notes_people relationships___PART033_29.txt,/home/kamleshpatil/Desktop/Notes - PR and ontata/notes_app/output/Batch - 3 Final - P & R Notes/5c4bdaf3ffb6/screenshots/1128 thx cuz for letting me pick up valentina.jpg
5c4bdaf3ffb6_1129,talked to tyrone,3,renamed,/home/kamleshpatil/Desktop/Notes - PR and ontata/notes_app/output/Batch - 3 Final - P & R Notes/5c4bdaf3ffb6/notes/1129_en_US_notes_people relationships___PART033_30.txt,/home/kamleshpatil/Desktop/Notes - PR and ontata/notes_app/output/Batch - 3 Final - P & R Notes/5c4bdaf3ffb6/screenshots/1129 talked to tyrone my pet sutter.jpg
ba28dc0fb603_1100,been meaning to ask the,5,renamed,/home/kamleshpatil/Desktop/Notes - PR and ontata/notes_app/output/Batch - 3 Final - P & R Notes/ba28dc0fb603/notes/1100_en_US_notes_people relationships___PART032_1.txt,/home/kamleshpatil/Desktop/Notes - PR and ontata/notes_app/output/Batch - 3 Final - P & R Notes/ba28dc0fb603/screenshots/1100 been meaning to ask.jpg
ba28dc0fb603_1101,also talked to matthew,4,renamed,/home/kamleshpatil/Desktop/Notes - PR and ontata/notes_app/output/Batch - 3 Final - P & R Notes/ba28dc0fb603/notes/1101_en_US_notes_people relationships___PART032_2.txt,/home/kamleshpatil/Desktop/Notes - PR and ontata/notes_app/output/Batch - 3 Final - P & R Notes/ba28dc0fb603/screenshots/1101 finally talked to matthew.jpg
ba28dc0fb603_1103,meant to call royal,3,renamed,/home/kamleshpatil/Desktop/Notes - PR and ontata/notes_app/output/Batch - 3 Final - P & R Notes/ba28dc0fb603/notes/1103_en_US_notes_people relationships___PART032_4.txt,/home/kamleshpatil/Desktop/Notes - PR and ontata/notes_app/output/Batch - 3 Final - P & R Notes/ba28dc0fb603/screenshots/1103 gotta call royal.jpg
ba28dc0fb603_1106,btw heard from my cousin that magdalena,5,renamed,/home/kamleshpatil/Desktop/Notes - PR and ontata/notes_app/output/Batch - 3 Final - P & R Notes/ba28dc0fb603/notes/1106_en_US_notes_people relationships___PART032_7.txt,/home/kamleshpatil/Desktop/Notes - PR and ontata/notes_app/output/Batch - 3 Final - P & R Notes/ba28dc0fb603/screenshots/1106 just heard from my cousin that magdalena.jpg
ba28dc0fb603_1109,need to ask my coworker,5,renamed,/home/kamleshpatil/Desktop/Notes - PR and ontata/notes_app/output/Batch - 3 Final - P & R Notes/ba28dc0fb603/notes/1109_en_US_notes_people relationships___PART032_10.txt,/home/kamleshpatil/Desktop/Notes - PR and ontata/notes_app/output/Batch - 3 Final - P & R Notes/ba28dc0fb603/screenshots/1109 need to ask my coworker.jpg
ba28dc0fb603_1111,keep ptting off making sudy,2,renamed,/home/kamleshpatil/Desktop/Notes - PR and ontata/notes_app/output/Batch - 3 Final - P & R Notes/ba28dc0fb603/notes/1111_en_US_notes_people relationships___PART032_12.txt,/home/kamleshpatil/Desktop/Notes - PR and ontata/notes_app/output/Batch - 3 Final - P & R Notes/ba28dc0fb603/screenshots/1111 been ptting off making sudy.jpg
ba28dc0fb603_1115,book time w savannah,4,renamed,/home/kamleshpatil/Desktop/Notes - PR and ontata/notes_app/output/Batch - 3 Final - P & R Notes/ba28dc0fb603/notes/1115_en_US_notes_people relationships___PART032_16.txt,/home/kamleshpatil/Desktop/Notes - PR and ontata/notes_app/output/Batch - 3 Final - P & R Notes/ba28dc0fb603/screenshots/1115 schedule time w savannah.jpg
ba28dc0fb603_1117,got news from john,4,renamed,/home/kamleshpatil/Desktop/Notes - PR and ontata/notes_app/output/Batch - 3 Final - P & R Notes/ba28dc0fb603/notes/1117_en_US_notes_people relationships___PART032_18.txt,/home/kamleshpatil/Desktop/Notes - PR and ontata/notes_app/output/Batch - 3 Final - P & R Notes/ba28dc0fb603/screenshots/1117 got news from john.jpg
ba28dc0fb603_1119,trying to forgot to tell river my petsit,5,renamed,/home/kamleshpatil/Desktop/Notes - PR and ontata/notes_app/output/Batch - 3 Final - P & R Notes/ba28dc0fb603/notes/1119_en_US_notes_people relationships___PART032_20.txt,/home/kamleshpatil/Desktop/Notes - PR and ontata/notes_app/output/Batch - 3 Final - P & R Notes/ba28dc0fb603/screenshots/1119 almost forgot to tell river my petsitter.jpg
ba28dc0fb603_1121,been meaning to ask my,5,renamed,/home/kamleshpatil/Desktop/Notes - PR and ontata/notes_app/output/Batch - 3 Final - P & R Notes/ba28dc0fb603/notes/1121_en_US_notes_people relationships___PART033_22.txt,/home/kamleshpatil/Desktop/Notes - PR and ontata/notes_app/output/Batch - 3 Final - P & R Notes/ba28dc0fb603/screenshots/1121 been meaning to ask.jpg
ba28dc0fb603_1122,thinking abt asking,3,renamed,/home/kamleshpatil/Desktop/Notes - PR and ontata/notes_app/output/Batch - 3 Final - P & R Notes/ba28dc0fb603/notes/1122_en_US_notes_people relationships___PART033_23.txt,/home/kamleshpatil/Desktop/Notes - PR and ontata/notes_app/output/Batch - 3 Final - P & R Notes/ba28dc0fb603/screenshots/1122 thinking abt asking my godparent Aubrey .jpg
ba28dc0fb603_1123,supposed to call max about block psrty i,3,renamed,/home/kamleshpatil/Desktop/Notes - PR and ontata/notes_app/output/Batch - 3 Final - P & R Notes/ba28dc0fb603/notes/1123_en_US_notes_people relationships___PART033_24.txt,/home/kamleshpatil/Desktop/Notes - PR and ontata/notes_app/output/Batch - 3 Final - P & R Notes/ba28dc0fb603/screenshots/1123 gotta call max about block psrty idea as.jpg
ba28dc0fb603_1124,update on bro colton,4,renamed,/home/kamleshpatil/Desktop/Notes - PR and ontata/notes_app/output/Batch - 3 Final - P & R Notes/ba28dc0fb603/notes/1124_en_US_notes_people relationships___PART033_25.txt,/home/kamleshpatil/Desktop/Notes - PR and ontata/notes_app/output/Batch - 3 Final - P & R Notes/ba28dc0fb603/screenshots/1124 update on bro colton.jpg
ba28dc0fb603_1126,planning to tell work partner ezekiel im,2,renamed,/home/kamleshpatil/Desktop/Notes - PR and ontata/notes_app/output/Batch - 3 Final - P & R Notes/ba28dc0fb603/notes/1126_en_US_notes_people relationships___PART033_27.txt,/home/kamleshpatil/Desktop/Notes - PR and ontata/notes_app/output/Batch - 3 Final - P & R Notes/ba28dc0fb603/screenshots/1126 gonna tell work partner ezekiel im.jpg
ba28dc0fb603_1127,so father told,3,renamed,/home/kamleshpatil/Desktop/Notes - PR and ontata/notes_app/output/Batch - 3 Final - P & R Notes/ba28dc0fb603/notes/1127_en_US_notes_people relationships___PART033_28.txt,/home/kamleshpatil/Desktop/Notes - PR and ontata/notes_app/output/Batch - 3 Final - P & R Notes/ba28dc0fb603/screenshots/1127 so father told me to review expenses.jpg
ba28dc0fb603_1129,supposed to call piper about our hbo sub,3,renamed,/home/kamleshpatil/Desktop/Notes - PR and ontata/notes_app/output/Batch - 3 Final - P & R Notes/ba28dc0fb603/notes/1129_en_US_notes_people relationships___PART033_30.txt,/home/kamleshpatil/Desktop/Notes - PR and ontata/notes_app/output/Batch - 3 Final - P & R Notes/ba28dc0fb603/screenshots/1129 gotta call piper about our hbo subscript.jpg
ba28dc0fb603_1132,fixing to finalize ikea haul,3,renamed,/home/kamleshpatil/Desktop/Notes - PR and ontata/notes_app/output/Batch - 3 Final - P & R Notes/ba28dc0fb603/notes/1132_en_US_notes_people relationships___PART033_33.txt,/home/kamleshpatil/Desktop/Notes - PR and ontata/notes_app/output/Batch - 3 Final - P & R Notes/ba28dc0fb603/screenshots/1132 need to finalize ikea haul.jpg
ba28dc0fb603_1133,need to ask my step,5,renamed,/home/kamleshpatil/Desktop/Notes - PR and ontata/notes_app/output/Batch - 3 Final - P & R Notes/ba28dc0fb603/notes/1133_en_US_notes_people relationships___PART033_34.txt,/home/kamleshpatil/Desktop/Notes - PR and ontata/notes_app/output/Batch - 3 Final - P & R Notes/ba28dc0fb603/screenshots/1133 need to ask my step-daughter Aisha.jpg
ba28dc0fb603_1134,rn i,2,renamed,/home/kamleshpatil/Desktop/Notes - PR and ontata/notes_app/output/Batch - 3 Final - P & R Notes/ba28dc0fb603/notes/1134_en_US_notes_people relationships___PART033_35.txt,/home/kamleshpatil/Desktop/Notes - PR and ontata/notes_app/output/Batch - 3 Final - P & R Notes/ba28dc0fb603/screenshots/1134 rn i need to get lenses for.jpg
ba28dc0fb603_1135,check with my son,4,renamed,/home/kamleshpatil/Desktop/Notes - PR and ontata/notes_app/output/Batch - 3 Final - P & R Notes/ba28dc0fb603/notes/1135_en_US_notes_people relationships___PART033_36.txt,/home/kamleshpatil/Desktop/Notes - PR and ontata/notes_app/output/Batch - 3 Final - P & R Notes/ba28dc0fb603/screenshots/1135 check with my son Mekhi abt meeting pooi.jpg
ba28dc0fb603_1136,let me to scaan tickets at door rn tk,4,renamed,/home/kamleshpatil/Desktop/Notes - PR and ontata/notes_app/output/Batch - 3 Final - P & R Notes/ba28dc0fb603/notes/1136_en_US_notes_people relationships___PART033_37.txt,/home/kamleshpatil/Desktop/Notes - PR and ontata/notes_app/output/Batch - 3 Final - P & R Notes/ba28dc0fb603/screenshots/1136 remind me to scaan tickets at door rn tk.jpg
ba28dc0fb603_1137,honestly so sage my mom gonna order stuf,3,renamed,/home/kamleshpatil/Desktop/Notes - PR and ontata/notes_app/output/Batch - 3 Final - P & R Notes/ba28dc0fb603/notes/1137_en_US_notes_people relationships___PART033_38.txt,/home/kamleshpatil/Desktop/Notes - PR and ontata/notes_app/output/Batch - 3 Final - P & R Notes/ba28dc0fb603/screenshots/1137 ok so sage my mom gonna order stuff from.jpg
ba28dc0fb603_1142,just heard from kaia,4,renamed,/home/kamleshpatil/Desktop/Notes - PR and ontata/notes_app/output/Batch - 3 Final - P & R Notes/ba28dc0fb603/notes/1142_en_US_notes_people relationships___PART034_43.txt,/home/kamleshpatil/Desktop/Notes - PR and ontata/notes_app/output/Batch - 3 Final - P & R Notes/ba28dc0fb603/screenshots/1142 just heard from kaia.jpg
ba28dc0fb603_1143,low key worried abt bowling,5,renamed,/home/kamleshpatil/Desktop/Notes - PR and ontata/notes_app/output/Batch - 3 Final - P & R Notes/ba28dc0fb603/notes/1143_en_US_notes_people relationships___PART034_44.txt,/home/kamleshpatil/Desktop/Notes - PR and ontata/notes_app/output/Batch - 3 Final - P & R Notes/ba28dc0fb603/screenshots/1143 low key worried abt bowling night tmrw b.jpg
ba28dc0fb603_1145,so kid is,3,renamed,/home/kamleshpatil/Desktop/Notes - PR and ontata/notes_app/output/Batch - 3 Final - P & R Notes/ba28dc0fb603/notes/1145_en_US_notes_people relationships___PART034_46.txt,/home/kamleshpatil/Desktop/Notes - PR and ontata/notes_app/output/Batch - 3 Final - P & R Notes/ba28dc0fb603/screenshots/1145 so kid is asking about annabelles colleg.jpg
ba28dc0fb603_1147,ok so lamar,3,renamed,/home/kamleshpatil/Desktop/Notes - PR and ontata/notes_app/output/Batch - 3 Final - P & R Notes/ba28dc0fb603/notes/1147_en_US_notes_people relationships___PART034_48.txt,/home/kamleshpatil/Desktop/Notes - PR and ontata/notes_app/output/Batch - 3 Final - P & R Notes/ba28dc0fb603/screenshots/1147 ok so lamars school list requires graph .jpg
ba28dc0fb603_1148,wondering abt pta meeting rn and,3,renamed,/home/kamleshpatil/Desktop/Notes - PR and ontata/notes_app/output/Batch - 3 Final - P & R Notes/ba28dc0fb603/notes/1148_en_US_notes_people relationships___PART034_49.txt,/home/kamleshpatil/Desktop/Notes - PR and ontata/notes_app/output/Batch - 3 Final - P & R Notes/ba28dc0fb603/screenshots/1148 thinking abt pta meeting rn and.jpg
ba28dc0fb603_1152,apparently realized my uncle declan told,4,renamed,/home/kamleshpatil/Desktop/Notes - PR and ontata/notes_app/output/Batch - 3 Final - P & R Notes/ba28dc0fb603/notes/1152_en_US_notes_people relationships___PART034_53.txt,/home/kamleshpatil/Desktop/Notes - PR and ontata/notes_app/output/Batch - 3 Final - P & R Notes/ba28dc0fb603/screenshots/1152 just realized my uncle declan told me to.jpg
ba28dc0fb603_1154,maybe ask ronan,3,renamed,/home/kamleshpatil/Desktop/Notes - PR and ontata/notes_app/output/Batch - 3 Final - P & R Notes/ba28dc0fb603/notes/1154_en_US_notes_people relationships___PART034_55.txt,/home/kamleshpatil/Desktop/Notes - PR and ontata/notes_app/output/Batch - 3 Final - P & R Notes/ba28dc0fb603/screenshots/1154 maybe ask ronan to help me limit screen .jpg
ba28dc0fb603_1159,checking with,2,renamed,/home/kamleshpatil/Desktop/Notes - PR and ontata/notes_app/output/Batch - 3 Final - P & R Notes/ba28dc0fb603/notes/1159_en_US_notes_people relationships___PART034_60.txt,/home/kamleshpatil/Desktop/Notes - PR and ontata/notes_app/output/Batch - 3 Final - P & R Notes/ba28dc0fb603/screenshots/1159 checking with my teainer Aisha about.jpg
ba28dc0fb603_1160,so my biz,3,renamed,/home/kamleshpatil/Desktop/Notes - PR and ontata/notes_app/output/Batch - 3 Final - P & R Notes/ba28dc0fb603/notes/1160_en_US_notes_people relationships___PART035_61.txt,/home/kamleshpatil/Desktop/Notes - PR and ontata/notes_app/output/Batch - 3 Final - P & R Notes/ba28dc0fb603/screenshots/1160 so my biz partner catalina says our inte.jpg
ba28dc0fb603_1163,talked to tatum,3,renamed,/home/kamleshpatil/Desktop/Notes - PR and ontata/notes_app/output/Batch - 3 Final - P & R Notes/ba28dc0fb603/notes/1163_en_US_notes_people relationships___PART035_64.txt,/home/kamleshpatil/Desktop/Notes - PR and ontata/notes_app/output/Batch - 3 Final - P & R Notes/ba28dc0fb603/screenshots/1163 talked to tatum my small group leader ab.jpg
ba28dc0fb603_1164,heads up abt school,4,renamed,/home/kamleshpatil/Desktop/Notes - PR and ontata/notes_app/output/Batch - 3 Final - P & R Notes/ba28dc0fb603/notes/1164_en_US_notes_people relationships___PART035_65.txt,/home/kamleshpatil/Desktop/Notes - PR and ontata/notes_app/output/Batch - 3 Final - P & R Notes/ba28dc0fb603/screenshots/1164 heads up abt school event rsvp due tmrw .jpg
ba28dc0fb603_1166,reminded my friend jalen,3,renamed,/home/kamleshpatil/Desktop/Notes - PR and ontata/notes_app/output/Batch - 3 Final - P & R Notes/ba28dc0fb603/notes/1166_en_US_notes_people relationships___PART035_67.txt,/home/kamleshpatil/Desktop/Notes - PR and ontata/notes_app/output/Batch - 3 Final - P & R Notes/ba28dc0fb603/screenshots/1166 told my friend jalen.jpg
ba28dc0fb603_1167,considering abt Sanaa,3,renamed,/home/kamleshpatil/Desktop/Notes - PR and ontata/notes_app/output/Batch - 3 Final - P & R Notes/ba28dc0fb603/notes/1167_en_US_notes_people relationships___PART035_68.txt,/home/kamleshpatil/Desktop/Notes - PR and ontata/notes_app/output/Batch - 3 Final - P & R Notes/ba28dc0fb603/screenshots/1167 thinking abt Sanaa.jpg
ba28dc0fb603_1175,update on bro tyrell,4,renamed,/home/kamleshpatil/Desktop/Notes - PR and ontata/notes_app/output/Batch - 3 Final - P & R Notes/ba28dc0fb603/notes/1175_en_US_notes_people relationships___PART035_76.txt,/home/kamleshpatil/Desktop/Notes - PR and ontata/notes_app/output/Batch - 3 Final - P & R Notes/ba28dc0fb603/screenshots/1175 update on bro tyrell booking code.jpg
ba28dc0fb603_1177,check with brielle,3,renamed,/home/kamleshpatil/Desktop/Notes - PR and ontata/notes_app/output/Batch - 3 Final - P & R Notes/ba28dc0fb603/notes/1177_en_US_notes_people relationships___PART035_78.txt,/home/kamleshpatil/Desktop/Notes - PR and ontata/notes_app/output/Batch - 3 Final - P & R Notes/ba28dc0fb603/screenshots/1177 check with brielle my dog park friend ab.jpg
ba28dc0fb603_1181,check with harper,3,renamed,/home/kamleshpatil/Desktop/Notes - PR and ontata/notes_app/output/Batch - 3 Final - P & R Notes/ba28dc0fb603/notes/1181_en_US_notes_people relationships___PART036_82.txt,/home/kamleshpatil/Desktop/Notes - PR and ontata/notes_app/output/Batch - 3 Final - P & R Notes/ba28dc0fb603/screenshots/1181 check with harper about portfolio update.jpg
ba28dc0fb603_1185,dont forget abt parent,4,renamed,/home/kamleshpatil/Desktop/Notes - PR and ontata/notes_app/output/Batch - 3 Final - P & R Notes/ba28dc0fb603/notes/1185_en_US_notes_people relationships___PART036_86.txt,/home/kamleshpatil/Desktop/Notes - PR and ontata/notes_app/output/Batch - 3 Final - P & R Notes/ba28dc0fb603/screenshots/1185 dont forget abt parent teacher mtg 2moro.jpg
ba28dc0fb603_1186,latest with the,3,renamed,/home/kamleshpatil/Desktop/Notes - PR and ontata/notes_app/output/Batch - 3 Final - P & R Notes/ba28dc0fb603/notes/1186_en_US_notes_people relationships___PART036_87.txt,/home/kamleshpatil/Desktop/Notes - PR and ontata/notes_app/output/Batch - 3 Final - P & R Notes/ba28dc0fb603/screenshots/1186 latest with the lady next.jpg
ba28dc0fb603_1187,kinda worrried abt bodhi,5,renamed,/home/kamleshpatil/Desktop/Notes - PR and ontata/notes_app/output/Batch - 3 Final - P & R Notes/ba28dc0fb603/notes/1187_en_US_notes_people relationships___PART036_88.txt,/home/kamleshpatil/Desktop/Notes - PR and ontata/notes_app/output/Batch - 3 Final - P & R Notes/ba28dc0fb603/screenshots/1187 low key worrried abt bodhi.jpg
ba28dc0fb603_1189,saw co,2,renamed,/home/kamleshpatil/Desktop/Notes - PR and ontata/notes_app/output/Batch - 3 Final - P & R Notes/ba28dc0fb603/notes/1189_en_US_notes_people relationships___PART036_90.txt,/home/kamleshpatil/Desktop/Notes - PR and ontata/notes_app/output/Batch - 3 Final - P & R Notes/ba28dc0fb603/screenshots/1189 saw co-parent today they got carlos tick.jpg
ba28dc0fb603_1190,texted my gym friend lucia abt patient w,3,renamed,/home/kamleshpatil/Desktop/Notes - PR and ontata/notes_app/output/Batch - 3 Final - P & R Notes/ba28dc0fb603/notes/1190_en_US_notes_people relationships___PART036_91.txt,/home/kamleshpatil/Desktop/Notes - PR and ontata/notes_app/output/Batch - 3 Final - P & R Notes/ba28dc0fb603/screenshots/1190 told my gym friend lucia abt patient wit.jpg
ba28dc0fb603_1192,kinda worried abt tensin on,5,renamed,/home/kamleshpatil/Desktop/Notes - PR and ontata/notes_app/output/Batch - 3 Final - P & R Notes/ba28dc0fb603/notes/1192_en_US_notes_people relationships___PART036_93.txt,/home/kamleshpatil/Desktop/Notes - PR and ontata/notes_app/output/Batch - 3 Final - P & R Notes/ba28dc0fb603/screenshots/1192 low key worried abt tensin on.jpg
ba28dc0fb603_1193,schedule time w oscar,4,renamed,/home/kamleshpatil/Desktop/Notes - PR and ontata/notes_app/output/Batch - 3 Final - P & R Notes/ba28dc0fb603/notes/1193_en_US_notes_people relationships___PART036_94.txt,/home/kamleshpatil/Desktop/Notes - PR and ontata/notes_app/output/Batch - 3 Final - P & R Notes/ba28dc0fb603/screenshots/1193 schedule time w oscar my best friend.jpg
ba28dc0fb603_1195,maybe ask my boyfriend,4,renamed,/home/kamleshpatil/Desktop/Notes - PR and ontata/notes_app/output/Batch - 3 Final - P & R Notes/ba28dc0fb603/notes/1195_en_US_notes_people relationships___PART036_96.txt,/home/kamleshpatil/Desktop/Notes - PR and ontata/notes_app/output/Batch - 3 Final - P & R Notes/ba28dc0fb603/screenshots/1195 maybe ask my boyfriend ivan abput.jpg
ba28dc0fb603_1196,reminded the neighbor dude about babysit,2,renamed,/home/kamleshpatil/Desktop/Notes - PR and ontata/notes_app/output/Batch - 3 Final - P & R Notes/ba28dc0fb603/notes/1196_en_US_notes_people relationships___PART036_97.txt,/home/kamleshpatil/Desktop/Notes - PR and ontata/notes_app/output/Batch - 3 Final - P & R Notes/ba28dc0fb603/screenshots/1196 told the neighbor dude about babysitter .jpg
ba28dc0fb603_1197,schedule time w legend,4,renamed,/home/kamleshpatil/Desktop/Notes - PR and ontata/notes_app/output/Batch - 3 Final - P & R Notes/ba28dc0fb603/notes/1197_en_US_notes_people relationships___PART036_98.txt,/home/kamleshpatil/Desktop/Notes - PR and ontata/notes_app/output/Batch - 3 Final - P & R Notes/ba28dc0fb603/screenshots/1197 schedule time w Legend my schol run mom.jpg
ba28dc0fb603_1200,dont forget abt bucket,4,renamed,/home/kamleshpatil/Desktop/Notes - PR and ontata/notes_app/output/Batch - 3 Final - P & R Notes/ba28dc0fb603/notes/1200_en_US_notes_people relationships___PART037_101.txt,/home/kamleshpatil/Desktop/Notes - PR and ontata/notes_app/output/Batch - 3 Final - P & R Notes/ba28dc0fb603/screenshots/1200 dont forget abt bucket list.jpg
ba28dc0fb603_1203,reminded my mom skai about zoom call tmr,3,renamed,/home/kamleshpatil/Desktop/Notes - PR and ontata/notes_app/output/Batch - 3 Final - P & R Notes/ba28dc0fb603/notes/1203_en_US_notes_people relationships___PART037_104.txt,/home/kamleshpatil/Desktop/Notes - PR and ontata/notes_app/output/Batch - 3 Final - P & R Notes/ba28dc0fb603/screenshots/1203 told my mom skai about zoom call tmrw.jpg
ba28dc0fb603_1211,remind uncle jace about Utility bill due,2,renamed,/home/kamleshpatil/Desktop/Notes - PR and ontata/notes_app/output/Batch - 3 Final - P & R Notes/ba28dc0fb603/notes/1211_en_US_notes_people relationships___PART037_112.txt,/home/kamleshpatil/Desktop/Notes - PR and ontata/notes_app/output/Batch - 3 Final - P & R Notes/ba28dc0fb603/screenshots/1211 ask uncle jace about Utility bill due tm.jpg
ba28dc0fb603_1212,remind sister about juniper report,2,renamed,/home/kamleshpatil/Desktop/Notes - PR and ontata/notes_app/output/Batch - 3 Final - P & R Notes/ba28dc0fb603/notes/1212_en_US_notes_people relationships___PART037_113.txt,/home/kamleshpatil/Desktop/Notes - PR and ontata/notes_app/output/Batch - 3 Final - P & R Notes/ba28dc0fb603/screenshots/1212 ask sister about juniper report.jpg
ba28dc0fb603_1213,fyi talked to my psych phoenix,4,renamed,/home/kamleshpatil/Desktop/Notes - PR and ontata/notes_app/output/Batch - 3 Final - P & R Notes/ba28dc0fb603/notes/1213_en_US_notes_people relationships___PART037_114.txt,/home/kamleshpatil/Desktop/Notes - PR and ontata/notes_app/output/Batch - 3 Final - P & R Notes/ba28dc0fb603/screenshots/1213 finally talked to my psych phoenix.jpg
ba28dc0fb603_1215,basically student,2,renamed,/home/kamleshpatil/Desktop/Notes - PR and ontata/notes_app/output/Batch - 3 Final - P & R Notes/ba28dc0fb603/notes/1215_en_US_notes_people relationships___PART037_116.txt,/home/kamleshpatil/Desktop/Notes - PR and ontata/notes_app/output/Batch - 3 Final - P & R Notes/ba28dc0fb603/screenshots/1215 basically student loan paid off now.jpg
ba28dc0fb603_1216,talking to,2,renamed,/home/kamleshpatil/Desktop/Notes - PR and ontata/notes_app/output/Batch - 3 Final - P & R Notes/ba28dc0fb603/notes/1216_en_US_notes_people relationships___PART037_117.txt,/home/kamleshpatil/Desktop/Notes - PR and ontata/notes_app/output/Batch - 3 Final - P & R Notes/ba28dc0fb603/screenshots/1216 talking to victoria rn.jpg
ba28dc0fb603_1220,tell me to tell cassian abut carpool lan,5,renamed,/home/kamleshpatil/Desktop/Notes - PR and ontata/notes_app/output/Batch - 3 Final - P & R Notes/ba28dc0fb603/notes/1220_en_US_notes_people relationships___PART038_121.txt,/home/kamleshpatil/Desktop/Notes - PR and ontata/notes_app/output/Batch - 3 Final - P & R Notes/ba28dc0fb603/screenshots/1220 remind me to tell cassian abut carpool l.jpg
ba28dc0fb603_1221,asked partner abt hotel boooking confirm,2,renamed,/home/kamleshpatil/Desktop/Notes - PR and ontata/notes_app/output/Batch - 3 Final - P & R Notes/ba28dc0fb603/notes/1221_en_US_notes_people relationships___PART038_122.txt,/home/kamleshpatil/Desktop/Notes - PR and ontata/notes_app/output/Batch - 3 Final - P & R Notes/ba28dc0fb603/screenshots/1221 told partner abt hotel boooking confirm .jpg
ba28dc0fb603_1223,declan my,2,renamed,/home/kamleshpatil/Desktop/Notes - PR and ontata/notes_app/output/Batch - 3 Final - P & R Notes/ba28dc0fb603/notes/1223_en_US_notes_people relationships___PART038_124.txt,/home/kamleshpatil/Desktop/Notes - PR and ontata/notes_app/output/Batch - 3 Final - P & R Notes/ba28dc0fb603/screenshots/1223 declan my barber sent me link to online .jpg
ba28dc0fb603_1225,almost forgoot,2,renamed,/home/kamleshpatil/Desktop/Notes - PR and ontata/notes_app/output/Batch - 3 Final - P & R Notes/ba28dc0fb603/notes/1225_en_US_notes_people relationships___PART038_126.txt,/home/kamleshpatil/Desktop/Notes - PR and ontata/notes_app/output/Batch - 3 Final - P & R Notes/ba28dc0fb603/screenshots/1225 almost forgoot to ask violet.jpg
ba28dc0fb603_1226,im talking,2,renamed,/home/kamleshpatil/Desktop/Notes - PR and ontata/notes_app/output/Batch - 3 Final - P & R Notes/ba28dc0fb603/notes/1226_en_US_notes_people relationships___PART038_127.txt,/home/kamleshpatil/Desktop/Notes - PR and ontata/notes_app/output/Batch - 3 Final - P & R Notes/ba28dc0fb603/screenshots/1226 im talking to my father-in-law daniela a.jpg
ba28dc0fb603_1227,call indie,2,renamed,/home/kamleshpatil/Desktop/Notes - PR and ontata/notes_app/output/Batch - 3 Final - P & R Notes/ba28dc0fb603/notes/1227_en_US_notes_people relationships___PART038_128.txt,/home/kamleshpatil/Desktop/Notes - PR and ontata/notes_app/output/Batch - 3 Final - P & R Notes/ba28dc0fb603/screenshots/1227 call indie rn bc.jpg
ba28dc0fb603_1230,finally talked to lupita,4,renamed,/home/kamleshpatil/Desktop/Notes - PR and ontata/notes_app/output/Batch - 3 Final - P & R Notes/ba28dc0fb603/notes/1230_en_US_notes_people relationships___PART038_131.txt,/home/kamleshpatil/Desktop/Notes - PR and ontata/notes_app/output/Batch - 3 Final - P & R Notes/ba28dc0fb603/screenshots/1230 finally talked to lupita.jpg
ba28dc0fb603_1233,trying to game night crew abt target hau,2,renamed,/home/kamleshpatil/Desktop/Notes - PR and ontata/notes_app/output/Batch - 3 Final - P & R Notes/ba28dc0fb603/notes/1233_en_US_notes_people relationships___PART038_134.txt,/home/kamleshpatil/Desktop/Notes - PR and ontata/notes_app/output/Batch - 3 Final - P & R Notes/ba28dc0fb603/screenshots/1233 meant to game night crew abt target haul.jpg
ba28dc0fb603_1235,well so step-son abt meeting at bank tmr,3,renamed,/home/kamleshpatil/Desktop/Notes - PR and ontata/notes_app/output/Batch - 3 Final - P & R Notes/ba28dc0fb603/notes/1235_en_US_notes_people relationships___PART038_136.txt,/home/kamleshpatil/Desktop/Notes - PR and ontata/notes_app/output/Batch - 3 Final - P & R Notes/ba28dc0fb603/screenshots/1235 ok so step-son abt meeting at bank tmrw .jpg
ba28dc0fb603_1237,hearing from,2,renamed,/home/kamleshpatil/Desktop/Notes - PR and ontata/notes_app/output/Batch - 3 Final - P & R Notes/ba28dc0fb603/notes/1237_en_US_notes_people relationships___PART038_138.txt,/home/kamleshpatil/Desktop/Notes - PR and ontata/notes_app/output/Batch - 3 Final - P & R Notes/ba28dc0fb603/screenshots/1237 hearing from my the lady from.jpg
ba28dc0fb603_1238,nearly forgot to tell peyton about,5,renamed,/home/kamleshpatil/Desktop/Notes - PR and ontata/notes_app/output/Batch - 3 Final - P & R Notes/ba28dc0fb603/notes/1238_en_US_notes_people relationships___PART038_139.txt,/home/kamleshpatil/Desktop/Notes - PR and ontata/notes_app/output/Batch - 3 Final - P & R Notes/ba28dc0fb603/screenshots/1238 almost forgot to tell peyton about.jpg
ba28dc0fb603_1241,maybe ask sis,3,renamed,/home/kamleshpatil/Desktop/Notes - PR and ontata/notes_app/output/Batch - 3 Final - P & R Notes/ba28dc0fb603/notes/1241_en_US_notes_people relationships___PART039_142.txt,/home/kamleshpatil/Desktop/Notes - PR and ontata/notes_app/output/Batch - 3 Final - P & R Notes/ba28dc0fb603/screenshots/1241 maybe ask sis about carmens calender.jpg
ba28dc0fb603_1244,bout to bring up passport stamp goals,4,renamed,/home/kamleshpatil/Desktop/Notes - PR and ontata/notes_app/output/Batch - 3 Final - P & R Notes/ba28dc0fb603/notes/1244_en_US_notes_people relationships___PART039_145.txt,/home/kamleshpatil/Desktop/Notes - PR and ontata/notes_app/output/Batch - 3 Final - P & R Notes/ba28dc0fb603/screenshots/1244 gonna bring up passport stamp goals.jpg
ba28dc0fb603_1248,ask book,2,renamed,/home/kamleshpatil/Desktop/Notes - PR and ontata/notes_app/output/Batch - 3 Final - P & R Notes/ba28dc0fb603/notes/1248_en_US_notes_people relationships___PART039_149.txt,/home/kamleshpatil/Desktop/Notes - PR and ontata/notes_app/output/Batch - 3 Final - P & R Notes/ba28dc0fb603/screenshots/1248 ask book club friend about project ced i.jpg
ba28dc0fb603_1252,latest with my father,4,renamed,/home/kamleshpatil/Desktop/Notes - PR and ontata/notes_app/output/Batch - 3 Final - P & R Notes/ba28dc0fb603/notes/1252_en_US_notes_people relationships___PART039_153.txt,/home/kamleshpatil/Desktop/Notes - PR and ontata/notes_app/output/Batch - 3 Final - P & R Notes/ba28dc0fb603/screenshots/1252 latest with my father-in-law pedro.jpg
ba28dc0fb603_1254,babe texted,2,renamed,/home/kamleshpatil/Desktop/Notes - PR and ontata/notes_app/output/Batch - 3 Final - P & R Notes/ba28dc0fb603/notes/1254_en_US_notes_people relationships___PART039_155.txt,/home/kamleshpatil/Desktop/Notes - PR and ontata/notes_app/output/Batch - 3 Final - P & R Notes/ba28dc0fb603/screenshots/1254 babe texted saying dante wants to try th.jpg
ba28dc0fb603_1256,remind me to drop,4,renamed,/home/kamleshpatil/Desktop/Notes - PR and ontata/notes_app/output/Batch - 3 Final - P & R Notes/ba28dc0fb603/notes/1256_en_US_notes_people relationships___PART039_157.txt,/home/kamleshpatil/Desktop/Notes - PR and ontata/notes_app/output/Batch - 3 Final - P & R Notes/ba28dc0fb603/screenshots/1256 remind me to drop off max at dog.jpg
ba28dc0fb603_1258,debating if phoenix my babe,3,renamed,/home/kamleshpatil/Desktop/Notes - PR and ontata/notes_app/output/Batch - 3 Final - P & R Notes/ba28dc0fb603/notes/1258_en_US_notes_people relationships___PART039_159.txt,/home/kamleshpatil/Desktop/Notes - PR and ontata/notes_app/output/Batch - 3 Final - P & R Notes/ba28dc0fb603/screenshots/1258 wondering if phoenix my babe.jpg
ba28dc0fb603_1259,low key worried abt groceries,5,renamed,/home/kamleshpatil/Desktop/Notes - PR and ontata/notes_app/output/Batch - 3 Final - P & R Notes/ba28dc0fb603/notes/1259_en_US_notes_people relationships___PART039_160.txt,/home/kamleshpatil/Desktop/Notes - PR and ontata/notes_app/output/Batch - 3 Final - P & R Notes/ba28dc0fb603/screenshots/1259 low key worried abt groceries rn.jpg
ba28dc0fb603_1260,reign my,2,renamed,/home/kamleshpatil/Desktop/Notes - PR and ontata/notes_app/output/Batch - 3 Final - P & R Notes/ba28dc0fb603/notes/1260_en_US_notes_people relationships___PART040_161.txt,/home/kamleshpatil/Desktop/Notes - PR and ontata/notes_app/output/Batch - 3 Final - P & R Notes/ba28dc0fb603/screenshots/1260 reign my family friend said to hit him u.jpg
ba28dc0fb603_1262,wondering if hector,3,renamed,/home/kamleshpatil/Desktop/Notes - PR and ontata/notes_app/output/Batch - 3 Final - P & R Notes/ba28dc0fb603/notes/1262_en_US_notes_people relationships___PART040_163.txt,/home/kamleshpatil/Desktop/Notes - PR and ontata/notes_app/output/Batch - 3 Final - P & R Notes/ba28dc0fb603/screenshots/1262 wondering if hector my.jpg
ba28dc0fb603_1263,still meaning to talk to gabriel about i,6,renamed,/home/kamleshpatil/Desktop/Notes - PR and ontata/notes_app/output/Batch - 3 Final - P & R Notes/ba28dc0fb603/notes/1263_en_US_notes_people relationships___PART040_164.txt,/home/kamleshpatil/Desktop/Notes - PR and ontata/notes_app/output/Batch - 3 Final - P & R Notes/ba28dc0fb603/screenshots/1263 been meaning to talk to gabriel about in.jpg
ba28dc0fb603_1264,heard soccer coach today she helped me s,2,renamed,/home/kamleshpatil/Desktop/Notes - PR and ontata/notes_app/output/Batch - 3 Final - P & R Notes/ba28dc0fb603/notes/1264_en_US_notes_people relationships___PART040_165.txt,/home/kamleshpatil/Desktop/Notes - PR and ontata/notes_app/output/Batch - 3 Final - P & R Notes/ba28dc0fb603/screenshots/1264 saw soccer coach today she helped me set.jpg
ba28dc0fb603_1265,booker my,2,renamed,/home/kamleshpatil/Desktop/Notes - PR and ontata/notes_app/output/Batch - 3 Final - P & R Notes/ba28dc0fb603/notes/1265_en_US_notes_people relationships___PART040_166.txt,/home/kamleshpatil/Desktop/Notes - PR and ontata/notes_app/output/Batch - 3 Final - P & R Notes/ba28dc0fb603/screenshots/1265 booker my study buddy has a meeting tmrw.jpg
c1a24f0b3775_1100,thinking abt bali,3,renamed,/home/kamleshpatil/Desktop/Notes - PR and ontata/notes_app/output/Batch - 3 Final - P & R Notes/c1a24f0b3775/notes/1100_en_US_notes_people relationships___PART032_1.txt,/home/kamleshpatil/Desktop/Notes - PR and ontata/notes_app/output/Batch - 3 Final - P & R Notes/c1a24f0b3775/screenshots/1100 thinking abt bali rn and Trevon ask.jpg
c1a24f0b3775_1101,cant forget abt that water leak on,4,renamed,/home/kamleshpatil/Desktop/Notes - PR and ontata/notes_app/output/Batch - 3 Final - P & R Notes/c1a24f0b3775/notes/1101_en_US_notes_people relationships___PART032_2.txt,/home/kamleshpatil/Desktop/Notes - PR and ontata/notes_app/output/Batch - 3 Final - P & R Notes/c1a24f0b3775/screenshots/1101 dont forget abt that water leak on.jpg
c1a24f0b3775_1103,dont forget abt luis,4,renamed,/home/kamleshpatil/Desktop/Notes - PR and ontata/notes_app/output/Batch - 3 Final - P & R Notes/c1a24f0b3775/notes/1103_en_US_notes_people relationships___PART032_4.txt,/home/kamleshpatil/Desktop/Notes - PR and ontata/notes_app/output/Batch - 3 Final - P & R Notes/c1a24f0b3775/screenshots/1103 dont forget abt luis bday tmrw.jpg
c1a24f0b3775_1104,meant to bring up the gift for joaquin t,5,renamed,/home/kamleshpatil/Desktop/Notes - PR and ontata/notes_app/output/Batch - 3 Final - P & R Notes/c1a24f0b3775/notes/1104_en_US_notes_people relationships___PART032_5.txt,/home/kamleshpatil/Desktop/Notes - PR and ontata/notes_app/output/Batch - 3 Final - P & R Notes/c1a24f0b3775/screenshots/1104 gonna bring up the gift for joaquin to o.jpg
c1a24f0b3775_1105,gotta call dr,3,renamed,/home/kamleshpatil/Desktop/Notes - PR and ontata/notes_app/output/Batch - 3 Final - P & R Notes/c1a24f0b3775/notes/1105_en_US_notes_people relationships___PART032_6.txt,/home/kamleshpatil/Desktop/Notes - PR and ontata/notes_app/output/Batch - 3 Final - P & R Notes/c1a24f0b3775/screenshots/1105 gotta call dr about pregnant patient tbh.jpg
c1a24f0b3775_1107,gonna bring up dont,4,renamed,/home/kamleshpatil/Desktop/Notes - PR and ontata/notes_app/output/Batch - 3 Final - P & R Notes/c1a24f0b3775/notes/1107_en_US_notes_people relationships___PART032_8.txt,/home/kamleshpatil/Desktop/Notes - PR and ontata/notes_app/output/Batch - 3 Final - P & R Notes/c1a24f0b3775/screenshots/1107 gonna bring up dont feelin great to some.jpg
c1a24f0b3775_1108,its a,2,renamed,/home/kamleshpatil/Desktop/Notes - PR and ontata/notes_app/output/Batch - 3 Final - P & R Notes/c1a24f0b3775/notes/1108_en_US_notes_people relationships___PART032_9.txt,/home/kamleshpatil/Desktop/Notes - PR and ontata/notes_app/output/Batch - 3 Final - P & R Notes/c1a24f0b3775/screenshots/1108 its a blessin eboni toold.jpg
c1a24f0b3775_1109,dont foeget,2,renamed,/home/kamleshpatil/Desktop/Notes - PR and ontata/notes_app/output/Batch - 3 Final - P & R Notes/c1a24f0b3775/notes/1109_en_US_notes_people relationships___PART032_10.txt,/home/kamleshpatil/Desktop/Notes - PR and ontata/notes_app/output/Batch - 3 Final - P & R Notes/c1a24f0b3775/screenshots/1109 dont foeget abt tee time.jpg
c1a24f0b3775_1110,tired to,2,renamed,/home/kamleshpatil/Desktop/Notes - PR and ontata/notes_app/output/Batch - 3 Final - P & R Notes/c1a24f0b3775/notes/1110_en_US_notes_people relationships___PART032_11.txt,/home/kamleshpatil/Desktop/Notes - PR and ontata/notes_app/output/Batch - 3 Final - P & R Notes/c1a24f0b3775/screenshots/1110 tired to the bone with all this paperwor.jpg
c1a24f0b3775_1111,skylar mentioned,2,renamed,/home/kamleshpatil/Desktop/Notes - PR and ontata/notes_app/output/Batch - 3 Final - P & R Notes/c1a24f0b3775/notes/1111_en_US_notes_people relationships___PART032_12.txt,/home/kamleshpatil/Desktop/Notes - PR and ontata/notes_app/output/Batch - 3 Final - P & R Notes/c1a24f0b3775/screenshots/1111 skylar mentioned go see new.jpg
c1a24f0b3775_1112,maybe ask christian,3,renamed,/home/kamleshpatil/Desktop/Notes - PR and ontata/notes_app/output/Batch - 3 Final - P & R Notes/c1a24f0b3775/notes/1112_en_US_notes_people relationships___PART032_13.txt,/home/kamleshpatil/Desktop/Notes - PR and ontata/notes_app/output/Batch - 3 Final - P & R Notes/c1a24f0b3775/screenshots/1112 maybe ask christian 2moro about couch me.jpg
c1a24f0b3775_1113,texted kids coach abt nalanis behavior t,2,renamed,/home/kamleshpatil/Desktop/Notes - PR and ontata/notes_app/output/Batch - 3 Final - P & R Notes/c1a24f0b3775/notes/1113_en_US_notes_people relationships___PART032_14.txt,/home/kamleshpatil/Desktop/Notes - PR and ontata/notes_app/output/Batch - 3 Final - P & R Notes/c1a24f0b3775/screenshots/1113 told kids coach abt nalanis behavior tmr.jpg
c1a24f0b3775_1114,btw neighbor,2,renamed,/home/kamleshpatil/Desktop/Notes - PR and ontata/notes_app/output/Batch - 3 Final - P & R Notes/c1a24f0b3775/notes/1114_en_US_notes_people relationships___PART032_15.txt,/home/kamleshpatil/Desktop/Notes - PR and ontata/notes_app/output/Batch - 3 Final - P & R Notes/c1a24f0b3775/screenshots/1114 btw neighbor lucas called me crazy early.jpg
c1a24f0b3775_1115,btw need to run to the store for,2,renamed,/home/kamleshpatil/Desktop/Notes - PR and ontata/notes_app/output/Batch - 3 Final - P & R Notes/c1a24f0b3775/notes/1115_en_US_notes_people relationships___PART032_16.txt,/home/kamleshpatil/Desktop/Notes - PR and ontata/notes_app/output/Batch - 3 Final - P & R Notes/c1a24f0b3775/screenshots/1115 just need to run to the store for.jpg
c1a24f0b3775_1116,anyway so sis wants me to go,3,renamed,/home/kamleshpatil/Desktop/Notes - PR and ontata/notes_app/output/Batch - 3 Final - P & R Notes/c1a24f0b3775/notes/1116_en_US_notes_people relationships___PART032_17.txt,/home/kamleshpatil/Desktop/Notes - PR and ontata/notes_app/output/Batch - 3 Final - P & R Notes/c1a24f0b3775/screenshots/1116 ok so sis wants me to go.jpg
c1a24f0b3775_1117,honestly realized my 2018 ford f150 nerd,4,renamed,/home/kamleshpatil/Desktop/Notes - PR and ontata/notes_app/output/Batch - 3 Final - P & R Notes/c1a24f0b3775/notes/1117_en_US_notes_people relationships___PART032_18.txt,/home/kamleshpatil/Desktop/Notes - PR and ontata/notes_app/output/Batch - 3 Final - P & R Notes/c1a24f0b3775/screenshots/1117 just realized my 2018 ford f150 nerds.jpg
c1a24f0b3775_1118,almost forgot to get,4,renamed,/home/kamleshpatil/Desktop/Notes - PR and ontata/notes_app/output/Batch - 3 Final - P & R Notes/c1a24f0b3775/notes/1118_en_US_notes_people relationships___PART032_19.txt,/home/kamleshpatil/Desktop/Notes - PR and ontata/notes_app/output/Batch - 3 Final - P & R Notes/c1a24f0b3775/screenshots/1118 almost forgot to get laptop stand for ho.jpg
c1a24f0b3775_1119,almost forgot to tell my fianc,6,renamed,/home/kamleshpatil/Desktop/Notes - PR and ontata/notes_app/output/Batch - 3 Final - P & R Notes/c1a24f0b3775/notes/1119_en_US_notes_people relationships___PART032_20.txt,/home/kamleshpatil/Desktop/Notes - PR and ontata/notes_app/output/Batch - 3 Final - P & R Notes/c1a24f0b3775/screenshots/1119 almost forgot to tell.jpg
c1a24f0b3775_1120,thinking abt a,3,renamed,/home/kamleshpatil/Desktop/Notes - PR and ontata/notes_app/output/Batch - 3 Final - P & R Notes/c1a24f0b3775/notes/1120_en_US_notes_people relationships___PART033_21.txt,/home/kamleshpatil/Desktop/Notes - PR and ontata/notes_app/output/Batch - 3 Final - P & R Notes/c1a24f0b3775/screenshots/1120 thinking abt a new reel idea fyi.jpg
c1a24f0b3775_1121,cant stop thinking abt tmrw,5,renamed,/home/kamleshpatil/Desktop/Notes - PR and ontata/notes_app/output/Batch - 3 Final - P & R Notes/c1a24f0b3775/notes/1121_en_US_notes_people relationships___PART033_22.txt,/home/kamleshpatil/Desktop/Notes - PR and ontata/notes_app/output/Batch - 3 Final - P & R Notes/c1a24f0b3775/screenshots/1121 cant stop thinking abt tmrw my wifes ask.jpg
c1a24f0b3775_1122,my appt,2,renamed,/home/kamleshpatil/Desktop/Notes - PR and ontata/notes_app/output/Batch - 3 Final - P & R Notes/c1a24f0b3775/notes/1122_en_US_notes_people relationships___PART033_23.txt,/home/kamleshpatil/Desktop/Notes - PR and ontata/notes_app/output/Batch - 3 Final - P & R Notes/c1a24f0b3775/screenshots/1122 my appt tmrw with audiologist wont deter.jpg
c1a24f0b3775_1123,they havent,2,renamed,/home/kamleshpatil/Desktop/Notes - PR and ontata/notes_app/output/Batch - 3 Final - P & R Notes/c1a24f0b3775/notes/1123_en_US_notes_people relationships___PART033_24.txt,/home/kamleshpatil/Desktop/Notes - PR and ontata/notes_app/output/Batch - 3 Final - P & R Notes/c1a24f0b3775/screenshots/1123 they havent returned my calls.jpg
c1a24f0b3775_1124,plan tme w papa to check out food truck,2,renamed,/home/kamleshpatil/Desktop/Notes - PR and ontata/notes_app/output/Batch - 3 Final - P & R Notes/c1a24f0b3775/notes/1124_en_US_notes_people relationships___PART033_25.txt,/home/kamleshpatil/Desktop/Notes - PR and ontata/notes_app/output/Batch - 3 Final - P & R Notes/c1a24f0b3775/screenshots/1124 schedule tme w papa to check out food tr.jpg
c1a24f0b3775_1125,debating abt going bck to,3,renamed,/home/kamleshpatil/Desktop/Notes - PR and ontata/notes_app/output/Batch - 3 Final - P & R Notes/c1a24f0b3775/notes/1125_en_US_notes_people relationships___PART033_26.txt,/home/kamleshpatil/Desktop/Notes - PR and ontata/notes_app/output/Batch - 3 Final - P & R Notes/c1a24f0b3775/screenshots/1125 thinking abt going bck to.jpg
c1a24f0b3775_1126,btw dentist,2,renamed,/home/kamleshpatil/Desktop/Notes - PR and ontata/notes_app/output/Batch - 3 Final - P & R Notes/c1a24f0b3775/notes/1126_en_US_notes_people relationships___PART033_27.txt,/home/kamleshpatil/Desktop/Notes - PR and ontata/notes_app/output/Batch - 3 Final - P & R Notes/c1a24f0b3775/screenshots/1126 btw dentist said i.jpg
c1a24f0b3775_1127,gonna brimg,2,renamed,/home/kamleshpatil/Desktop/Notes - PR and ontata/notes_app/output/Batch - 3 Final - P & R Notes/c1a24f0b3775/notes/1127_en_US_notes_people relationships___PART033_28.txt,/home/kamleshpatil/Desktop/Notes - PR and ontata/notes_app/output/Batch - 3 Final - P & R Notes/c1a24f0b3775/screenshots/1127 gonna brimg up pet fod with my babe.jpg
c1a24f0b3775_1128,been meaning to follow,4,renamed,/home/kamleshpatil/Desktop/Notes - PR and ontata/notes_app/output/Batch - 3 Final - P & R Notes/c1a24f0b3775/notes/1128_en_US_notes_people relationships___PART033_29.txt,/home/kamleshpatil/Desktop/Notes - PR and ontata/notes_app/output/Batch - 3 Final - P & R Notes/c1a24f0b3775/screenshots/1128 been meaning to follow up on appt with m.jpg
c1a24f0b3775_1129,im thinking,2,renamed,/home/kamleshpatil/Desktop/Notes - PR and ontata/notes_app/output/Batch - 3 Final - P & R Notes/c1a24f0b3775/notes/1129_en_US_notes_people relationships___PART033_30.txt,/home/kamleshpatil/Desktop/Notes - PR and ontata/notes_app/output/Batch - 3 Final - P & R Notes/c1a24f0b3775/screenshots/1129 im thinking red lipstick dont know if.jpg
c1a24f0b3775_1130,update on my,3,renamed,/home/kamleshpatil/Desktop/Notes - PR and ontata/notes_app/output/Batch - 3 Final - P & R Notes/c1a24f0b3775/notes/1130_en_US_notes_people relationships___PART033_31.txt,/home/kamleshpatil/Desktop/Notes - PR and ontata/notes_app/output/Batch - 3 Final - P & R Notes/c1a24f0b3775/screenshots/1130 update on my desk neighbor jayden says h.jpg
c1a24f0b3775_1131,ok so languuage,3,renamed,/home/kamleshpatil/Desktop/Notes - PR and ontata/notes_app/output/Batch - 3 Final - P & R Notes/c1a24f0b3775/notes/1131_en_US_notes_people relationships___PART033_32.txt,/home/kamleshpatil/Desktop/Notes - PR and ontata/notes_app/output/Batch - 3 Final - P & R Notes/c1a24f0b3775/screenshots/1131 ok so languuage learning friend and sage.jpg
c1a24f0b3775_1132,almost forgot to measure,4,renamed,/home/kamleshpatil/Desktop/Notes - PR and ontata/notes_app/output/Batch - 3 Final - P & R Notes/c1a24f0b3775/notes/1132_en_US_notes_people relationships___PART033_33.txt,/home/kamleshpatil/Desktop/Notes - PR and ontata/notes_app/output/Batch - 3 Final - P & R Notes/c1a24f0b3775/screenshots/1132 almost forgot to measure.jpg
c1a24f0b3775_1133,so me,2,renamed,/home/kamleshpatil/Desktop/Notes - PR and ontata/notes_app/output/Batch - 3 Final - P & R Notes/c1a24f0b3775/notes/1133_en_US_notes_people relationships___PART033_34.txt,/home/kamleshpatil/Desktop/Notes - PR and ontata/notes_app/output/Batch - 3 Final - P & R Notes/c1a24f0b3775/screenshots/1133 so me  skyla r meeting pickp line.jpg
c1a24f0b3775_1134,wondering if ex,3,renamed,/home/kamleshpatil/Desktop/Notes - PR and ontata/notes_app/output/Batch - 3 Final - P & R Notes/c1a24f0b3775/notes/1134_en_US_notes_people relationships___PART033_35.txt,/home/kamleshpatil/Desktop/Notes - PR and ontata/notes_app/output/Batch - 3 Final - P & R Notes/c1a24f0b3775/screenshots/1134 wondering if ex-husband alejandra rememb.jpg
c1a24f0b3775_1135,called bodhi,2,renamed,/home/kamleshpatil/Desktop/Notes - PR and ontata/notes_app/output/Batch - 3 Final - P & R Notes/c1a24f0b3775/notes/1135_en_US_notes_people relationships___PART033_36.txt,/home/kamleshpatil/Desktop/Notes - PR and ontata/notes_app/output/Batch - 3 Final - P & R Notes/c1a24f0b3775/screenshots/1135 called bodhi to ask.jpg
c1a24f0b3775_1137,were supposed,2,renamed,/home/kamleshpatil/Desktop/Notes - PR and ontata/notes_app/output/Batch - 3 Final - P & R Notes/c1a24f0b3775/notes/1137_en_US_notes_people relationships___PART033_38.txt,/home/kamleshpatil/Desktop/Notes - PR and ontata/notes_app/output/Batch - 3 Final - P & R Notes/c1a24f0b3775/screenshots/1137 were supposed to rotate weeks but bestie.jpg
c1a24f0b3775_1138,latest with my work,4,renamed,/home/kamleshpatil/Desktop/Notes - PR and ontata/notes_app/output/Batch - 3 Final - P & R Notes/c1a24f0b3775/notes/1138_en_US_notes_people relationships___PART033_39.txt,/home/kamleshpatil/Desktop/Notes - PR and ontata/notes_app/output/Batch - 3 Final - P & R Notes/c1a24f0b3775/screenshots/1138 latest with my work bestie is cyrus.jpg
c1a24f0b3775_1139,noticed significant other today and,2,renamed,/home/kamleshpatil/Desktop/Notes - PR and ontata/notes_app/output/Batch - 3 Final - P & R Notes/c1a24f0b3775/notes/1139_en_US_notes_people relationships___PART033_40.txt,/home/kamleshpatil/Desktop/Notes - PR and ontata/notes_app/output/Batch - 3 Final - P & R Notes/c1a24f0b3775/screenshots/1139 saw significant other today and.jpg
c1a24f0b3775_1140,real talk worried abt tomatotop lecture,5,renamed,/home/kamleshpatil/Desktop/Notes - PR and ontata/notes_app/output/Batch - 3 Final - P & R Notes/c1a24f0b3775/notes/1140_en_US_notes_people relationships___PART034_41.txt,/home/kamleshpatil/Desktop/Notes - PR and ontata/notes_app/output/Batch - 3 Final - P & R Notes/c1a24f0b3775/screenshots/1140 low key worried abt tomatotop lecture tm.jpg
c1a24f0b3775_1141,father texted,2,renamed,/home/kamleshpatil/Desktop/Notes - PR and ontata/notes_app/output/Batch - 3 Final - P & R Notes/c1a24f0b3775/notes/1141_en_US_notes_people relationships___PART034_42.txt,/home/kamleshpatil/Desktop/Notes - PR and ontata/notes_app/output/Batch - 3 Final - P & R Notes/c1a24f0b3775/screenshots/1141 father texted saying Jxon changed.jpg
c1a24f0b3775_1142,btw scored a rare miles,2,renamed,/home/kamleshpatil/Desktop/Notes - PR and ontata/notes_app/output/Batch - 3 Final - P & R Notes/c1a24f0b3775/notes/1142_en_US_notes_people relationships___PART034_43.txt,/home/kamleshpatil/Desktop/Notes - PR and ontata/notes_app/output/Batch - 3 Final - P & R Notes/c1a24f0b3775/screenshots/1142 just scored a rare miles.jpg
c1a24f0b3775_1143,should probably ordr,3,renamed,/home/kamleshpatil/Desktop/Notes - PR and ontata/notes_app/output/Batch - 3 Final - P & R Notes/c1a24f0b3775/notes/1143_en_US_notes_people relationships___PART034_44.txt,/home/kamleshpatil/Desktop/Notes - PR and ontata/notes_app/output/Batch - 3 Final - P & R Notes/c1a24f0b3775/screenshots/1143 should probably ordr fresh basil.jpg
c1a24f0b3775_1144,quick note on booking,4,renamed,/home/kamleshpatil/Desktop/Notes - PR and ontata/notes_app/output/Batch - 3 Final - P & R Notes/c1a24f0b3775/notes/1144_en_US_notes_people relationships___PART034_45.txt,/home/kamleshpatil/Desktop/Notes - PR and ontata/notes_app/output/Batch - 3 Final - P & R Notes/c1a24f0b3775/screenshots/1144 quick note on booking code.jpg
c1a24f0b3775_1145,found news from zara that tickets r sold,4,renamed,/home/kamleshpatil/Desktop/Notes - PR and ontata/notes_app/output/Batch - 3 Final - P & R Notes/c1a24f0b3775/notes/1145_en_US_notes_people relationships___PART034_46.txt,/home/kamleshpatil/Desktop/Notes - PR and ontata/notes_app/output/Batch - 3 Final - P & R Notes/c1a24f0b3775/screenshots/1145 got news from zara that tickets r sold o.jpg
c1a24f0b3775_1146,btw personal,2,renamed,/home/kamleshpatil/Desktop/Notes - PR and ontata/notes_app/output/Batch - 3 Final - P & R Notes/c1a24f0b3775/notes/1146_en_US_notes_people relationships___PART034_47.txt,/home/kamleshpatil/Desktop/Notes - PR and ontata/notes_app/output/Batch - 3 Final - P & R Notes/c1a24f0b3775/screenshots/1146 btw personal trainer mila said est 3 app.jpg
c1a24f0b3775_1147,maybe ask grandpa,3,renamed,/home/kamleshpatil/Desktop/Notes - PR and ontata/notes_app/output/Batch - 3 Final - P & R Notes/c1a24f0b3775/notes/1147_en_US_notes_people relationships___PART034_48.txt,/home/kamleshpatil/Desktop/Notes - PR and ontata/notes_app/output/Batch - 3 Final - P & R Notes/c1a24f0b3775/screenshots/1147 maybe ask grandpa about onyx cuz.jpg
c1a24f0b3775_1148,finally talked to adalynn,4,renamed,/home/kamleshpatil/Desktop/Notes - PR and ontata/notes_app/output/Batch - 3 Final - P & R Notes/c1a24f0b3775/notes/1148_en_US_notes_people relationships___PART034_49.txt,/home/kamleshpatil/Desktop/Notes - PR and ontata/notes_app/output/Batch - 3 Final - P & R Notes/c1a24f0b3775/screenshots/1148 finally talked to adalynn my poker budy.jpg
c1a24f0b3775_1149,river said,2,renamed,/home/kamleshpatil/Desktop/Notes - PR and ontata/notes_app/output/Batch - 3 Final - P & R Notes/c1a24f0b3775/notes/1149_en_US_notes_people relationships___PART034_50.txt,/home/kamleshpatil/Desktop/Notes - PR and ontata/notes_app/output/Batch - 3 Final - P & R Notes/c1a24f0b3775/screenshots/1149 river said id be better off just asking.jpg
c1a24f0b3775_1150,fyi so tired of 7am shift,2,renamed,/home/kamleshpatil/Desktop/Notes - PR and ontata/notes_app/output/Batch - 3 Final - P & R Notes/c1a24f0b3775/notes/1150_en_US_notes_people relationships___PART034_51.txt,/home/kamleshpatil/Desktop/Notes - PR and ontata/notes_app/output/Batch - 3 Final - P & R Notes/c1a24f0b3775/screenshots/1150 so so tired of 7am shift.jpg
c1a24f0b3775_1151,tell zuri my hiking buddy 4 dinner plans,2,renamed,/home/kamleshpatil/Desktop/Notes - PR and ontata/notes_app/output/Batch - 3 Final - P & R Notes/c1a24f0b3775/notes/1151_en_US_notes_people relationships___PART034_52.txt,/home/kamleshpatil/Desktop/Notes - PR and ontata/notes_app/output/Batch - 3 Final - P & R Notes/c1a24f0b3775/screenshots/1151 ask zuri my hiking buddy 4 dinner plans .jpg
c1a24f0b3775_1152,been meanig,2,renamed,/home/kamleshpatil/Desktop/Notes - PR and ontata/notes_app/output/Batch - 3 Final - P & R Notes/c1a24f0b3775/notes/1152_en_US_notes_people relationships___PART034_53.txt,/home/kamleshpatil/Desktop/Notes - PR and ontata/notes_app/output/Batch - 3 Final - P & R Notes/c1a24f0b3775/screenshots/1152 been meanig to ask.jpg
c1a24f0b3775_1153,actually worried abt wknd trip with my h,5,renamed,/home/kamleshpatil/Desktop/Notes - PR and ontata/notes_app/output/Batch - 3 Final - P & R Notes/c1a24f0b3775/notes/1153_en_US_notes_people relationships___PART034_54.txt,/home/kamleshpatil/Desktop/Notes - PR and ontata/notes_app/output/Batch - 3 Final - P & R Notes/c1a24f0b3775/screenshots/1153 low key worried abt wknd trip with my ho.jpg
c1a24f0b3775_1154,well so picked up new tool,3,renamed,/home/kamleshpatil/Desktop/Notes - PR and ontata/notes_app/output/Batch - 3 Final - P & R Notes/c1a24f0b3775/notes/1154_en_US_notes_people relationships___PART034_55.txt,/home/kamleshpatil/Desktop/Notes - PR and ontata/notes_app/output/Batch - 3 Final - P & R Notes/c1a24f0b3775/screenshots/1154 ok so picked up new tool.jpg
c1a24f0b3775_1157,schedule time w my babysitter,5,renamed,/home/kamleshpatil/Desktop/Notes - PR and ontata/notes_app/output/Batch - 3 Final - P & R Notes/c1a24f0b3775/notes/1157_en_US_notes_people relationships___PART034_58.txt,/home/kamleshpatil/Desktop/Notes - PR and ontata/notes_app/output/Batch - 3 Final - P & R Notes/c1a24f0b3775/screenshots/1157 schedule time w my babysitter.jpg
c1a24f0b3775_1158,cant stop thinking abt fundraiser,5,renamed,/home/kamleshpatil/Desktop/Notes - PR and ontata/notes_app/output/Batch - 3 Final - P & R Notes/c1a24f0b3775/notes/1158_en_US_notes_people relationships___PART034_59.txt,/home/kamleshpatil/Desktop/Notes - PR and ontata/notes_app/output/Batch - 3 Final - P & R Notes/c1a24f0b3775/screenshots/1158 cant stop thinking abt fundraiser idea t.jpg
c1a24f0b3775_1159,planning to make homework tracker printa,3,renamed,/home/kamleshpatil/Desktop/Notes - PR and ontata/notes_app/output/Batch - 3 Final - P & R Notes/c1a24f0b3775/notes/1159_en_US_notes_people relationships___PART034_60.txt,/home/kamleshpatil/Desktop/Notes - PR and ontata/notes_app/output/Batch - 3 Final - P & R Notes/c1a24f0b3775/screenshots/1159 need to make homework tracker printable.jpg
c1a24f0b3775_1160,honestly putting off calling cooper,4,renamed,/home/kamleshpatil/Desktop/Notes - PR and ontata/notes_app/output/Batch - 3 Final - P & R Notes/c1a24f0b3775/notes/1160_en_US_notes_people relationships___PART035_61.txt,/home/kamleshpatil/Desktop/Notes - PR and ontata/notes_app/output/Batch - 3 Final - P & R Notes/c1a24f0b3775/screenshots/1160 been putting off calling cooper.jpg
c1a24f0b3775_1161,tryna call faher in law today to comfirm,3,renamed,/home/kamleshpatil/Desktop/Notes - PR and ontata/notes_app/output/Batch - 3 Final - P & R Notes/c1a24f0b3775/notes/1161_en_US_notes_people relationships___PART035_62.txt,/home/kamleshpatil/Desktop/Notes - PR and ontata/notes_app/output/Batch - 3 Final - P & R Notes/c1a24f0b3775/screenshots/1161 gotta call faher in law today to comfirm.jpg
c1a24f0b3775_1162,np emery,2,renamed,/home/kamleshpatil/Desktop/Notes - PR and ontata/notes_app/output/Batch - 3 Final - P & R Notes/c1a24f0b3775/notes/1162_en_US_notes_people relationships___PART035_63.txt,/home/kamleshpatil/Desktop/Notes - PR and ontata/notes_app/output/Batch - 3 Final - P & R Notes/c1a24f0b3775/screenshots/1162 np Emery said step-sister definitly forg.jpg
c1a24f0b3775_1163,considering if julian my fiancé knows an,3,renamed,/home/kamleshpatil/Desktop/Notes - PR and ontata/notes_app/output/Batch - 3 Final - P & R Notes/c1a24f0b3775/notes/1163_en_US_notes_people relationships___PART035_64.txt,/home/kamleshpatil/Desktop/Notes - PR and ontata/notes_app/output/Batch - 3 Final - P & R Notes/c1a24f0b3775/screenshots/1163 wondering if julian my fiancé knows any1.jpg
c1a24f0b3775_1165,been meaning to pick,4,renamed,/home/kamleshpatil/Desktop/Notes - PR and ontata/notes_app/output/Batch - 3 Final - P & R Notes/c1a24f0b3775/notes/1165_en_US_notes_people relationships___PART035_66.txt,/home/kamleshpatil/Desktop/Notes - PR and ontata/notes_app/output/Batch - 3 Final - P & R Notes/c1a24f0b3775/screenshots/1165 been meaning to pick up some meal prep c.jpg
c1a24f0b3775_1166,tell me to review onyx friends notes on,4,renamed,/home/kamleshpatil/Desktop/Notes - PR and ontata/notes_app/output/Batch - 3 Final - P & R Notes/c1a24f0b3775/notes/1166_en_US_notes_people relationships___PART035_67.txt,/home/kamleshpatil/Desktop/Notes - PR and ontata/notes_app/output/Batch - 3 Final - P & R Notes/c1a24f0b3775/screenshots/1166 remind me to review onyx friends notes o.jpg
c1a24f0b3775_1167,quick note on the,4,renamed,/home/kamleshpatil/Desktop/Notes - PR and ontata/notes_app/output/Batch - 3 Final - P & R Notes/c1a24f0b3775/notes/1167_en_US_notes_people relationships___PART035_68.txt,/home/kamleshpatil/Desktop/Notes - PR and ontata/notes_app/output/Batch - 3 Final - P & R Notes/c1a24f0b3775/screenshots/1167 quick note on the new journaling prompt .jpg
c1a24f0b3775_1168,also talked to mark,4,renamed,/home/kamleshpatil/Desktop/Notes - PR and ontata/notes_app/output/Batch - 3 Final - P & R Notes/c1a24f0b3775/notes/1168_en_US_notes_people relationships___PART035_69.txt,/home/kamleshpatil/Desktop/Notes - PR and ontata/notes_app/output/Batch - 3 Final - P & R Notes/c1a24f0b3775/screenshots/1168 finally talked to mark.jpg
c1a24f0b3775_1169,xavier said,2,renamed,/home/kamleshpatil/Desktop/Notes - PR and ontata/notes_app/output/Batch - 3 Final - P & R Notes/c1a24f0b3775/notes/1169_en_US_notes_people relationships___PART035_70.txt,/home/kamleshpatil/Desktop/Notes - PR and ontata/notes_app/output/Batch - 3 Final - P & R Notes/c1a24f0b3775/screenshots/1169 xavier said we need to.jpg
c1a24f0b3775_1170,my purina,2,renamed,/home/kamleshpatil/Desktop/Notes - PR and ontata/notes_app/output/Batch - 3 Final - P & R Notes/c1a24f0b3775/notes/1170_en_US_notes_people relationships___PART035_71.txt,/home/kamleshpatil/Desktop/Notes - PR and ontata/notes_app/output/Batch - 3 Final - P & R Notes/c1a24f0b3775/screenshots/1170 my purina stock is low again.jpg
c1a24f0b3775_1171,finally talked to bro,4,renamed,/home/kamleshpatil/Desktop/Notes - PR and ontata/notes_app/output/Batch - 3 Final - P & R Notes/c1a24f0b3775/notes/1171_en_US_notes_people relationships___PART035_72.txt,/home/kamleshpatil/Desktop/Notes - PR and ontata/notes_app/output/Batch - 3 Final - P & R Notes/c1a24f0b3775/screenshots/1171 finally talked to bro and he said deshaw.jpg
c1a24f0b3775_1172,told girlfriend,2,renamed,/home/kamleshpatil/Desktop/Notes - PR and ontata/notes_app/output/Batch - 3 Final - P & R Notes/c1a24f0b3775/notes/1172_en_US_notes_people relationships___PART035_73.txt,/home/kamleshpatil/Desktop/Notes - PR and ontata/notes_app/output/Batch - 3 Final - P & R Notes/c1a24f0b3775/screenshots/1172 told girlfriend abt that est 500 dollars.jpg
c1a24f0b3775_1173,been meaning to call,4,renamed,/home/kamleshpatil/Desktop/Notes - PR and ontata/notes_app/output/Batch - 3 Final - P & R Notes/c1a24f0b3775/notes/1173_en_US_notes_people relationships___PART035_74.txt,/home/kamleshpatil/Desktop/Notes - PR and ontata/notes_app/output/Batch - 3 Final - P & R Notes/c1a24f0b3775/screenshots/1173 been meaning to call you.jpg
c1a24f0b3775_1174,wondering if friend,3,renamed,/home/kamleshpatil/Desktop/Notes - PR and ontata/notes_app/output/Batch - 3 Final - P & R Notes/c1a24f0b3775/notes/1174_en_US_notes_people relationships___PART035_75.txt,/home/kamleshpatil/Desktop/Notes - PR and ontata/notes_app/output/Batch - 3 Final - P & R Notes/c1a24f0b3775/screenshots/1174 wondering if friend gonna take me to.jpg
c1a24f0b3775_1175,finally talked to ignacio,4,renamed,/home/kamleshpatil/Desktop/Notes - PR and ontata/notes_app/output/Batch - 3 Final - P & R Notes/c1a24f0b3775/notes/1175_en_US_notes_people relationships___PART035_76.txt,/home/kamleshpatil/Desktop/Notes - PR and ontata/notes_app/output/Batch - 3 Final - P & R Notes/c1a24f0b3775/screenshots/1175 finally talked to ignacio bestie.jpg
c1a24f0b3775_1176,just got word,3,renamed,/home/kamleshpatil/Desktop/Notes - PR and ontata/notes_app/output/Batch - 3 Final - P & R Notes/c1a24f0b3775/notes/1176_en_US_notes_people relationships___PART035_77.txt,/home/kamleshpatil/Desktop/Notes - PR and ontata/notes_app/output/Batch - 3 Final - P & R Notes/c1a24f0b3775/screenshots/1176 just got word frm dulce my realtor that .jpg
c1a24f0b3775_1177,check with our,3,renamed,/home/kamleshpatil/Desktop/Notes - PR and ontata/notes_app/output/Batch - 3 Final - P & R Notes/c1a24f0b3775/notes/1177_en_US_notes_people relationships___PART035_78.txt,/home/kamleshpatil/Desktop/Notes - PR and ontata/notes_app/output/Batch - 3 Final - P & R Notes/c1a24f0b3775/screenshots/1177 check with our reaktor about showigs thi.jpg
c1a24f0b3775_1178,schedule time w aniya,4,renamed,/home/kamleshpatil/Desktop/Notes - PR and ontata/notes_app/output/Batch - 3 Final - P & R Notes/c1a24f0b3775/notes/1178_en_US_notes_people relationships___PART035_79.txt,/home/kamleshpatil/Desktop/Notes - PR and ontata/notes_app/output/Batch - 3 Final - P & R Notes/c1a24f0b3775/screenshots/1178 schedule time w aniya tmrw to discuss ta.jpg
c1a24f0b3775_1179,i got,2,renamed,/home/kamleshpatil/Desktop/Notes - PR and ontata/notes_app/output/Batch - 3 Final - P & R Notes/c1a24f0b3775/notes/1179_en_US_notes_people relationships___PART035_80.txt,/home/kamleshpatil/Desktop/Notes - PR and ontata/notes_app/output/Batch - 3 Final - P & R Notes/c1a24f0b3775/screenshots/1179 i got a deadline tomarow stlist said go .jpg
c1a24f0b3775_1180,i need to,3,renamed,/home/kamleshpatil/Desktop/Notes - PR and ontata/notes_app/output/Batch - 3 Final - P & R Notes/c1a24f0b3775/notes/1180_en_US_notes_people relationships___PART036_81.txt,/home/kamleshpatil/Desktop/Notes - PR and ontata/notes_app/output/Batch - 3 Final - P & R Notes/c1a24f0b3775/screenshots/1180 i need to decide on uniform for tomorow .jpg
c1a24f0b3775_1181,just got back,3,renamed,/home/kamleshpatil/Desktop/Notes - PR and ontata/notes_app/output/Batch - 3 Final - P & R Notes/c1a24f0b3775/notes/1181_en_US_notes_people relationships___PART036_82.txt,/home/kamleshpatil/Desktop/Notes - PR and ontata/notes_app/output/Batch - 3 Final - P & R Notes/c1a24f0b3775/screenshots/1181 just got back frrom deff long work wknd.jpg
c1a24f0b3775_1182,my case,2,renamed,/home/kamleshpatil/Desktop/Notes - PR and ontata/notes_app/output/Batch - 3 Final - P & R Notes/c1a24f0b3775/notes/1182_en_US_notes_people relationships___PART036_83.txt,/home/kamleshpatil/Desktop/Notes - PR and ontata/notes_app/output/Batch - 3 Final - P & R Notes/c1a24f0b3775/screenshots/1182 my case got denied tue bc.jpg
c1a24f0b3775_1183,saw dog,2,renamed,/home/kamleshpatil/Desktop/Notes - PR and ontata/notes_app/output/Batch - 3 Final - P & R Notes/c1a24f0b3775/notes/1183_en_US_notes_people relationships___PART036_84.txt,/home/kamleshpatil/Desktop/Notes - PR and ontata/notes_app/output/Batch - 3 Final - P & R Notes/c1a24f0b3775/screenshots/1183 saw dog park friend today and they remin.jpg
c1a24f0b3775_1184,khaleesi needs,2,renamed,/home/kamleshpatil/Desktop/Notes - PR and ontata/notes_app/output/Batch - 3 Final - P & R Notes/c1a24f0b3775/notes/1184_en_US_notes_people relationships___PART036_85.txt,/home/kamleshpatil/Desktop/Notes - PR and ontata/notes_app/output/Batch - 3 Final - P & R Notes/c1a24f0b3775/screenshots/1184 khaleesi needs this habit tracker done t.jpg
c1a24f0b3775_1185,bout to call stevie today,3,renamed,/home/kamleshpatil/Desktop/Notes - PR and ontata/notes_app/output/Batch - 3 Final - P & R Notes/c1a24f0b3775/notes/1185_en_US_notes_people relationships___PART036_86.txt,/home/kamleshpatil/Desktop/Notes - PR and ontata/notes_app/output/Batch - 3 Final - P & R Notes/c1a24f0b3775/screenshots/1185 gotta call stevie today.jpg
c1a24f0b3775_1187,tired tmrw,2,renamed,/home/kamleshpatil/Desktop/Notes - PR and ontata/notes_app/output/Batch - 3 Final - P & R Notes/c1a24f0b3775/notes/1187_en_US_notes_people relationships___PART036_88.txt,/home/kamleshpatil/Desktop/Notes - PR and ontata/notes_app/output/Batch - 3 Final - P & R Notes/c1a24f0b3775/screenshots/1187 tired tmrw have appt witth sadie.jpg
c1a24f0b3775_1188,schedule time w my gym,5,renamed,/home/kamleshpatil/Desktop/Notes - PR and ontata/notes_app/output/Batch - 3 Final - P & R Notes/c1a24f0b3775/notes/1188_en_US_notes_people relationships___PART036_89.txt,/home/kamleshpatil/Desktop/Notes - PR and ontata/notes_app/output/Batch - 3 Final - P & R Notes/c1a24f0b3775/screenshots/1188 schedule time w my gym buddy eleanor for.jpg
c1a24f0b3775_1189,i need those,3,renamed,/home/kamleshpatil/Desktop/Notes - PR and ontata/notes_app/output/Batch - 3 Final - P & R Notes/c1a24f0b3775/notes/1189_en_US_notes_people relationships___PART036_90.txt,/home/kamleshpatil/Desktop/Notes - PR and ontata/notes_app/output/Batch - 3 Final - P & R Notes/c1a24f0b3775/screenshots/1189 i need those reference checks.jpg
c1a24f0b3775_1190,should probably get,3,renamed,/home/kamleshpatil/Desktop/Notes - PR and ontata/notes_app/output/Batch - 3 Final - P & R Notes/c1a24f0b3775/notes/1190_en_US_notes_people relationships___PART036_91.txt,/home/kamleshpatil/Desktop/Notes - PR and ontata/notes_app/output/Batch - 3 Final - P & R Notes/c1a24f0b3775/screenshots/1190 should probably get aliayahs size in new.jpg
c1a24f0b3775_1192,gonna be,2,renamed,/home/kamleshpatil/Desktop/Notes - PR and ontata/notes_app/output/Batch - 3 Final - P & R Notes/c1a24f0b3775/notes/1192_en_US_notes_people relationships___PART036_93.txt,/home/kamleshpatil/Desktop/Notes - PR and ontata/notes_app/output/Batch - 3 Final - P & R Notes/c1a24f0b3775/screenshots/1192 gonna be reallly late for wkd shift.jpg
c1a24f0b3775_1193,thanks for,2,renamed,/home/kamleshpatil/Desktop/Notes - PR and ontata/notes_app/output/Batch - 3 Final - P & R Notes/c1a24f0b3775/notes/1193_en_US_notes_people relationships___PART036_94.txt,/home/kamleshpatil/Desktop/Notes - PR and ontata/notes_app/output/Batch - 3 Final - P & R Notes/c1a24f0b3775/screenshots/1193 thanks for suggeestion.jpg
c1a24f0b3775_1194,this is,2,renamed,/home/kamleshpatil/Desktop/Notes - PR and ontata/notes_app/output/Batch - 3 Final - P & R Notes/c1a24f0b3775/notes/1194_en_US_notes_people relationships___PART036_95.txt,/home/kamleshpatil/Desktop/Notes - PR and ontata/notes_app/output/Batch - 3 Final - P & R Notes/c1a24f0b3775/screenshots/1194 this is putting me on.jpg
c1a24f0b3775_1196,haven been,2,renamed,/home/kamleshpatil/Desktop/Notes - PR and ontata/notes_app/output/Batch - 3 Final - P & R Notes/c1a24f0b3775/notes/1196_en_US_notes_people relationships___PART036_97.txt,/home/kamleshpatil/Desktop/Notes - PR and ontata/notes_app/output/Batch - 3 Final - P & R Notes/c1a24f0b3775/screenshots/1196 haven been trying to convince rashad to .jpg
c1a24f0b3775_1197,noticed terrence today he got me tickets,2,renamed,/home/kamleshpatil/Desktop/Notes - PR and ontata/notes_app/output/Batch - 3 Final - P & R Notes/c1a24f0b3775/notes/1197_en_US_notes_people relationships___PART036_98.txt,/home/kamleshpatil/Desktop/Notes - PR and ontata/notes_app/output/Batch - 3 Final - P & R Notes/c1a24f0b3775/screenshots/1197 saw terrence today he got me tickets ter.jpg
c1a24f0b3775_1198,picked up news from manuel on this wicke,4,renamed,/home/kamleshpatil/Desktop/Notes - PR and ontata/notes_app/output/Batch - 3 Final - P & R Notes/c1a24f0b3775/notes/1198_en_US_notes_people relationships___PART036_99.txt,/home/kamleshpatil/Desktop/Notes - PR and ontata/notes_app/output/Batch - 3 Final - P & R Notes/c1a24f0b3775/screenshots/1198 got news from manuel on this wicked new .jpg
c1a24f0b3775_1199,frustrated wom,2,renamed,/home/kamleshpatil/Desktop/Notes - PR and ontata/notes_app/output/Batch - 3 Final - P & R Notes/c1a24f0b3775/notes/1199_en_US_notes_people relationships___PART036_100.txt,/home/kamleshpatil/Desktop/Notes - PR and ontata/notes_app/output/Batch - 3 Final - P & R Notes/c1a24f0b3775/screenshots/1199 frustrated wom call from appt cancelled .jpg
c1a24f0b3775_1200,actually worried abt rashads appt tmrw b,5,renamed,/home/kamleshpatil/Desktop/Notes - PR and ontata/notes_app/output/Batch - 3 Final - P & R Notes/c1a24f0b3775/notes/1200_en_US_notes_people relationships___PART037_101.txt,/home/kamleshpatil/Desktop/Notes - PR and ontata/notes_app/output/Batch - 3 Final - P & R Notes/c1a24f0b3775/screenshots/1200 low key worried abt rashads appt tmrw bc.jpg
c1a24f0b3775_1201,reggie and,2,renamed,/home/kamleshpatil/Desktop/Notes - PR and ontata/notes_app/output/Batch - 3 Final - P & R Notes/c1a24f0b3775/notes/1201_en_US_notes_people relationships___PART037_102.txt,/home/kamleshpatil/Desktop/Notes - PR and ontata/notes_app/output/Batch - 3 Final - P & R Notes/c1a24f0b3775/screenshots/1201 reggie and i highkey wanna return that a.jpg
c1a24f0b3775_1202,finally putting,2,renamed,/home/kamleshpatil/Desktop/Notes - PR and ontata/notes_app/output/Batch - 3 Final - P & R Notes/c1a24f0b3775/notes/1202_en_US_notes_people relationships___PART037_103.txt,/home/kamleshpatil/Desktop/Notes - PR and ontata/notes_app/output/Batch - 3 Final - P & R Notes/c1a24f0b3775/screenshots/1202 finally putting off calling hvac repair .jpg
c1a24f0b3775_1203,kinda worried abt my hotel booking for t,5,renamed,/home/kamleshpatil/Desktop/Notes - PR and ontata/notes_app/output/Batch - 3 Final - P & R Notes/c1a24f0b3775/notes/1203_en_US_notes_people relationships___PART037_104.txt,/home/kamleshpatil/Desktop/Notes - PR and ontata/notes_app/output/Batch - 3 Final - P & R Notes/c1a24f0b3775/screenshots/1203 low key worried abt my hotel booking for.jpg
c1a24f0b3775_1204,apparently putsing,2,renamed,/home/kamleshpatil/Desktop/Notes - PR and ontata/notes_app/output/Batch - 3 Final - P & R Notes/c1a24f0b3775/notes/1204_en_US_notes_people relationships___PART037_105.txt,/home/kamleshpatil/Desktop/Notes - PR and ontata/notes_app/output/Batch - 3 Final - P & R Notes/c1a24f0b3775/screenshots/1204 apparently putsing off buying new shoes .jpg
c1a24f0b3775_1205,quick note on clients,4,renamed,/home/kamleshpatil/Desktop/Notes - PR and ontata/notes_app/output/Batch - 3 Final - P & R Notes/c1a24f0b3775/notes/1205_en_US_notes_people relationships___PART037_106.txt,/home/kamleshpatil/Desktop/Notes - PR and ontata/notes_app/output/Batch - 3 Final - P & R Notes/c1a24f0b3775/screenshots/1205 quick note on clients calls cannot reach.jpg
c1a24f0b3775_1206,remind me to confirm,4,renamed,/home/kamleshpatil/Desktop/Notes - PR and ontata/notes_app/output/Batch - 3 Final - P & R Notes/c1a24f0b3775/notes/1206_en_US_notes_people relationships___PART037_107.txt,/home/kamleshpatil/Desktop/Notes - PR and ontata/notes_app/output/Batch - 3 Final - P & R Notes/c1a24f0b3775/screenshots/1206 remind me to confirm jaylen details.jpg
c1a24f0b3775_1207,planning to bring up our wknd appt tmrw,4,renamed,/home/kamleshpatil/Desktop/Notes - PR and ontata/notes_app/output/Batch - 3 Final - P & R Notes/c1a24f0b3775/notes/1207_en_US_notes_people relationships___PART037_108.txt,/home/kamleshpatil/Desktop/Notes - PR and ontata/notes_app/output/Batch - 3 Final - P & R Notes/c1a24f0b3775/screenshots/1207 gonna bring up our wknd appt tmrw with.jpg
c1a24f0b3775_1208,scheduled meaning,2,renamed,/home/kamleshpatil/Desktop/Notes - PR and ontata/notes_app/output/Batch - 3 Final - P & R Notes/c1a24f0b3775/notes/1208_en_US_notes_people relationships___PART037_109.txt,/home/kamleshpatil/Desktop/Notes - PR and ontata/notes_app/output/Batch - 3 Final - P & R Notes/c1a24f0b3775/screenshots/1208 scheduled meaning to check in w project .jpg
c1a24f0b3775_1209,so kid from,3,renamed,/home/kamleshpatil/Desktop/Notes - PR and ontata/notes_app/output/Batch - 3 Final - P & R Notes/c1a24f0b3775/notes/1209_en_US_notes_people relationships___PART037_110.txt,/home/kamleshpatil/Desktop/Notes - PR and ontata/notes_app/output/Batch - 3 Final - P & R Notes/c1a24f0b3775/screenshots/1209 so kid from class Ximena.jpg
c1a24f0b3775_1210,check with clara,3,renamed,/home/kamleshpatil/Desktop/Notes - PR and ontata/notes_app/output/Batch - 3 Final - P & R Notes/c1a24f0b3775/notes/1210_en_US_notes_people relationships___PART037_111.txt,/home/kamleshpatil/Desktop/Notes - PR and ontata/notes_app/output/Batch - 3 Final - P & R Notes/c1a24f0b3775/screenshots/1210 check with clara the dental hygienist tm.jpg
c1a24f0b3775_1212,saw my bestie,3,renamed,/home/kamleshpatil/Desktop/Notes - PR and ontata/notes_app/output/Batch - 3 Final - P & R Notes/c1a24f0b3775/notes/1212_en_US_notes_people relationships___PART037_113.txt,/home/kamleshpatil/Desktop/Notes - PR and ontata/notes_app/output/Batch - 3 Final - P & R Notes/c1a24f0b3775/screenshots/1212 saw my bestie today at 3 west.jpg
c1a24f0b3775_1213,check with my college,4,renamed,/home/kamleshpatil/Desktop/Notes - PR and ontata/notes_app/output/Batch - 3 Final - P & R Notes/c1a24f0b3775/notes/1213_en_US_notes_people relationships___PART037_114.txt,/home/kamleshpatil/Desktop/Notes - PR and ontata/notes_app/output/Batch - 3 Final - P & R Notes/c1a24f0b3775/screenshots/1213 check with my college roommate.jpg
c1a24f0b3775_1214,supposed to call saturday my language pa,3,renamed,/home/kamleshpatil/Desktop/Notes - PR and ontata/notes_app/output/Batch - 3 Final - P & R Notes/c1a24f0b3775/notes/1214_en_US_notes_people relationships___PART037_115.txt,/home/kamleshpatil/Desktop/Notes - PR and ontata/notes_app/output/Batch - 3 Final - P & R Notes/c1a24f0b3775/screenshots/1214 gotta call saturday my language pal abiu.jpg
c1a24f0b3775_1215,order wednesdays,2,renamed,/home/kamleshpatil/Desktop/Notes - PR and ontata/notes_app/output/Batch - 3 Final - P & R Notes/c1a24f0b3775/notes/1215_en_US_notes_people relationships___PART037_116.txt,/home/kamleshpatil/Desktop/Notes - PR and ontata/notes_app/output/Batch - 3 Final - P & R Notes/c1a24f0b3775/screenshots/1215 order wednesdays groceries.jpg
c1a24f0b3775_1216,nova said,2,renamed,/home/kamleshpatil/Desktop/Notes - PR and ontata/notes_app/output/Batch - 3 Final - P & R Notes/c1a24f0b3775/notes/1216_en_US_notes_people relationships___PART037_117.txt,/home/kamleshpatil/Desktop/Notes - PR and ontata/notes_app/output/Batch - 3 Final - P & R Notes/c1a24f0b3775/screenshots/1216 nova said pause netflix sub bc.jpg
c1a24f0b3775_1217,check wiyh,2,renamed,/home/kamleshpatil/Desktop/Notes - PR and ontata/notes_app/output/Batch - 3 Final - P & R Notes/c1a24f0b3775/notes/1217_en_US_notes_people relationships___PART037_118.txt,/home/kamleshpatil/Desktop/Notes - PR and ontata/notes_app/output/Batch - 3 Final - P & R Notes/c1a24f0b3775/screenshots/1217 check wiyh julian about adobe.jpg
c1a24f0b3775_1218,should probably check,3,renamed,/home/kamleshpatil/Desktop/Notes - PR and ontata/notes_app/output/Batch - 3 Final - P & R Notes/c1a24f0b3775/notes/1218_en_US_notes_people relationships___PART037_119.txt,/home/kamleshpatil/Desktop/Notes - PR and ontata/notes_app/output/Batch - 3 Final - P & R Notes/c1a24f0b3775/screenshots/1218 should probably check with.jpg
c1a24f0b3775_1219,heads up abt gamme,4,renamed,/home/kamleshpatil/Desktop/Notes - PR and ontata/notes_app/output/Batch - 3 Final - P & R Notes/c1a24f0b3775/notes/1219_en_US_notes_people relationships___PART037_120.txt,/home/kamleshpatil/Desktop/Notes - PR and ontata/notes_app/output/Batch - 3 Final - P & R Notes/c1a24f0b3775/screenshots/1219 heads up abt gamme night.jpg
c1a24f0b3775_1220,remind me to bring,4,renamed,/home/kamleshpatil/Desktop/Notes - PR and ontata/notes_app/output/Batch - 3 Final - P & R Notes/c1a24f0b3775/notes/1220_en_US_notes_people relationships___PART038_121.txt,/home/kamleshpatil/Desktop/Notes - PR and ontata/notes_app/output/Batch - 3 Final - P & R Notes/c1a24f0b3775/screenshots/1220 remind me to bring poortfolio with new d.jpg
c1a24f0b3775_1221,almost forgot to fill,4,renamed,/home/kamleshpatil/Desktop/Notes - PR and ontata/notes_app/output/Batch - 3 Final - P & R Notes/c1a24f0b3775/notes/1221_en_US_notes_people relationships___PART038_122.txt,/home/kamleshpatil/Desktop/Notes - PR and ontata/notes_app/output/Batch - 3 Final - P & R Notes/c1a24f0b3775/screenshots/1221 almost forgot to fill out josephine.jpg
c1a24f0b3775_1222,close to figure out scqn tickets at door,3,renamed,/home/kamleshpatil/Desktop/Notes - PR and ontata/notes_app/output/Batch - 3 Final - P & R Notes/c1a24f0b3775/notes/1222_en_US_notes_people relationships___PART038_123.txt,/home/kamleshpatil/Desktop/Notes - PR and ontata/notes_app/output/Batch - 3 Final - P & R Notes/c1a24f0b3775/screenshots/1222 need to figure out scqn tickets at door .jpg
c1a24f0b3775_1223,let me to transfer funds,4,renamed,/home/kamleshpatil/Desktop/Notes - PR and ontata/notes_app/output/Batch - 3 Final - P & R Notes/c1a24f0b3775/notes/1223_en_US_notes_people relationships___PART038_124.txt,/home/kamleshpatil/Desktop/Notes - PR and ontata/notes_app/output/Batch - 3 Final - P & R Notes/c1a24f0b3775/screenshots/1223 remind me to transfer funds.jpg
c1a24f0b3775_1224,i think,2,renamed,/home/kamleshpatil/Desktop/Notes - PR and ontata/notes_app/output/Batch - 3 Final - P & R Notes/c1a24f0b3775/notes/1224_en_US_notes_people relationships___PART038_125.txt,/home/kamleshpatil/Desktop/Notes - PR and ontata/notes_app/output/Batch - 3 Final - P & R Notes/c1a24f0b3775/screenshots/1224 i think i need to.jpg
c1a24f0b3775_1225,ok so partner,3,renamed,/home/kamleshpatil/Desktop/Notes - PR and ontata/notes_app/output/Batch - 3 Final - P & R Notes/c1a24f0b3775/notes/1225_en_US_notes_people relationships___PART038_126.txt,/home/kamleshpatil/Desktop/Notes - PR and ontata/notes_app/output/Batch - 3 Final - P & R Notes/c1a24f0b3775/screenshots/1225 ok so partner forgot appt tonite.jpg
c1a24f0b3775_1226,we gotta,2,renamed,/home/kamleshpatil/Desktop/Notes - PR and ontata/notes_app/output/Batch - 3 Final - P & R Notes/c1a24f0b3775/notes/1226_en_US_notes_people relationships___PART038_127.txt,/home/kamleshpatil/Desktop/Notes - PR and ontata/notes_app/output/Batch - 3 Final - P & R Notes/c1a24f0b3775/screenshots/1226 we gotta meet up with.jpg
c1a24f0b3775_1227,latest with office,3,renamed,/home/kamleshpatil/Desktop/Notes - PR and ontata/notes_app/output/Batch - 3 Final - P & R Notes/c1a24f0b3775/notes/1227_en_US_notes_people relationships___PART038_128.txt,/home/kamleshpatil/Desktop/Notes - PR and ontata/notes_app/output/Batch - 3 Final - P & R Notes/c1a24f0b3775/screenshots/1227 latest with office bff saniya is.jpg
c1a24f0b3775_1229,keep forgetting realized,3,renamed,/home/kamleshpatil/Desktop/Notes - PR and ontata/notes_app/output/Batch - 3 Final - P & R Notes/c1a24f0b3775/notes/1229_en_US_notes_people relationships___PART038_130.txt,/home/kamleshpatil/Desktop/Notes - PR and ontata/notes_app/output/Batch - 3 Final - P & R Notes/c1a24f0b3775/screenshots/1229 keep forgetting realized i forgot to cal.jpg
c1a24f0b3775_1230,saw putting,2,renamed,/home/kamleshpatil/Desktop/Notes - PR and ontata/notes_app/output/Batch - 3 Final - P & R Notes/c1a24f0b3775/notes/1230_en_US_notes_people relationships___PART038_131.txt,/home/kamleshpatil/Desktop/Notes - PR and ontata/notes_app/output/Batch - 3 Final - P & R Notes/c1a24f0b3775/screenshots/1230 saw putting off calling brother about co.jpg
c1a24f0b3775_1231,quick note on pitch,4,renamed,/home/kamleshpatil/Desktop/Notes - PR and ontata/notes_app/output/Batch - 3 Final - P & R Notes/c1a24f0b3775/notes/1231_en_US_notes_people relationships___PART038_132.txt,/home/kamleshpatil/Desktop/Notes - PR and ontata/notes_app/output/Batch - 3 Final - P & R Notes/c1a24f0b3775/screenshots/1231 quick note on pitch deck.jpg
c1a24f0b3775_1232,ranging from,2,renamed,/home/kamleshpatil/Desktop/Notes - PR and ontata/notes_app/output/Batch - 3 Final - P & R Notes/c1a24f0b3775/notes/1232_en_US_notes_people relationships___PART038_133.txt,/home/kamleshpatil/Desktop/Notes - PR and ontata/notes_app/output/Batch - 3 Final - P & R Notes/c1a24f0b3775/screenshots/1232 ranging from appt to appt is making me h.jpg
c1a24f0b3775_1234,love that mqdelyn,3,renamed,/home/kamleshpatil/Desktop/Notes - PR and ontata/notes_app/output/Batch - 3 Final - P & R Notes/c1a24f0b3775/notes/1234_en_US_notes_people relationships___PART038_135.txt,/home/kamleshpatil/Desktop/Notes - PR and ontata/notes_app/output/Batch - 3 Final - P & R Notes/c1a24f0b3775/screenshots/1234 love that mqdelyn called.jpg
c1a24f0b3775_1235,heads up abt my,4,renamed,/home/kamleshpatil/Desktop/Notes - PR and ontata/notes_app/output/Batch - 3 Final - P & R Notes/c1a24f0b3775/notes/1235_en_US_notes_people relationships___PART038_136.txt,/home/kamleshpatil/Desktop/Notes - PR and ontata/notes_app/output/Batch - 3 Final - P & R Notes/c1a24f0b3775/screenshots/1235 heads up abt my broken dryer eventho.jpg
c1a24f0b3775_1236,apparently puttin,2,renamed,/home/kamleshpatil/Desktop/Notes - PR and ontata/notes_app/output/Batch - 3 Final - P & R Notes/c1a24f0b3775/notes/1236_en_US_notes_people relationships___PART038_137.txt,/home/kamleshpatil/Desktop/Notes - PR and ontata/notes_app/output/Batch - 3 Final - P & R Notes/c1a24f0b3775/screenshots/1236 apparently puttin off writting list of g.jpg
c1a24f0b3775_1237,happy to,2,renamed,/home/kamleshpatil/Desktop/Notes - PR and ontata/notes_app/output/Batch - 3 Final - P & R Notes/c1a24f0b3775/notes/1237_en_US_notes_people relationships___PART038_138.txt,/home/kamleshpatil/Desktop/Notes - PR and ontata/notes_app/output/Batch - 3 Final - P & R Notes/c1a24f0b3775/screenshots/1237 happy to report kid helping me alot ith .jpg
c1a24f0b3775_1238,leandro said,2,renamed,/home/kamleshpatil/Desktop/Notes - PR and ontata/notes_app/output/Batch - 3 Final - P & R Notes/c1a24f0b3775/notes/1238_en_US_notes_people relationships___PART038_139.txt,/home/kamleshpatil/Desktop/Notes - PR and ontata/notes_app/output/Batch - 3 Final - P & R Notes/c1a24f0b3775/screenshots/1238 leandro said hes got tix 4 friday night .jpg
c1a24f0b3775_1239,quick note on fines,4,renamed,/home/kamleshpatil/Desktop/Notes - PR and ontata/notes_app/output/Batch - 3 Final - P & R Notes/c1a24f0b3775/notes/1239_en_US_notes_people relationships___PART038_140.txt,/home/kamleshpatil/Desktop/Notes - PR and ontata/notes_app/output/Batch - 3 Final - P & R Notes/c1a24f0b3775/screenshots/1239 quick note on fines.jpg
c1a24f0b3775_1240,scheduled hit,2,renamed,/home/kamleshpatil/Desktop/Notes - PR and ontata/notes_app/output/Batch - 3 Final - P & R Notes/c1a24f0b3775/notes/1240_en_US_notes_people relationships___PART039_141.txt,/home/kamleshpatil/Desktop/Notes - PR and ontata/notes_app/output/Batch - 3 Final - P & R Notes/c1a24f0b3775/screenshots/1240 scheduled hit the gym with bro today tmr.jpg
c1a24f0b3775_1241,low key need,3,renamed,/home/kamleshpatil/Desktop/Notes - PR and ontata/notes_app/output/Batch - 3 Final - P & R Notes/c1a24f0b3775/notes/1241_en_US_notes_people relationships___PART039_142.txt,/home/kamleshpatil/Desktop/Notes - PR and ontata/notes_app/output/Batch - 3 Final - P & R Notes/c1a24f0b3775/screenshots/1241 low key need to get that new set of dumb.jpg
c1a24f0b3775_1242,gonnabe calling,2,renamed,/home/kamleshpatil/Desktop/Notes - PR and ontata/notes_app/output/Batch - 3 Final - P & R Notes/c1a24f0b3775/notes/1242_en_US_notes_people relationships___PART039_143.txt,/home/kamleshpatil/Desktop/Notes - PR and ontata/notes_app/output/Batch - 3 Final - P & R Notes/c1a24f0b3775/screenshots/1242 gonnabe calling talia my jam buddy.jpg
c1a24f0b3775_1243,excited for,2,renamed,/home/kamleshpatil/Desktop/Notes - PR and ontata/notes_app/output/Batch - 3 Final - P & R Notes/c1a24f0b3775/notes/1243_en_US_notes_people relationships___PART039_144.txt,/home/kamleshpatil/Desktop/Notes - PR and ontata/notes_app/output/Batch - 3 Final - P & R Notes/c1a24f0b3775/screenshots/1243 excited for dinner tonight teaagan is ho.jpg
c1a24f0b3775_1244,river my,2,renamed,/home/kamleshpatil/Desktop/Notes - PR and ontata/notes_app/output/Batch - 3 Final - P & R Notes/c1a24f0b3775/notes/1244_en_US_notes_people relationships___PART039_145.txt,/home/kamleshpatil/Desktop/Notes - PR and ontata/notes_app/output/Batch - 3 Final - P & R Notes/c1a24f0b3775/screenshots/1244 river my report said nerd diesel for the.jpg
c1a24f0b3775_1245,reminded putting off msg murphy about la,2,renamed,/home/kamleshpatil/Desktop/Notes - PR and ontata/notes_app/output/Batch - 3 Final - P & R Notes/c1a24f0b3775/notes/1245_en_US_notes_people relationships___PART039_146.txt,/home/kamleshpatil/Desktop/Notes - PR and ontata/notes_app/output/Batch - 3 Final - P & R Notes/c1a24f0b3775/screenshots/1245 told putting off msg murphy about lash f.jpg
c1a24f0b3775_1246,edison and,2,renamed,/home/kamleshpatil/Desktop/Notes - PR and ontata/notes_app/output/Batch - 3 Final - P & R Notes/c1a24f0b3775/notes/1246_en_US_notes_people relationships___PART039_147.txt,/home/kamleshpatil/Desktop/Notes - PR and ontata/notes_app/output/Batch - 3 Final - P & R Notes/c1a24f0b3775/screenshots/1246 edison and the sitter are.jpg
c1a24f0b3775_1247,almost forgot to pack,2,renamed,/home/kamleshpatil/Desktop/Notes - PR and ontata/notes_app/output/Batch - 3 Final - P & R Notes/c1a24f0b3775/notes/1247_en_US_notes_people relationships___PART039_148.txt,/home/kamleshpatil/Desktop/Notes - PR and ontata/notes_app/output/Batch - 3 Final - P & R Notes/c1a24f0b3775/screenshots/1247 almost frgot to pack.jpg
c1a24f0b3775_1249,update on cousin,3,renamed,/home/kamleshpatil/Desktop/Notes - PR and ontata/notes_app/output/Batch - 3 Final - P & R Notes/c1a24f0b3775/notes/1249_en_US_notes_people relationships___PART039_150.txt,/home/kamleshpatil/Desktop/Notes - PR and ontata/notes_app/output/Batch - 3 Final - P & R Notes/c1a24f0b3775/screenshots/1249 update on cousin grants doc visit still.jpg
c1a24f0b3775_1250,also on roommate says bianca wants to tr,3,renamed,/home/kamleshpatil/Desktop/Notes - PR and ontata/notes_app/output/Batch - 3 Final - P & R Notes/c1a24f0b3775/notes/1250_en_US_notes_people relationships___PART039_151.txt,/home/kamleshpatil/Desktop/Notes - PR and ontata/notes_app/output/Batch - 3 Final - P & R Notes/c1a24f0b3775/screenshots/1250 update on roommate says bianca wants to .jpg
c1a24f0b3775_1251,heads up forgot,3,renamed,/home/kamleshpatil/Desktop/Notes - PR and ontata/notes_app/output/Batch - 3 Final - P & R Notes/c1a24f0b3775/notes/1251_en_US_notes_people relationships___PART039_152.txt,/home/kamleshpatil/Desktop/Notes - PR and ontata/notes_app/output/Batch - 3 Final - P & R Notes/c1a24f0b3775/screenshots/1251 heads up forgot to call cgrstn my hlf si.jpg
c1a24f0b3775_1252,i cant,2,renamed,/home/kamleshpatil/Desktop/Notes - PR and ontata/notes_app/output/Batch - 3 Final - P & R Notes/c1a24f0b3775/notes/1252_en_US_notes_people relationships___PART039_153.txt,/home/kamleshpatil/Desktop/Notes - PR and ontata/notes_app/output/Batch - 3 Final - P & R Notes/c1a24f0b3775/screenshots/1252 i cant get netflix rn atm fr.jpg
c1a24f0b3775_1254,orion called,2,renamed,/home/kamleshpatil/Desktop/Notes - PR and ontata/notes_app/output/Batch - 3 Final - P & R Notes/c1a24f0b3775/notes/1254_en_US_notes_people relationships___PART039_155.txt,/home/kamleshpatil/Desktop/Notes - PR and ontata/notes_app/output/Batch - 3 Final - P & R Notes/c1a24f0b3775/screenshots/1254 orion called saying appt est 30 min tmrw.jpg
c1a24f0b3775_1255,heads up bring,3,renamed,/home/kamleshpatil/Desktop/Notes - PR and ontata/notes_app/output/Batch - 3 Final - P & R Notes/c1a24f0b3775/notes/1255_en_US_notes_people relationships___PART039_156.txt,/home/kamleshpatil/Desktop/Notes - PR and ontata/notes_app/output/Batch - 3 Final - P & R Notes/c1a24f0b3775/screenshots/1255 heads up bring up pumpkin patch w Alliso.jpg
c1a24f0b3775_1256,have to pick up kids from soccer practic,3,renamed,/home/kamleshpatil/Desktop/Notes - PR and ontata/notes_app/output/Batch - 3 Final - P & R Notes/c1a24f0b3775/notes/1256_en_US_notes_people relationships___PART039_157.txt,/home/kamleshpatil/Desktop/Notes - PR and ontata/notes_app/output/Batch - 3 Final - P & R Notes/c1a24f0b3775/screenshots/1256 need to pick up kids from soccer practic.jpg
c1a24f0b3775_1257,update on forgot,3,renamed,/home/kamleshpatil/Desktop/Notes - PR and ontata/notes_app/output/Batch - 3 Final - P & R Notes/c1a24f0b3775/notes/1257_en_US_notes_people relationships___PART039_158.txt,/home/kamleshpatil/Desktop/Notes - PR and ontata/notes_app/output/Batch - 3 Final - P & R Notes/c1a24f0b3775/screenshots/1257 update on forgot to drop off kys with my.jpg
c1a24f0b3775_1258,we met,2,renamed,/home/kamleshpatil/Desktop/Notes - PR and ontata/notes_app/output/Batch - 3 Final - P & R Notes/c1a24f0b3775/notes/1258_en_US_notes_people relationships___PART039_159.txt,/home/kamleshpatil/Desktop/Notes - PR and ontata/notes_app/output/Batch - 3 Final - P & R Notes/c1a24f0b3775/screenshots/1258 we met with salvadors dads financial pla.jpg
c1a24f0b3775_1259,my car,2,renamed,/home/kamleshpatil/Desktop/Notes - PR and ontata/notes_app/output/Batch - 3 Final - P & R Notes/c1a24f0b3775/notes/1259_en_US_notes_people relationships___PART039_160.txt,/home/kamleshpatil/Desktop/Notes - PR and ontata/notes_app/output/Batch - 3 Final - P & R Notes/c1a24f0b3775/screenshots/1259 my car wont stsrt rn.jpg
c1a24f0b3775_1260,worried about,2,renamed,/home/kamleshpatil/Desktop/Notes - PR and ontata/notes_app/output/Batch - 3 Final - P & R Notes/c1a24f0b3775/notes/1260_en_US_notes_people relationships___PART040_161.txt,/home/kamleshpatil/Desktop/Notes - PR and ontata/notes_app/output/Batch - 3 Final - P & R Notes/c1a24f0b3775/screenshots/1260 worried about drop-off at dog daycare to.jpg
c1a24f0b3775_1261,with my,2,renamed,/home/kamleshpatil/Desktop/Notes - PR and ontata/notes_app/output/Batch - 3 Final - P & R Notes/c1a24f0b3775/notes/1261_en_US_notes_people relationships___PART040_162.txt,/home/kamleshpatil/Desktop/Notes - PR and ontata/notes_app/output/Batch - 3 Final - P & R Notes/c1a24f0b3775/screenshots/1261 with my guy keon tmrw.jpg
c1a24f0b3775_1263,orion my,2,renamed,/home/kamleshpatil/Desktop/Notes - PR and ontata/notes_app/output/Batch - 3 Final - P & R Notes/c1a24f0b3775/notes/1263_en_US_notes_people relationships___PART040_164.txt,/home/kamleshpatil/Desktop/Notes - PR and ontata/notes_app/output/Batch - 3 Final - P & R Notes/c1a24f0b3775/screenshots/1263 orion my babe says.jpg
c1a24f0b3775_1266,heads up run,3,renamed,/home/kamleshpatil/Desktop/Notes - PR and ontata/notes_app/output/Batch - 3 Final - P & R Notes/c1a24f0b3775/notes/1266_en_US_notes_people relationships___PART040_167.txt,/home/kamleshpatil/Desktop/Notes - PR and ontata/notes_app/output/Batch - 3 Final - P & R Notes/c1a24f0b3775/screenshots/1266 heads up run to shaws after work tmrw ne.jpg
c1a24f0b3775_1267,dont forget abt appt,4,renamed,/home/kamleshpatil/Desktop/Notes - PR and ontata/notes_app/output/Batch - 3 Final - P & R Notes/c1a24f0b3775/notes/1267_en_US_notes_people relationships___PART040_168.txt,/home/kamleshpatil/Desktop/Notes - PR and ontata/notes_app/output/Batch - 3 Final - P & R Notes/c1a24f0b3775/screenshots/1267 dont forget abt appt tmrw  10am est gott.jpg
c1a24f0b3775_1268,kingston my,2,renamed,/home/kamleshpatil/Desktop/Notes - PR and ontata/notes_app/output/Batch - 3 Final - P & R Notes/c1a24f0b3775/notes/1268_en_US_notes_people relationships___PART040_169.txt,/home/kamleshpatil/Desktop/Notes - PR and ontata/notes_app/output/Batch - 3 Final - P & R Notes/c1a24f0b3775/screenshots/1268 kingston my papa says oil change.jpg
c1a24f0b3775_1269,got a ran,3,renamed,/home/kamleshpatil/Desktop/Notes - PR and ontata/notes_app/output/Batch - 3 Final - P & R Notes/c1a24f0b3775/notes/1269_en_US_notes_people relationships___PART040_170.txt,/home/kamleshpatil/Desktop/Notes - PR and ontata/notes_app/output/Batch - 3 Final - P & R Notes/c1a24f0b3775/screenshots/1269 got a ran into ulises  coffeehouse thurs.jpg
c1a24f0b3775_1270,ugh gotta,2,renamed,/home/kamleshpatil/Desktop/Notes - PR and ontata/notes_app/output/Batch - 3 Final - P & R Notes/c1a24f0b3775/notes/1270_en_US_notes_people relationships___PART040_171.txt,/home/kamleshpatil/Desktop/Notes - PR and ontata/notes_app/output/Batch - 3 Final - P & R Notes/c1a24f0b3775/screenshots/1270 ugh gotta call zion bc of lite.jpg
c1a24f0b3775_1271,kofi wont,2,renamed,/home/kamleshpatil/Desktop/Notes - PR and ontata/notes_app/output/Batch - 3 Final - P & R Notes/c1a24f0b3775/notes/1271_en_US_notes_people relationships___PART040_172.txt,/home/kamleshpatil/Desktop/Notes - PR and ontata/notes_app/output/Batch - 3 Final - P & R Notes/c1a24f0b3775/screenshots/1271 kofi wont forget about.jpg
c1a24f0b3775_1272,call cousins,2,renamed,/home/kamleshpatil/Desktop/Notes - PR and ontata/notes_app/output/Batch - 3 Final - P & R Notes/c1a24f0b3775/notes/1272_en_US_notes_people relationships___PART040_173.txt,/home/kamleshpatil/Desktop/Notes - PR and ontata/notes_app/output/Batch - 3 Final - P & R Notes/c1a24f0b3775/screenshots/1272 call cousins bc.jpg
c1a24f0b3775_1273,skai is,2,renamed,/home/kamleshpatil/Desktop/Notes - PR and ontata/notes_app/output/Batch - 3 Final - P & R Notes/c1a24f0b3775/notes/1273_en_US_notes_people relationships___PART040_174.txt,/home/kamleshpatil/Desktop/Notes - PR and ontata/notes_app/output/Batch - 3 Final - P & R Notes/c1a24f0b3775/screenshots/1273 skai is running the service tmrw so.jpg
c1a24f0b3775_1275,emerys baby,2,renamed,/home/kamleshpatil/Desktop/Notes - PR and ontata/notes_app/output/Batch - 3 Final - P & R Notes/c1a24f0b3775/notes/1275_en_US_notes_people relationships___PART040_176.txt,/home/kamleshpatil/Desktop/Notes - PR and ontata/notes_app/output/Batch - 3 Final - P & R Notes/c1a24f0b3775/screenshots/1275 emerys baby shower is ssturday at 2pm.jpg
c1a24f0b3775_1276,headed tokc,2,renamed,/home/kamleshpatil/Desktop/Notes - PR and ontata/notes_app/output/Batch - 3 Final - P & R Notes/c1a24f0b3775/notes/1276_en_US_notes_people relationships___PART040_177.txt,/home/kamleshpatil/Desktop/Notes - PR and ontata/notes_app/output/Batch - 3 Final - P & R Notes/c1a24f0b3775/screenshots/1276 headed toKC this wknd plz let.jpg
c1a24f0b3775_1277,apparently key worried abt referral,5,renamed,/home/kamleshpatil/Desktop/Notes - PR and ontata/notes_app/output/Batch - 3 Final - P & R Notes/c1a24f0b3775/notes/1277_en_US_notes_people relationships___PART040_178.txt,/home/kamleshpatil/Desktop/Notes - PR and ontata/notes_app/output/Batch - 3 Final - P & R Notes/c1a24f0b3775/screenshots/1277 apparently key worried abt referral to s.jpg
c1a24f0b3775_1278,btw key,2,renamed,/home/kamleshpatil/Desktop/Notes - PR and ontata/notes_app/output/Batch - 3 Final - P & R Notes/c1a24f0b3775/notes/1278_en_US_notes_people relationships___PART040_179.txt,/home/kamleshpatil/Desktop/Notes - PR and ontata/notes_app/output/Batch - 3 Final - P & R Notes/c1a24f0b3775/screenshots/1278 btw key worried abt us ressupplying serv.jpg
c1a24f0b3775_1279,love is,2,renamed,/home/kamleshpatil/Desktop/Notes - PR and ontata/notes_app/output/Batch - 3 Final - P & R Notes/c1a24f0b3775/notes/1279_en_US_notes_people relationships___PART040_180.txt,/home/kamleshpatil/Desktop/Notes - PR and ontata/notes_app/output/Batch - 3 Final - P & R Notes/c1a24f0b3775/screenshots/1279 love is lobe tho.jpg
c1a24f0b3775_1280,call isabella,2,renamed,/home/kamleshpatil/Desktop/Notes - PR and ontata/notes_app/output/Batch - 3 Final - P & R Notes/c1a24f0b3775/notes/1280_en_US_notes_people relationships___PART041_181.txt,/home/kamleshpatil/Desktop/Notes - PR and ontata/notes_app/output/Batch - 3 Final - P & R Notes/c1a24f0b3775/screenshots/1280 call isabella vet tech today tmrw.jpg
c1a24f0b3775_1281,lol maddox,2,renamed,/home/kamleshpatil/Desktop/Notes - PR and ontata/notes_app/output/Batch - 3 Final - P & R Notes/c1a24f0b3775/notes/1281_en_US_notes_people relationships___PART041_182.txt,/home/kamleshpatil/Desktop/Notes - PR and ontata/notes_app/output/Batch - 3 Final - P & R Notes/c1a24f0b3775/screenshots/1281 lol Maddox is still frreakin 65.jpg
c1a24f0b3775_1282,frustrated bc,2,renamed,/home/kamleshpatil/Desktop/Notes - PR and ontata/notes_app/output/Batch - 3 Final - P & R Notes/c1a24f0b3775/notes/1282_en_US_notes_people relationships___PART041_183.txt,/home/kamleshpatil/Desktop/Notes - PR and ontata/notes_app/output/Batch - 3 Final - P & R Notes/c1a24f0b3775/screenshots/1282 frustrated bc our emergency fund is almo.jpg
c1a24f0b3775_1284,ezra said,2,renamed,/home/kamleshpatil/Desktop/Notes - PR and ontata/notes_app/output/Batch - 3 Final - P & R Notes/c1a24f0b3775/notes/1284_en_US_notes_people relationships___PART041_185.txt,/home/kamleshpatil/Desktop/Notes - PR and ontata/notes_app/output/Batch - 3 Final - P & R Notes/c1a24f0b3775/screenshots/1284 ezra said locker combo is 34-17-82 talke.jpg
c1a24f0b3775_1285,let supplier about hawaii packing list a,2,renamed,/home/kamleshpatil/Desktop/Notes - PR and ontata/notes_app/output/Batch - 3 Final - P & R Notes/c1a24f0b3775/notes/1285_en_US_notes_people relationships___PART041_186.txt,/home/kamleshpatil/Desktop/Notes - PR and ontata/notes_app/output/Batch - 3 Final - P & R Notes/c1a24f0b3775/screenshots/1285 ask supplier about hawaii packing list a.jpg
c1a24f0b3775_1286,what appts,2,renamed,/home/kamleshpatil/Desktop/Notes - PR and ontata/notes_app/output/Batch - 3 Final - P & R Notes/c1a24f0b3775/notes/1286_en_US_notes_people relationships___PART041_187.txt,/home/kamleshpatil/Desktop/Notes - PR and ontata/notes_app/output/Batch - 3 Final - P & R Notes/c1a24f0b3775/screenshots/1286 what appts for soren ther tmrw.jpg
c1a24f0b3775_1287,okay so,2,renamed,/home/kamleshpatil/Desktop/Notes - PR and ontata/notes_app/output/Batch - 3 Final - P & R Notes/c1a24f0b3775/notes/1287_en_US_notes_people relationships___PART041_188.txt,/home/kamleshpatil/Desktop/Notes - PR and ontata/notes_app/output/Batch - 3 Final - P & R Notes/c1a24f0b3775/screenshots/1287 okay so latest with petsitter isla said .jpg
c1a24f0b3775_1288,keep forgetting key,3,renamed,/home/kamleshpatil/Desktop/Notes - PR and ontata/notes_app/output/Batch - 3 Final - P & R Notes/c1a24f0b3775/notes/1288_en_US_notes_people relationships___PART041_189.txt,/home/kamleshpatil/Desktop/Notes - PR and ontata/notes_app/output/Batch - 3 Final - P & R Notes/c1a24f0b3775/screenshots/1288 keep forgetting key worried abt johns ne.jpg
c1a24f0b3775_1289,scheduled talked,2,renamed,/home/kamleshpatil/Desktop/Notes - PR and ontata/notes_app/output/Batch - 3 Final - P & R Notes/c1a24f0b3775/notes/1289_en_US_notes_people relationships___PART041_190.txt,/home/kamleshpatil/Desktop/Notes - PR and ontata/notes_app/output/Batch - 3 Final - P & R Notes/c1a24f0b3775/screenshots/1289 scheduled talked to my client Andre told.jpg
c1a24f0b3775_1290,told key,2,renamed,/home/kamleshpatil/Desktop/Notes - PR and ontata/notes_app/output/Batch - 3 Final - P & R Notes/c1a24f0b3775/notes/1290_en_US_notes_people relationships___PART041_191.txt,/home/kamleshpatil/Desktop/Notes - PR and ontata/notes_app/output/Batch - 3 Final - P & R Notes/c1a24f0b3775/screenshots/1290 told key excited about festival lineup w.jpg
c1a24f0b3775_1291,appetite for,2,renamed,/home/kamleshpatil/Desktop/Notes - PR and ontata/notes_app/output/Batch - 3 Final - P & R Notes/c1a24f0b3775/notes/1291_en_US_notes_people relationships___PART041_192.txt,/home/kamleshpatil/Desktop/Notes - PR and ontata/notes_app/output/Batch - 3 Final - P & R Notes/c1a24f0b3775/screenshots/1291 appetite for this albums been growin all.jpg
c1a24f0b3775_1292,est appt,2,renamed,/home/kamleshpatil/Desktop/Notes - PR and ontata/notes_app/output/Batch - 3 Final - P & R Notes/c1a24f0b3775/notes/1292_en_US_notes_people relationships___PART041_193.txt,/home/kamleshpatil/Desktop/Notes - PR and ontata/notes_app/output/Batch - 3 Final - P & R Notes/c1a24f0b3775/screenshots/1292 est appt for pup thursday ask girl bff i.jpg
c1a24f0b3775_1293,scheduled forgot,2,renamed,/home/kamleshpatil/Desktop/Notes - PR and ontata/notes_app/output/Batch - 3 Final - P & R Notes/c1a24f0b3775/notes/1293_en_US_notes_people relationships___PART041_194.txt,/home/kamleshpatil/Desktop/Notes - PR and ontata/notes_app/output/Batch - 3 Final - P & R Notes/c1a24f0b3775/screenshots/1293 scheduled forgot to ask grandpa about tu.jpg
c1a24f0b3775_1294,considering abt my runing list wo the in,3,renamed,/home/kamleshpatil/Desktop/Notes - PR and ontata/notes_app/output/Batch - 3 Final - P & R Notes/c1a24f0b3775/notes/1294_en_US_notes_people relationships___PART041_195.txt,/home/kamleshpatil/Desktop/Notes - PR and ontata/notes_app/output/Batch - 3 Final - P & R Notes/c1a24f0b3775/screenshots/1294 thinking abt my runing list wo the ingre.jpg
c1a24f0b3775_1295,call lyra,2,renamed,/home/kamleshpatil/Desktop/Notes - PR and ontata/notes_app/output/Batch - 3 Final - P & R Notes/c1a24f0b3775/notes/1295_en_US_notes_people relationships___PART041_196.txt,/home/kamleshpatil/Desktop/Notes - PR and ontata/notes_app/output/Batch - 3 Final - P & R Notes/c1a24f0b3775/screenshots/1295 call lyra tmrw 4567890123.jpg
c1a24f0b3775_1296,tell small grroup buddy about otiss wier,2,renamed,/home/kamleshpatil/Desktop/Notes - PR and ontata/notes_app/output/Batch - 3 Final - P & R Notes/c1a24f0b3775/notes/1296_en_US_notes_people relationships___PART041_197.txt,/home/kamleshpatil/Desktop/Notes - PR and ontata/notes_app/output/Batch - 3 Final - P & R Notes/c1a24f0b3775/screenshots/1296 ask small grroup buddy about otiss wierd.jpg
c1a24f0b3775_1297,update on baby,3,renamed,/home/kamleshpatil/Desktop/Notes - PR and ontata/notes_app/output/Batch - 3 Final - P & R Notes/c1a24f0b3775/notes/1297_en_US_notes_people relationships___PART041_198.txt,/home/kamleshpatil/Desktop/Notes - PR and ontata/notes_app/output/Batch - 3 Final - P & R Notes/c1a24f0b3775/screenshots/1297 update on baby skyla.jpg
c1a24f0b3775_1298,told faith,2,renamed,/home/kamleshpatil/Desktop/Notes - PR and ontata/notes_app/output/Batch - 3 Final - P & R Notes/c1a24f0b3775/notes/1298_en_US_notes_people relationships___PART041_199.txt,/home/kamleshpatil/Desktop/Notes - PR and ontata/notes_app/output/Batch - 3 Final - P & R Notes/c1a24f0b3775/screenshots/1298 told faith id be canceling subscription .jpg
c1a24f0b3775_1299,spouse txted,2,renamed,/home/kamleshpatil/Desktop/Notes - PR and ontata/notes_app/output/Batch - 3 Final - P & R Notes/c1a24f0b3775/notes/1299_en_US_notes_people relationships___PART041_200.txt,/home/kamleshpatil/Desktop/Notes - PR and ontata/notes_app/output/Batch - 3 Final - P & R Notes/c1a24f0b3775/screenshots/1299 spouse txted saying plumber estimate is .jpg
c1a24f0b3775_1300,law firm,2,renamed,/home/kamleshpatil/Desktop/Notes - PR and ontata/notes_app/output/Batch - 3 Final - P & R Notes/c1a24f0b3775/notes/1300_en_US_notes_people relationships___PART042_201.txt,/home/kamleshpatil/Desktop/Notes - PR and ontata/notes_app/output/Batch - 3 Final - P & R Notes/c1a24f0b3775/screenshots/1300 law firm appt alredy sent tmrw at 2.jpg
c1a24f0b3775_1301,fr app,2,renamed,/home/kamleshpatil/Desktop/Notes - PR and ontata/notes_app/output/Batch - 3 Final - P & R Notes/c1a24f0b3775/notes/1301_en_US_notes_people relationships___PART042_202.txt,/home/kamleshpatil/Desktop/Notes - PR and ontata/notes_app/output/Batch - 3 Final - P & R Notes/c1a24f0b3775/screenshots/1301 fr app still crasing rn.jpg
c1a24f0b3775_1303,wont forget abt tomorow evening,4,renamed,/home/kamleshpatil/Desktop/Notes - PR and ontata/notes_app/output/Batch - 3 Final - P & R Notes/c1a24f0b3775/notes/1303_en_US_notes_people relationships___PART042_204.txt,/home/kamleshpatil/Desktop/Notes - PR and ontata/notes_app/output/Batch - 3 Final - P & R Notes/c1a24f0b3775/screenshots/1303 dont forget abt tomorow evening.jpg
c1a24f0b3775_1305,pondering abt if on ex-girlfriend she re,3,renamed,/home/kamleshpatil/Desktop/Notes - PR and ontata/notes_app/output/Batch - 3 Final - P & R Notes/c1a24f0b3775/notes/1305_en_US_notes_people relationships___PART042_206.txt,/home/kamleshpatil/Desktop/Notes - PR and ontata/notes_app/output/Batch - 3 Final - P & R Notes/c1a24f0b3775/screenshots/1305 wondering if on ex-girlfriend she recomm.jpg
c1a24f0b3775_1306,apparently key worried abt conflict,5,renamed,/home/kamleshpatil/Desktop/Notes - PR and ontata/notes_app/output/Batch - 3 Final - P & R Notes/c1a24f0b3775/notes/1306_en_US_notes_people relationships___PART042_207.txt,/home/kamleshpatil/Desktop/Notes - PR and ontata/notes_app/output/Batch - 3 Final - P & R Notes/c1a24f0b3775/screenshots/1306 apparently key worried abt conflict with.jpg
c1a24f0b3775_1307,step son,2,renamed,/home/kamleshpatil/Desktop/Notes - PR and ontata/notes_app/output/Batch - 3 Final - P & R Notes/c1a24f0b3775/notes/1307_en_US_notes_people relationships___PART042_208.txt,/home/kamleshpatil/Desktop/Notes - PR and ontata/notes_app/output/Batch - 3 Final - P & R Notes/c1a24f0b3775/screenshots/1307 step-son said didnt like.jpg
c1a24f0b3775_1310,maybe had,2,renamed,/home/kamleshpatil/Desktop/Notes - PR and ontata/notes_app/output/Batch - 3 Final - P & R Notes/c1a24f0b3775/notes/1310_en_US_notes_people relationships___PART042_211.txt,/home/kamleshpatil/Desktop/Notes - PR and ontata/notes_app/output/Batch - 3 Final - P & R Notes/c1a24f0b3775/screenshots/1310 maybe had the best cooking idea gonna ma.jpg
c1a24f0b3775_1312,maybe bestie,2,renamed,/home/kamleshpatil/Desktop/Notes - PR and ontata/notes_app/output/Batch - 3 Final - P & R Notes/c1a24f0b3775/notes/1312_en_US_notes_people relationships___PART042_213.txt,/home/kamleshpatil/Desktop/Notes - PR and ontata/notes_app/output/Batch - 3 Final - P & R Notes/c1a24f0b3775/screenshots/1312 maybe bestie can walk with me tmrw.jpg
c1a24f0b3775_1314,lyra is,2,renamed,/home/kamleshpatil/Desktop/Notes - PR and ontata/notes_app/output/Batch - 3 Final - P & R Notes/c1a24f0b3775/notes/1314_en_US_notes_people relationships___PART042_215.txt,/home/kamleshpatil/Desktop/Notes - PR and ontata/notes_app/output/Batch - 3 Final - P & R Notes/c1a24f0b3775/screenshots/1314 lyra is strugglin with parient.jpg
c1a24f0b3775_1315,victoria my,2,renamed,/home/kamleshpatil/Desktop/Notes - PR and ontata/notes_app/output/Batch - 3 Final - P & R Notes/c1a24f0b3775/notes/1315_en_US_notes_people relationships___PART042_216.txt,/home/kamleshpatil/Desktop/Notes - PR and ontata/notes_app/output/Batch - 3 Final - P & R Notes/c1a24f0b3775/screenshots/1315 victoria my lab patner still didnt send .jpg
c1a24f0b3775_1322,emilia my,2,renamed,/home/kamleshpatil/Desktop/Notes - PR and ontata/notes_app/output/Batch - 3 Final - P & R Notes/c1a24f0b3775/notes/1322_en_US_notes_people relationships___PART043_223.txt,/home/kamleshpatil/Desktop/Notes - PR and ontata/notes_app/output/Batch - 3 Final - P & R Notes/c1a24f0b3775/screenshots/1322 emilia my old mentor says.jpg
c1a24f0b3775_1330,latest with my mil,4,renamed,/home/kamleshpatil/Desktop/Notes - PR and ontata/notes_app/output/Batch - 3 Final - P & R Notes/c1a24f0b3775/notes/1330_en_US_notes_people relationships___PART043_231.txt,/home/kamleshpatil/Desktop/Notes - PR and ontata/notes_app/output/Batch - 3 Final - P & R Notes/c1a24f0b3775/screenshots/1330 latest with my MIL deShawn.jpg
c1a24f0b3775_1332,im going,2,renamed,/home/kamleshpatil/Desktop/Notes - PR and ontata/notes_app/output/Batch - 3 Final - P & R Notes/c1a24f0b3775/notes/1332_en_US_notes_people relationships___PART043_233.txt,/home/kamleshpatil/Desktop/Notes - PR and ontata/notes_app/output/Batch - 3 Final - P & R Notes/c1a24f0b3775/screenshots/1332 im going crazy bc.jpg
d297d9072680 - B2-1_1100,about to schedule appt,3,renamed,/home/kamleshpatil/Desktop/Notes - PR and ontata/notes_app/output/Batch - 3 Final - P & R Notes/d297d9072680 - B2-1/notes/1100_en_US_notes_people relationships___PART032_1.txt,/home/kamleshpatil/Desktop/Notes - PR and ontata/notes_app/output/Batch - 3 Final - P & R Notes/d297d9072680 - B2-1/screenshots/1100 need to schedule appt.jpg
d297d9072680 - B2-1_1101,need to cancel,3,renamed,/home/kamleshpatil/Desktop/Notes - PR and ontata/notes_app/output/Batch - 3 Final - P & R Notes/d297d9072680 - B2-1/notes/1101_en_US_notes_people relationships___PART032_2.txt,/home/kamleshpatil/Desktop/Notes - PR and ontata/notes_app/output/Batch - 3 Final - P & R Notes/d297d9072680 - B2-1/screenshots/1101 need to cancel gym membership.jpg
d297d9072680 - B2-1_1102,anyway stressed bc nalani,2,renamed,/home/kamleshpatil/Desktop/Notes - PR and ontata/notes_app/output/Batch - 3 Final - P & R Notes/d297d9072680 - B2-1/notes/1102_en_US_notes_people relationships___PART032_3.txt,/home/kamleshpatil/Desktop/Notes - PR and ontata/notes_app/output/Batch - 3 Final - P & R Notes/d297d9072680 - B2-1/screenshots/1102 so stressed bc nalani.jpg
d297d9072680 - B2-1_1103,honestly talked to bodhi about lunch spo,4,renamed,/home/kamleshpatil/Desktop/Notes - PR and ontata/notes_app/output/Batch - 3 Final - P & R Notes/d297d9072680 - B2-1/notes/1103_en_US_notes_people relationships___PART032_4.txt,/home/kamleshpatil/Desktop/Notes - PR and ontata/notes_app/output/Batch - 3 Final - P & R Notes/d297d9072680 - B2-1/screenshots/1103 just talked to bodhi about lunch spots g.jpg
d297d9072680 - B2-1_1104,trying to confirm fade booking with,3,renamed,/home/kamleshpatil/Desktop/Notes - PR and ontata/notes_app/output/Batch - 3 Final - P & R Notes/d297d9072680 - B2-1/notes/1104_en_US_notes_people relationships___PART032_5.txt,/home/kamleshpatil/Desktop/Notes - PR and ontata/notes_app/output/Batch - 3 Final - P & R Notes/d297d9072680 - B2-1/screenshots/1104 need to confirm fade booking with.jpg
d297d9072680 - B2-1_1105,heard about the parade route map from ci,2,renamed,/home/kamleshpatil/Desktop/Notes - PR and ontata/notes_app/output/Batch - 3 Final - P & R Notes/d297d9072680 - B2-1/notes/1105_en_US_notes_people relationships___PART032_6.txt,/home/kamleshpatil/Desktop/Notes - PR and ontata/notes_app/output/Batch - 3 Final - P & R Notes/d297d9072680 - B2-1/screenshots/1105 got the parade route map from city hall.jpg
d297d9072680 - B2-1_1106,also tired rn,2,renamed,/home/kamleshpatil/Desktop/Notes - PR and ontata/notes_app/output/Batch - 3 Final - P & R Notes/d297d9072680 - B2-1/notes/1106_en_US_notes_people relationships___PART032_7.txt,/home/kamleshpatil/Desktop/Notes - PR and ontata/notes_app/output/Batch - 3 Final - P & R Notes/d297d9072680 - B2-1/screenshots/1106 so tired rn.jpg
d297d9072680 - B2-1_1107,tryna fill out zions school forms rn,2,renamed,/home/kamleshpatil/Desktop/Notes - PR and ontata/notes_app/output/Batch - 3 Final - P & R Notes/d297d9072680 - B2-1/notes/1107_en_US_notes_people relationships___PART032_8.txt,/home/kamleshpatil/Desktop/Notes - PR and ontata/notes_app/output/Batch - 3 Final - P & R Notes/d297d9072680 - B2-1/screenshots/1107 gotta fill out zions school forms rn.jpg
d297d9072680 - B2-1_1108,have to fill out school,3,renamed,/home/kamleshpatil/Desktop/Notes - PR and ontata/notes_app/output/Batch - 3 Final - P & R Notes/d297d9072680 - B2-1/notes/1108_en_US_notes_people relationships___PART032_9.txt,/home/kamleshpatil/Desktop/Notes - PR and ontata/notes_app/output/Batch - 3 Final - P & R Notes/d297d9072680 - B2-1/screenshots/1108 need to fill out school.jpg
d297d9072680 - B2-1_1109,gotta call ana bc,4,renamed,/home/kamleshpatil/Desktop/Notes - PR and ontata/notes_app/output/Batch - 3 Final - P & R Notes/d297d9072680 - B2-1/notes/1109_en_US_notes_people relationships___PART032_10.txt,/home/kamleshpatil/Desktop/Notes - PR and ontata/notes_app/output/Batch - 3 Final - P & R Notes/d297d9072680 - B2-1/screenshots/1109 gotta call ana bc ac broken at home ask.jpg
d297d9072680 - B2-1_1110,have to get key copied at hardware store,4,renamed,/home/kamleshpatil/Desktop/Notes - PR and ontata/notes_app/output/Batch - 3 Final - P & R Notes/d297d9072680 - B2-1/notes/1110_en_US_notes_people relationships___PART032_11.txt,/home/kamleshpatil/Desktop/Notes - PR and ontata/notes_app/output/Batch - 3 Final - P & R Notes/d297d9072680 - B2-1/screenshots/1110 need to get key copied at hardware store.jpg
d297d9072680 - B2-1_1111,gettin to tell amari my auto guy,4,renamed,/home/kamleshpatil/Desktop/Notes - PR and ontata/notes_app/output/Batch - 3 Final - P & R Notes/d297d9072680 - B2-1/notes/1111_en_US_notes_people relationships___PART032_12.txt,/home/kamleshpatil/Desktop/Notes - PR and ontata/notes_app/output/Batch - 3 Final - P & R Notes/d297d9072680 - B2-1/screenshots/1111 need to tell amari my auto guy.jpg
d297d9072680 - B2-1_1112,got a big,3,renamed,/home/kamleshpatil/Desktop/Notes - PR and ontata/notes_app/output/Batch - 3 Final - P & R Notes/d297d9072680 - B2-1/notes/1112_en_US_notes_people relationships___PART032_13.txt,/home/kamleshpatil/Desktop/Notes - PR and ontata/notes_app/output/Batch - 3 Final - P & R Notes/d297d9072680 - B2-1/screenshots/1112 got a big shipment coming in today.jpg
d297d9072680 - B2-1_1113,meant to call treasure the vet at petsma,3,renamed,/home/kamleshpatil/Desktop/Notes - PR and ontata/notes_app/output/Batch - 3 Final - P & R Notes/d297d9072680 - B2-1/notes/1113_en_US_notes_people relationships___PART032_14.txt,/home/kamleshpatil/Desktop/Notes - PR and ontata/notes_app/output/Batch - 3 Final - P & R Notes/d297d9072680 - B2-1/screenshots/1113 gotta call treasure the vet at petsmart.jpg
d297d9072680 - B2-1_1114,fixing to give esmeralda the new gaate,2,renamed,/home/kamleshpatil/Desktop/Notes - PR and ontata/notes_app/output/Batch - 3 Final - P & R Notes/d297d9072680 - B2-1/notes/1114_en_US_notes_people relationships___PART032_15.txt,/home/kamleshpatil/Desktop/Notes - PR and ontata/notes_app/output/Batch - 3 Final - P & R Notes/d297d9072680 - B2-1/screenshots/1114 gotta give esmeralda the new gaate.jpg
d297d9072680 - B2-1_1115,fyi talked to aaliyah about,4,renamed,/home/kamleshpatil/Desktop/Notes - PR and ontata/notes_app/output/Batch - 3 Final - P & R Notes/d297d9072680 - B2-1/notes/1115_en_US_notes_people relationships___PART032_16.txt,/home/kamleshpatil/Desktop/Notes - PR and ontata/notes_app/output/Batch - 3 Final - P & R Notes/d297d9072680 - B2-1/screenshots/1115 just talked to aaliyah about.jpg
d297d9072680 - B2-1_1116,meant to confirm 2moro interview,2,renamed,/home/kamleshpatil/Desktop/Notes - PR and ontata/notes_app/output/Batch - 3 Final - P & R Notes/d297d9072680 - B2-1/notes/1116_en_US_notes_people relationships___PART032_17.txt,/home/kamleshpatil/Desktop/Notes - PR and ontata/notes_app/output/Batch - 3 Final - P & R Notes/d297d9072680 - B2-1/screenshots/1116 gotta confirm 2moro interview.jpg
d297d9072680 - B2-1_1117,just finished,2,renamed,/home/kamleshpatil/Desktop/Notes - PR and ontata/notes_app/output/Batch - 3 Final - P & R Notes/d297d9072680 - B2-1/notes/1117_en_US_notes_people relationships___PART032_18.txt,/home/kamleshpatil/Desktop/Notes - PR and ontata/notes_app/output/Batch - 3 Final - P & R Notes/d297d9072680 - B2-1/screenshots/1117 just finished debugging invoice tracker .jpg
d297d9072680 - B2-1_1118,need to ask our,4,renamed,/home/kamleshpatil/Desktop/Notes - PR and ontata/notes_app/output/Batch - 3 Final - P & R Notes/d297d9072680 - B2-1/notes/1118_en_US_notes_people relationships___PART032_19.txt,/home/kamleshpatil/Desktop/Notes - PR and ontata/notes_app/output/Batch - 3 Final - P & R Notes/d297d9072680 - B2-1/screenshots/1118 need to ask our sitter otis to.jpg
d297d9072680 - B2-1_1119,heads up my main man ashers been holding,3,renamed,/home/kamleshpatil/Desktop/Notes - PR and ontata/notes_app/output/Batch - 3 Final - P & R Notes/d297d9072680 - B2-1/notes/1119_en_US_notes_people relationships___PART032_20.txt,/home/kamleshpatil/Desktop/Notes - PR and ontata/notes_app/output/Batch - 3 Final - P & R Notes/d297d9072680 - B2-1/screenshots/1119 so my main man ashers been holding onto .jpg
d297d9072680 - B2-1_1120,supposed to send anniversary note to rob,2,renamed,/home/kamleshpatil/Desktop/Notes - PR and ontata/notes_app/output/Batch - 3 Final - P & R Notes/d297d9072680 - B2-1/notes/1120_en_US_notes_people relationships___PART033_21.txt,/home/kamleshpatil/Desktop/Notes - PR and ontata/notes_app/output/Batch - 3 Final - P & R Notes/d297d9072680 - B2-1/screenshots/1120 gotta send anniversary note to robert.jpg
d297d9072680 - B2-1_1121,worrying about,2,renamed,/home/kamleshpatil/Desktop/Notes - PR and ontata/notes_app/output/Batch - 3 Final - P & R Notes/d297d9072680 - B2-1/notes/1121_en_US_notes_people relationships___PART033_22.txt,/home/kamleshpatil/Desktop/Notes - PR and ontata/notes_app/output/Batch - 3 Final - P & R Notes/d297d9072680 - B2-1/screenshots/1121 worrying about vacation plans with.jpg
d297d9072680 - B2-1_1122,just got a,3,renamed,/home/kamleshpatil/Desktop/Notes - PR and ontata/notes_app/output/Batch - 3 Final - P & R Notes/d297d9072680 - B2-1/notes/1122_en_US_notes_people relationships___PART033_23.txt,/home/kamleshpatil/Desktop/Notes - PR and ontata/notes_app/output/Batch - 3 Final - P & R Notes/d297d9072680 - B2-1/screenshots/1122 just got a pic of isaac holdin.jpg
d297d9072680 - B2-1_1123,gotta cakl,2,renamed,/home/kamleshpatil/Desktop/Notes - PR and ontata/notes_app/output/Batch - 3 Final - P & R Notes/d297d9072680 - B2-1/notes/1123_en_US_notes_people relationships___PART033_24.txt,/home/kamleshpatil/Desktop/Notes - PR and ontata/notes_app/output/Batch - 3 Final - P & R Notes/d297d9072680 - B2-1/screenshots/1123 gotta cakl oakley.jpg
d297d9072680 - B2-1_1125,actually talked to river about new produ,4,renamed,/home/kamleshpatil/Desktop/Notes - PR and ontata/notes_app/output/Batch - 3 Final - P & R Notes/d297d9072680 - B2-1/notes/1125_en_US_notes_people relationships___PART033_26.txt,/home/kamleshpatil/Desktop/Notes - PR and ontata/notes_app/output/Batch - 3 Final - P & R Notes/d297d9072680 - B2-1/screenshots/1125 just talked to river about new product.jpg
d297d9072680 - B2-1_1128,about to restock purina at pet store,2,renamed,/home/kamleshpatil/Desktop/Notes - PR and ontata/notes_app/output/Batch - 3 Final - P & R Notes/d297d9072680 - B2-1/notes/1128_en_US_notes_people relationships___PART033_29.txt,/home/kamleshpatil/Desktop/Notes - PR and ontata/notes_app/output/Batch - 3 Final - P & R Notes/d297d9072680 - B2-1/screenshots/1128 gotta restock purina at pet store.jpg
d297d9072680 - B2-1_1129,so happy,2,renamed,/home/kamleshpatil/Desktop/Notes - PR and ontata/notes_app/output/Batch - 3 Final - P & R Notes/d297d9072680 - B2-1/notes/1129_en_US_notes_people relationships___PART033_30.txt,/home/kamleshpatil/Desktop/Notes - PR and ontata/notes_app/output/Batch - 3 Final - P & R Notes/d297d9072680 - B2-1/screenshots/1129 so happy dontae my best friend is drivin.jpg
